lat,lng,state,name,address,phone,email,website,contact_person,evitp_listing_url,source,scraped_at
34.003495,-85.979961,alabama,"A & S Electrical Contractors, Inc.","906 Nuckolls Street, P O Box 2026, Gadsden, AL 35903, USA",2563127258,jmeans@aselectrical.net,https://aselectrical.net/,Jud Means,https://evitp.org/alabama/listing/a-s-electrical-contractors-inc,evitp.org,2026-08-31
32.318231,-86.902298,alabama,Allstate Sales Group,"Alabama, USA",7323355588,aabadie@asginc.us,https://www.asginc.us/,Anne Abadie,https://evitp.org/alabama/listing/allstate-sales-group,evitp.org,2026-08-31
34.868771,-87.547186,alabama,"Apex Electrical Services, LLC","190 Lakeside Drive, Killen, AL 35645, USA",2567402339,thomas.hamm@outlook.com,,Thomas Hamm,https://evitp.org/alabama/listing/apex-electrical-services-llc,evitp.org,2026-08-31
32.318231,-86.902298,alabama,Apollo Sign and Light,"Alabama, USA",8644107373,fbullington@apollosign.com,https://apollosign.com/,Frankie Bullington,https://evitp.org/alabama/listing/apollo-sign-and-light,evitp.org,2026-08-31
33.408931,-86.964272,alabama,"Astro Electric Company, Inc.","1127 19th Street North, Bessemer, AL, 35020, USA",2054240060,crolandj@bellsouth.net,,Charles R. Jones,https://evitp.org/alabama/listing/astro-electric-company-inc,evitp.org,2026-08-31
34.912886,-87.669676,alabama,"B Electric, Inc.","6644 State Highway 17, Florence, AL 35634, USA",2563660369,jbowles@belectricinc.com,,James Bowles,https://evitp.org/alabama/listing/b-electric-inc,evitp.org,2026-08-31
32.318231,-86.902298,alabama,"Beltline Electric Co., inc.","Alabama, USA",2709297118,rdaniel@beltlineservices.com,https://beltlineelectric.com/,,https://evitp.org/alabama/listing/beltline-electric-co-inc,evitp.org,2026-08-31
34.76963,-87.482741,alabama,"Branyon Electric, LLC.","2590 Mount Pleasant Road, Muscle Shoals, AL, 35661 USA",2566331702,branyonelectric@gmail.com,,Michael Branyon,https://evitp.org/alabama/listing/branyon-electric-llc,evitp.org,2026-08-31
32.318231,-86.902298,alabama,"Capital City Electrical Services, LLC","Alabama, USA",4044294449,,https://www.ccelect.com/,Jim Johnson,https://evitp.org/alabama/listing/capital-city-electrical-services-llc,evitp.org,2026-08-31
32.385606,-86.317825,alabama,Conti LLC.,"Alabama, USA",5868551135,jmetzger@conticorporation.com,http://conticorporation.com/,James Metzger,https://evitp.org/alabama/listing/conti-llc,evitp.org,2026-08-31
32.318231,-86.902298,alabama,"EMS Electric, LLC.","Alabama, USA",13183760976,josh@emselectric.com,http://emselectric.com/,Josh Palmer,https://evitp.org/alabama/listing/ems-electric-llc,evitp.org,2026-08-31
34.731705,-86.872262,alabama,"Encore Electrical Services,LLC","12021 Southern Charm Boulevard, Madison, AL, 35756, USA",,,https://encoreelectricalservices.com/,,https://evitp.org/alabama/listing/encore-electrical-servicesllc,evitp.org,2026-08-31
34.768533,-87.672253,alabama,"Garnet Electric Co., Inc.","1615 East State Street, Sheffield, AL, 35660, USA",2563814062,jskipworth@garnetelectric.com,http://garnetelectric.com/,Jerrold Skipworth,https://evitp.org/alabama/listing/garnet-electric-co-inc,evitp.org,2026-08-31
32.392477,-86.396927,alabama,"Greers Electric, inc.","Alabama, USA",6628375751,justin@greerelectric.com,https://greerselectric.com/,Justin Greer,https://evitp.org/alabama/listing/greers-electric-inc,evitp.org,2026-08-31
30.611679,-88.155155,alabama,"Gulf Electric, Co., Inc. of Mobile","4917 Halls Mill Road, Mobile, AL, 36693, USA",2516660654,Bfreeman@gulfelec.com,http://gulfelec.com/,Brian Freeman,https://evitp.org/alabama/listing/gulf-electric-co-inc-of-mobile,evitp.org,2026-08-31
32.318231,-86.902298,alabama,Income Power,"Alabama, USA",8088662118,plloyd@incomepowerllc.com,https://www.incomepowerllc.com/,Patrick Lloyd,https://evitp.org/alabama/listing/income-power,evitp.org,2026-08-31
32.318231,-86.902298,alabama,"Iteris, Inc.","Alabama, USA",6576528288,bakerley@iteris.com,https://www.iteris.com/,Brian Akerley,https://evitp.org/alabama/listing/iteris-inc,evitp.org,2026-08-31
32.399434,-86.361221,alabama,"J.Ranck Electric, Inc.","Alabama, USA",9312074354,swalker@jranck.com,https://www.jranck.com/,Scott Walker,https://evitp.org/alabama/listing/j-ranck-electric-inc,evitp.org,2026-08-31
32.318231,-86.902298,alabama,Lightserve Corp,"Alabama, USA",2057323766,andrew.honeycutt@light-serve.com,https://www.light-serve.com/,Andrew Honeycutt,https://evitp.org/alabama/listing/lightserve-corp,evitp.org,2026-08-31
32.318231,-86.902298,alabama,Matrix NAC,"Alabama, USA",6108769292,stevenlamastra@matrixservicecompany.com,https://www.matrixnac.com/,Steven LaMastra,https://evitp.org/alabama/listing/matrix-nac,evitp.org,2026-08-31
33.294181,-86.798801,alabama,Miller Electric Company,"200 Commerce Drive , Pelham, AL, 35124 USA",9048324423,mhall@mecojax.com,https://www.mecojax.com/,Mike Hall,https://evitp.org/alabama/listing/miller-electric-company,evitp.org,2026-08-31
32.318231,-86.902298,alabama,MSH Electrical Services,"Alabama, USA",6017915286,jason.anders@mshelectrical.com,https://mshproperties-llc.com/,Jason Anders,https://evitp.org/alabama/listing/msh-electrical-services,evitp.org,2026-08-31
32.3774,-86.425766,alabama,New River Electrical Corporation,"Alabama, USA",5405267501,ahartsfield@nrec.net,https://www.newriverelectrical.com/,Jonathan Aaron Hartsfield,https://evitp.org/alabama/listing/new-river-electrical-corporation,evitp.org,2026-08-31
32.318231,-86.902298,alabama,Parsons Electric,"Alabama, USA",7635287670,brad.bacon@pecsolutions.com,https://www.pecsolutions.com/,Brad Bacon,https://evitp.org/alabama/listing/parsons-electric,evitp.org,2026-08-31
32.318231,-86.902298,alabama,"Prime Power Solutions, Inc.","Alabama, USA",7069705548,eshaffer@primeretailservices.com,https://primeretailservices.com/,Robert E. Shaffer,https://evitp.org/alabama/listing/prime-power-solutions-llc,evitp.org,2026-08-31
31.968599,-99.901813,alabama,PrimeTech Automation,"Texas, USA",5804301514,jonnier@primetechtx.com,https://primetechtx.com/,Jonnie Reed,https://evitp.org/alabama/listing/primetech-automation,evitp.org,2026-08-31
32.383199,-86.372208,alabama,SG Energy Solutions,"Alabama, USA",3134028816,dsiders@sgenergysolutions.com,https://www.sg-solutionsgroup.com/,Desmen Siders,https://evitp.org/alabama/listing/sg-energy-solutions,evitp.org,2026-08-31
32.318231,-86.902298,alabama,"Shambaugh and Son, L.P.","Alabama, USA",2604877846,dhearld@shambaugh.com,https://shambaugh.com/,Douglas M. Hearld,https://evitp.org/alabama/listing/shambaugh-and-son-l-p,evitp.org,2026-08-31
34.747801,-87.66446,alabama,"Shoals Electric Company, Inc.","704 Davison Avenue, Muscle Shoals, AL, 35661, USA",2563814146,ftubbs@shoalselectric.com,http://shoalselectric.com/,Frankie J. Tubbs,https://evitp.org/alabama/listing/shoals-electric-company-inc,evitp.org,2026-08-31
32.318231,-86.902298,alabama,The Oscar W. Larson Company,"Alabama, USA",8103974757,justin.spence@owlservices.com,https://www.larsonco.com/+,Justin Spence,https://evitp.org/alabama/listing/the-oscar-w-larson-company,evitp.org,2026-08-31
32.318231,-86.902298,alabama,The State Group Industrial (USA) Limited,"Alabama, USA",5869921572,Michigan.estimating@stategroup.com,https://stategroup.com/,Gino Robinet – Statewide Coordinator,https://evitp.org/alabama/listing/the-state-group,evitp.org,2026-08-31
32.318231,-86.902298,alabama,"Tilson Technology Management, Inc.","Alabama, USA",4343901227,jaman@tilsontech.com,https://tilsontech.com/,Jeffrey Aman,https://evitp.org/alabama/listing/tilson-technology-management-inc,evitp.org,2026-08-31
32.318231,-86.902298,alabama,"Unity Works Solutions, LLC","Alabama, USA",2057323766,andrew.honeycutt@unityws.com,https://unityworkslighting.com/,Andrew Honeycutt,https://evitp.org/alabama/listing/unity-works-solutions-llc,evitp.org,2026-08-31
32.318231,-86.902298,alabama,"Walter J. Barnes Electric Co., Inc.","Alabama, USA",5048351756,info@wjbe.com,http://wjbe.com/,Nick Gagliano,https://evitp.org/alabama/listing/walter-j-barnes-electric-co-inc,evitp.org,2026-08-31
32.318231,-86.902298,alabama,"Weaver Electric, Inc.","Alabama, USA",2282657740,,,Scott F. Smith,https://evitp.org/alabama/listing/weaver-electric-inc,evitp.org,2026-08-31
34.730369,-86.586104,alabama,White Electrical Construction Company,"Huntsville, AL, USA",4233268536,rzink@white-electrical.com,http://www.white-electrical.com/,Rod Zink,https://evitp.org/alabama/listing/white-electrical-construction-company-1,evitp.org,2026-08-31
34.699348,-87.668227,alabama,Williams Electric & Line Construction,"706 U.S. 43, Tuscumbia, AL, 35674, USA",2563830414,ron@williamsele.net,https://williamsele.net/,"Ron Weaver              
             
                             
         
     
 
         
     
     
         
             
                  Redo search when map moved 
             
              
         
     
 
 
 
 
     
         Showing 37 results 
     
  
 
 											 

									 
					 
			 
   
    

	 
		 

			 
	 
		
		 
			 

				
 
			 
			 			  
	   


 
 

 
	   


The Electric Vehicle Infrastructure Training Program (EVITP) provides training and certification for electricians installing electric vehicle supply equipment (EVSE).  
		 		 
			 
					 
			 
			 			  
		 		 
			 
			  Contact Info 			  
	 
		 
			  		 
	 
	  Canada: www.NETCO.org 
 

 
	 
		 
			  		 
	 
	  United States:  EVITP, 811 N. Main Street, Suite 202,                     Royal Oak, MI  48067
 
 

 
	 
		 
			  		 
	 
	   info@evitp.org 
  
		 		 
	 			 
		 
		 
 


 
			 
			 

			
			 

			 
	 
		 Copyright © 2026 EVITP - ALL RIGHTS RESERVED -  TERMS OF USE  	 
	 
			 
 
			 

				 
		 
	 
		 
	 

   
   
 
{""prefetch"":[{""source"":""document"",""where"":{""and"":[{""href_matches"":""/*""},{""not"":{""href_matches"":[""/wp-*.php"",""/wp-admin/*"",""/wp-content/uploads/*"",""/wp-content/*"",""/wp-content/plugins/*"",""/wp-content/themes/siennawp/*"",""/*\\?(.+)""]}},{""not"":{""selector_matches"":""a[rel~=\""nofollow\""]""}},{""not"":{""selector_matches"":"".no-prefetch, .no-prefetch a""}}]},""eagerness"":""conservative""}]}
 
		  
		 
jQuery(document).ready(function($) {
SABAI.init($(""#sabai-content""));
});
   
  
  
  
  
  
  
 
wp.i18n.setLocaleData( { 'text direction\u0004ltr': [ 'ltr' ] } );
//# sourceURL=wp-i18n-js-after
 
  
 
var wpcf7 = {
    ""api"": {
        ""root"": ""https:\/\/evitp.org\/wp-json\/"",
        ""namespace"": ""contact-form-7\/v1""
    }
};
//# sourceURL=contact-form-7-js-before
 
  
 
var cf7appsHoneypotRefill = {""forceRefillOnInit"":""""};
//# sourceURL=cf7apps-honeypot-refill-js-extra
 
  
  
  
 
var mejsL10n = {""language"":""en"",""strings"":{""mejs.download-file"":""Download File"",""mejs.install-flash"":""You are using a browser that does not have Flash player enabled or installed. Please turn on your Flash player plugin or download the latest version from https://get.adobe.com/flashplayer/"",""mejs.fullscreen"":""Fullscreen"",""mejs.play"":""Play"",""mejs.pause"":""Pause"",""mejs.time-slider"":""Time Slider"",""mejs.time-help-text"":""Use Left/Right Arrow keys to advance one second, Up/Down arrows to advance ten seconds."",""mejs.live-broadcast"":""Live Broadcast"",""mejs.volume-help-text"":""Use Up/Down Arrow keys to increase or decrease volume."",""mejs.unmute"":""Unmute"",""mejs.mute"":""Mute"",""mejs.volume-slider"":""Volume Slider"",""mejs.video-player"":""Video Player"",""mejs.audio-player"":""Audio Player"",""mejs.captions-subtitles"":""Captions/Subtitles"",""mejs.captions-chapters"":""Chapters"",""mejs.none"":""None"",""mejs.afrikaans"":""Afrikaans"",""mejs.albanian"":""Albanian"",""mejs.arabic"":""Arabic"",""mejs.belarusian"":""Belarusian"",""mejs.bulgarian"":""Bulgarian"",""mejs.catalan"":""Catalan"",""mejs.chinese"":""Chinese"",""mejs.chinese-simplified"":""Chinese (Simplified)"",""mejs.chinese-traditional"":""Chinese (Traditional)"",""mejs.croatian"":""Croatian"",""mejs.czech"":""Czech"",""mejs.danish"":""Danish"",""mejs.dutch"":""Dutch"",""mejs.english"":""English"",""mejs.estonian"":""Estonian"",""mejs.filipino"":""Filipino"",""mejs.finnish"":""Finnish"",""mejs.french"":""French"",""mejs.galician"":""Galician"",""mejs.german"":""German"",""mejs.greek"":""Greek"",""mejs.haitian-creole"":""Haitian Creole"",""mejs.hebrew"":""Hebrew"",""mejs.hindi"":""Hindi"",""mejs.hungarian"":""Hungarian"",""mejs.icelandic"":""Icelandic"",""mejs.indonesian"":""Indonesian"",""mejs.irish"":""Irish"",""mejs.italian"":""Italian"",""mejs.japanese"":""Japanese"",""mejs.korean"":""Korean"",""mejs.latvian"":""Latvian"",""mejs.lithuanian"":""Lithuanian"",""mejs.macedonian"":""Macedonian"",""mejs.malay"":""Malay"",""mejs.maltese"":""Maltese"",""mejs.norwegian"":""Norwegian"",""mejs.persian"":""Persian"",""mejs.polish"":""Polish"",""mejs.portuguese"":""Portuguese"",""mejs.romanian"":""Romanian"",""mejs.russian"":""Russian"",""mejs.serbian"":""Serbian"",""mejs.slovak"":""Slovak"",""mejs.slovenian"":""Slovenian"",""mejs.spanish"":""Spanish"",""mejs.swahili"":""Swahili"",""mejs.swedish"":""Swedish"",""mejs.tagalog"":""Tagalog"",""mejs.thai"":""Thai"",""mejs.turkish"":""Turkish"",""mejs.ukrainian"":""Ukrainian"",""mejs.vietnamese"":""Vietnamese"",""mejs.welsh"":""Welsh"",""mejs.yiddish"":""Yiddish""}};
//# sourceURL=mediaelement-core-js-before
 
  
  
 
var _wpmejsSettings = {""pluginPath"":""/wp-includes/js/mediaelement/"",""classPrefix"":""mejs-"",""stretching"":""responsive"",""audioShortcodeLibrary"":""mediaelement"",""videoShortcodeLibrary"":""mediaelement""};
//# sourceURL=mediaelement-js-extra
 
  
  
  
  
  
  
  
  
  
  
  
  
  
  
  
  
  
  
  
  
  
  
  
  
  
  
  
  
  
  
  
  
 
var mkdfGlobalVars = {""vars"":{""mkdfAddForAdminBar"":0,""mkdfElementAppearAmount"":-150,""mkdfFinishedMessage"":""No more posts"",""mkdfMessage"":""Loading new posts..."",""mkdfTopBarHeight"":42,""mkdfStickyHeaderHeight"":0,""mkdfStickyHeaderTransparencyHeight"":60,""mkdfLogoAreaHeight"":0,""mkdfMenuAreaHeight"":131,""mkdfMobileHeaderHeight"":100}};
var mkdfPerPageVars = {""vars"":{""mkdfStickyScrollAmount"":450,""mkdfStickyScrollAmountFullScreen"":false,""mkdfHeaderTransparencyHeight"":0}};
//# sourceURL=sienna-mikado-modules-js-extra
 
  
  
  
 
var mkdfLike = {""ajaxurl"":""https://evitp.org/wp-admin/admin-ajax.php""};
//# sourceURL=sienna-mikado-like-js-extra
 
  
 
var GEM = {""thankyou"":""Thank you for signing up!"",""thankyou_suppressed"":""Thank you for signing up! Please check your email to confirm your subscription."",""oops"":""Oops! There was a problem. Please try again."",""email"":""Please enter a valid email address."",""required"":""%s is a required field.""};
//# sourceURL=gem-main-js-extra
 
  
  
  
 
var wpcf7_recaptcha = {
    ""sitekey"": ""6LdAGgcgAAAAALmBeuQZgYH6HTEI3KlPBF86-YxA"",
    ""actions"": {
        ""homepage"": ""homepage"",
        ""contactform"": ""contactform""
    }
};
//# sourceURL=wpcf7-recaptcha-js-before
 
  
 
{""baseUrl"":""https://s.w.org/images/core/emoji/17.0.2/72x72/"",""ext"":"".png"",""svgUrl"":""https://s.w.org/images/core/emoji/17.0.2/svg/"",""svgExt"":"".svg"",""source"":{""concatemoji"":""https://evitp.org/wp-includes/js/wp-emoji-release.min.js?ver=7.0.4""}}
 
 
/*! This file is auto-generated */
var e=""script#wp-emoji-settings"",t=document.querySelector(e);if(!(t instanceof HTMLScriptElement))throw new Error(""Element missing: ""+e);const r=JSON.parse(t.text),s=(window._wpemojiSettings=r,""wpEmojiSettingsSupports""),o=[""flag"",""emoji""];function i(e){try{var t={supportTests:e,timestamp:(new Date).valueOf()};sessionStorage.setItem(s,JSON.stringify(t))}catch(e){}}function c(e,t,n){e.clearRect(0,0,e.canvas.width,e.canvas.height),e.fillText(t,0,0);t=new Uint32Array(e.getImageData(0,0,e.canvas.width,e.canvas.height).data);e.clearRect(0,0,e.canvas.width,e.canvas.height),e.fillText(n,0,0);const r=new Uint32Array(e.getImageData(0,0,e.canvas.width,e.canvas.height).data);return t.every((e,t)=>e===r[t])}function p(e,t){e.clearRect(0,0,e.canvas.width,e.canvas.height),e.fillText(t,0,0);var n=e.getImageData(16,16,1,1);for(let e=0;e {o[e]=t(s,e,n,r)}),o}function a(e){var t=document.createElement(""script"");t.src=e,t.defer=!0,document.head.appendChild(t)}r.supports={everything:!0,everythingExceptFlag:!0},new Promise(t=>{let n=function(){try{var e=JSON.parse(sessionStorage.getItem(s));if(""object""==typeof e&&""number""==typeof e.timestamp&&(new Date).valueOf() {i(n=e.data),a.terminate(),t(n)})}catch(e){}i(n=f(o,u,c,p))}t(n)}).then(e=>{for(const n in e)r.supports[n]=e[n],r.supports.everything=r.supports.everything&&r.supports[n],""flag""!==n&&(r.supports.everythingExceptFlag=r.supports.everythingExceptFlag&&r.supports[n]);var t;r.supports.everythingExceptFlag=r.supports.everythingExceptFlag&&!r.supports.flag,r.supports.everything||((t=r.source||{}).concatemoji?a(t.concatemoji):t.wpemoji&&t.twemoji&&(a(t.twemoji),a(t.wpemoji)))});
//# sourceURL=https://evitp.org/wp-includes/js/wp-emoji-loader.min.js
 
 			  
			 
				/* @v3-js:start */
					let c4wp_onloadCallback = function() {
						for ( var i = 0; i   {
						if ( typeof jQuery !== 'undefined' && jQuery( 'input[id*=""c4wp-wc-checkout""]' ).length ) {
							var element = document.createElement('div');
							var html = '     ';
							element.innerHTML = html;
							jQuery( '[class*=""c4wp-wc-checkout""]' ).append( element );
							jQuery( '[class*=""c4wp-wc-checkout""]' ).find('*').off();
							c4wp_onloadCallback();
						}
					});
				/* @v3-js:end */",https://evitp.org/alabama/listing/williams-electric-line-construction,evitp.org,2026-08-31
61.218056,-149.900278,alaska,Miller Electric Company,"AK, USA",9048324423,mhall@mecojax.com,https://www.mecojax.com/,Mike Hall,https://evitp.org/alaska/listing/miller-electric-company,evitp.org,2026-08-31
61.160446,-149.896464,alaska,"Alcan Electrical & Engineering, Inc.","6670 Arctic Spur Road, Anchorage, AK, 99518, USA",9075633787,khill@alcanelectric.com,http://www.alcanelectric.com/,Chrys Fleming,https://evitp.org/alaska/listing/alcan-electrical-engineering-inc,evitp.org,2026-08-31
64.812397,-147.70085,alaska,"Fullford Electric, Inc.","303 East Van Horn Road, Fairbanks, AK, 99701, USA",9074567356,leal@fullfordelectric.com,http://fullfordelectric.com/,Lael Fullford,https://evitp.org/alaska/listing/fullford-electric-inc,evitp.org,2026-08-31
61.147947,-149.836885,alaska,"CCI Electrical Services, LLC.","2401 Cinnabar Loop, Anchorage, AK, 99507, USA",9072271412,plantz@ccielectricalservices.com,https://ccielectricalservices.com/,"Paul Lantz              
             
                             
         
     
 
         
     
     
         
             
                  Redo search when map moved 
             
              
         
     
 
 
 
 
     
         Showing 4 results 
     
  
 
 											 

									 
					 
			 
   
    

	 
		 

			 
	 
		
		 
			 

				
 
			 
			 			  
	   


 
 

 
	   


The Electric Vehicle Infrastructure Training Program (EVITP) provides training and certification for electricians installing electric vehicle supply equipment (EVSE).  
		 		 
			 
					 
			 
			 			  
		 		 
			 
			  Contact Info 			  
	 
		 
			  		 
	 
	  Canada: www.NETCO.org 
 

 
	 
		 
			  		 
	 
	  United States:  EVITP, 811 N. Main Street, Suite 202,                     Royal Oak, MI  48067
 
 

 
	 
		 
			  		 
	 
	   info@evitp.org 
  
		 		 
	 			 
		 
		 
 


 
			 
			 

			
			 

			 
	 
		 Copyright © 2026 EVITP - ALL RIGHTS RESERVED -  TERMS OF USE  	 
	 
			 
 
			 

				 
		 
	 
		 
	 

   
   
 
{""prefetch"":[{""source"":""document"",""where"":{""and"":[{""href_matches"":""/*""},{""not"":{""href_matches"":[""/wp-*.php"",""/wp-admin/*"",""/wp-content/uploads/*"",""/wp-content/*"",""/wp-content/plugins/*"",""/wp-content/themes/siennawp/*"",""/*\\?(.+)""]}},{""not"":{""selector_matches"":""a[rel~=\""nofollow\""]""}},{""not"":{""selector_matches"":"".no-prefetch, .no-prefetch a""}}]},""eagerness"":""conservative""}]}
 
		  
		 
jQuery(document).ready(function($) {
SABAI.init($(""#sabai-content""));
});
   
  
  
  
  
  
  
  
  
  
 
wp.i18n.setLocaleData( { 'text direction\u0004ltr': [ 'ltr' ] } );
//# sourceURL=wp-i18n-js-after
 
  
 
var wpcf7 = {
    ""api"": {
        ""root"": ""https:\/\/evitp.org\/wp-json\/"",
        ""namespace"": ""contact-form-7\/v1""
    }
};
//# sourceURL=contact-form-7-js-before
 
  
 
var cf7appsHoneypotRefill = {""forceRefillOnInit"":""""};
//# sourceURL=cf7apps-honeypot-refill-js-extra
 
  
  
  
 
var mejsL10n = {""language"":""en"",""strings"":{""mejs.download-file"":""Download File"",""mejs.install-flash"":""You are using a browser that does not have Flash player enabled or installed. Please turn on your Flash player plugin or download the latest version from https://get.adobe.com/flashplayer/"",""mejs.fullscreen"":""Fullscreen"",""mejs.play"":""Play"",""mejs.pause"":""Pause"",""mejs.time-slider"":""Time Slider"",""mejs.time-help-text"":""Use Left/Right Arrow keys to advance one second, Up/Down arrows to advance ten seconds."",""mejs.live-broadcast"":""Live Broadcast"",""mejs.volume-help-text"":""Use Up/Down Arrow keys to increase or decrease volume."",""mejs.unmute"":""Unmute"",""mejs.mute"":""Mute"",""mejs.volume-slider"":""Volume Slider"",""mejs.video-player"":""Video Player"",""mejs.audio-player"":""Audio Player"",""mejs.captions-subtitles"":""Captions/Subtitles"",""mejs.captions-chapters"":""Chapters"",""mejs.none"":""None"",""mejs.afrikaans"":""Afrikaans"",""mejs.albanian"":""Albanian"",""mejs.arabic"":""Arabic"",""mejs.belarusian"":""Belarusian"",""mejs.bulgarian"":""Bulgarian"",""mejs.catalan"":""Catalan"",""mejs.chinese"":""Chinese"",""mejs.chinese-simplified"":""Chinese (Simplified)"",""mejs.chinese-traditional"":""Chinese (Traditional)"",""mejs.croatian"":""Croatian"",""mejs.czech"":""Czech"",""mejs.danish"":""Danish"",""mejs.dutch"":""Dutch"",""mejs.english"":""English"",""mejs.estonian"":""Estonian"",""mejs.filipino"":""Filipino"",""mejs.finnish"":""Finnish"",""mejs.french"":""French"",""mejs.galician"":""Galician"",""mejs.german"":""German"",""mejs.greek"":""Greek"",""mejs.haitian-creole"":""Haitian Creole"",""mejs.hebrew"":""Hebrew"",""mejs.hindi"":""Hindi"",""mejs.hungarian"":""Hungarian"",""mejs.icelandic"":""Icelandic"",""mejs.indonesian"":""Indonesian"",""mejs.irish"":""Irish"",""mejs.italian"":""Italian"",""mejs.japanese"":""Japanese"",""mejs.korean"":""Korean"",""mejs.latvian"":""Latvian"",""mejs.lithuanian"":""Lithuanian"",""mejs.macedonian"":""Macedonian"",""mejs.malay"":""Malay"",""mejs.maltese"":""Maltese"",""mejs.norwegian"":""Norwegian"",""mejs.persian"":""Persian"",""mejs.polish"":""Polish"",""mejs.portuguese"":""Portuguese"",""mejs.romanian"":""Romanian"",""mejs.russian"":""Russian"",""mejs.serbian"":""Serbian"",""mejs.slovak"":""Slovak"",""mejs.slovenian"":""Slovenian"",""mejs.spanish"":""Spanish"",""mejs.swahili"":""Swahili"",""mejs.swedish"":""Swedish"",""mejs.tagalog"":""Tagalog"",""mejs.thai"":""Thai"",""mejs.turkish"":""Turkish"",""mejs.ukrainian"":""Ukrainian"",""mejs.vietnamese"":""Vietnamese"",""mejs.welsh"":""Welsh"",""mejs.yiddish"":""Yiddish""}};
//# sourceURL=mediaelement-core-js-before
 
  
  
 
var _wpmejsSettings = {""pluginPath"":""/wp-includes/js/mediaelement/"",""classPrefix"":""mejs-"",""stretching"":""responsive"",""audioShortcodeLibrary"":""mediaelement"",""videoShortcodeLibrary"":""mediaelement""};
//# sourceURL=mediaelement-js-extra
 
  
  
  
  
  
  
  
  
  
  
  
  
  
  
  
  
  
  
  
  
  
  
  
  
  
  
  
  
  
  
  
  
 
var mkdfGlobalVars = {""vars"":{""mkdfAddForAdminBar"":0,""mkdfElementAppearAmount"":-150,""mkdfFinishedMessage"":""No more posts"",""mkdfMessage"":""Loading new posts..."",""mkdfTopBarHeight"":42,""mkdfStickyHeaderHeight"":0,""mkdfStickyHeaderTransparencyHeight"":60,""mkdfLogoAreaHeight"":0,""mkdfMenuAreaHeight"":131,""mkdfMobileHeaderHeight"":100}};
var mkdfPerPageVars = {""vars"":{""mkdfStickyScrollAmount"":450,""mkdfStickyScrollAmountFullScreen"":false,""mkdfHeaderTransparencyHeight"":0}};
//# sourceURL=sienna-mikado-modules-js-extra
 
  
  
  
 
var mkdfLike = {""ajaxurl"":""https://evitp.org/wp-admin/admin-ajax.php""};
//# sourceURL=sienna-mikado-like-js-extra
 
  
 
var GEM = {""thankyou"":""Thank you for signing up!"",""thankyou_suppressed"":""Thank you for signing up! Please check your email to confirm your subscription."",""oops"":""Oops! There was a problem. Please try again."",""email"":""Please enter a valid email address."",""required"":""%s is a required field.""};
//# sourceURL=gem-main-js-extra
 
  
  
  
 
var wpcf7_recaptcha = {
    ""sitekey"": ""6LdAGgcgAAAAALmBeuQZgYH6HTEI3KlPBF86-YxA"",
    ""actions"": {
        ""homepage"": ""homepage"",
        ""contactform"": ""contactform""
    }
};
//# sourceURL=wpcf7-recaptcha-js-before
 
  
 
{""baseUrl"":""https://s.w.org/images/core/emoji/17.0.2/72x72/"",""ext"":"".png"",""svgUrl"":""https://s.w.org/images/core/emoji/17.0.2/svg/"",""svgExt"":"".svg"",""source"":{""concatemoji"":""https://evitp.org/wp-includes/js/wp-emoji-release.min.js?ver=7.0.4""}}
 
 
/*! This file is auto-generated */
var e=""script#wp-emoji-settings"",t=document.querySelector(e);if(!(t instanceof HTMLScriptElement))throw new Error(""Element missing: ""+e);const r=JSON.parse(t.text),s=(window._wpemojiSettings=r,""wpEmojiSettingsSupports""),o=[""flag"",""emoji""];function i(e){try{var t={supportTests:e,timestamp:(new Date).valueOf()};sessionStorage.setItem(s,JSON.stringify(t))}catch(e){}}function c(e,t,n){e.clearRect(0,0,e.canvas.width,e.canvas.height),e.fillText(t,0,0);t=new Uint32Array(e.getImageData(0,0,e.canvas.width,e.canvas.height).data);e.clearRect(0,0,e.canvas.width,e.canvas.height),e.fillText(n,0,0);const r=new Uint32Array(e.getImageData(0,0,e.canvas.width,e.canvas.height).data);return t.every((e,t)=>e===r[t])}function p(e,t){e.clearRect(0,0,e.canvas.width,e.canvas.height),e.fillText(t,0,0);var n=e.getImageData(16,16,1,1);for(let e=0;e {o[e]=t(s,e,n,r)}),o}function a(e){var t=document.createElement(""script"");t.src=e,t.defer=!0,document.head.appendChild(t)}r.supports={everything:!0,everythingExceptFlag:!0},new Promise(t=>{let n=function(){try{var e=JSON.parse(sessionStorage.getItem(s));if(""object""==typeof e&&""number""==typeof e.timestamp&&(new Date).valueOf() {i(n=e.data),a.terminate(),t(n)})}catch(e){}i(n=f(o,u,c,p))}t(n)}).then(e=>{for(const n in e)r.supports[n]=e[n],r.supports.everything=r.supports.everything&&r.supports[n],""flag""!==n&&(r.supports.everythingExceptFlag=r.supports.everythingExceptFlag&&r.supports[n]);var t;r.supports.everythingExceptFlag=r.supports.everythingExceptFlag&&!r.supports.flag,r.supports.everything||((t=r.source||{}).concatemoji?a(t.concatemoji):t.wpemoji&&t.twemoji&&(a(t.twemoji),a(t.wpemoji)))});
//# sourceURL=https://evitp.org/wp-includes/js/wp-emoji-loader.min.js
 
 			  
			 
				/* @v3-js:start */
					let c4wp_onloadCallback = function() {
						for ( var i = 0; i   {
						if ( typeof jQuery !== 'undefined' && jQuery( 'input[id*=""c4wp-wc-checkout""]' ).length ) {
							var element = document.createElement('div');
							var html = '     ';
							element.innerHTML = html;
							jQuery( '[class*=""c4wp-wc-checkout""]' ).append( element );
							jQuery( '[class*=""c4wp-wc-checkout""]' ).find('*').off();
							c4wp_onloadCallback();
						}
					});
				/* @v3-js:end */",https://evitp.org/alaska/listing/cci-electrical-services-llc,evitp.org,2026-08-31
33.237864,-111.550989,arizona,1st  Choice Electrical LLC,"35882 N Quiros Dr. San Tan Valley, AZ, 85143, USA",4808103332,contact@1stchoiceelectrical.com,https://www.1stchoiceelectrical.com/,Don Holtzclaw,https://evitp.org/arizona/listing/first-choice-electrical-llc,evitp.org,2026-08-31
34.048928,-111.093731,arizona,"ACE Electrical Contractors, Inc.","Arizona, USA",7636948800,palml@aceelectrical.net,http://aceelectrical.net/,Larry Palm,https://evitp.org/arizona/listing/ace-electrical-contractors-inc,evitp.org,2026-08-31
34.048928,-111.093731,arizona,ALBD Electric & Cable,"Arizona, USA",9496005910230,sales@albdinc.com,https://albdinc.com/,Michael Quon,https://evitp.org/arizona/listing/albd-electric-cable,evitp.org,2026-08-31
34.048928,-111.093731,arizona,"Aldridge Electric, Inc.","Arizona, USA",8472761127,ggiovannetti@aldridgegroup.com,https://www.aldridgegroup.com/,,https://evitp.org/arizona/listing/aldridge-electric-inc,evitp.org,2026-08-31
34.048928,-111.093731,arizona,Brytemove Energy,"Arizona, USA",7142379200,jkrajniak@brytemove.com,https://www.brytemove.com/,David Krajniak,https://evitp.org/arizona/listing/brytemove-energy,evitp.org,2026-08-31
33.366047,-112.166355,arizona,"Calbec Electric, LLC.","9007 S. 49th Ln Laveen AZ 85339, USA",6026058445,calbecelectric@yahoo.com,,,https://evitp.org/arizona/listing/calbec-electric-llc,evitp.org,2026-08-31
33.493364,-112.048243,arizona,Cannon & Wendt Electric,"4020 North 16th Street, Phoenix, AZ. 85016, USA",6027690187,sgoneau@cannon-wendt.com,https://www.cannon-wendt.com/,Sean Goneau,https://evitp.org/arizona/listing/cannon-wendt-electric,evitp.org,2026-08-31
32.213646,-110.940651,arizona,Commonwealth Electric Company of the Midwest,"2111 East 17th Street, Tucson, AZ. 85719, USA",5207923332,jhoobler@commonwealthelectric.com,https://commonwealthelectric.com/,Jay S. Hoobler,https://evitp.org/arizona/listing/commonwealth-electric-company-of-the-midwest,evitp.org,2026-08-31
33.420928,-111.992316,arizona,Commonwealth Electric Company of the Midwest,"3901 E Winslow Ave, Phoenix, AZ 85040, USA",6026013736,dwhite@commonwealthelectric.com,https://commonwealthelectric.com/,Dave White,https://evitp.org/arizona/listing/commonwealth-electric-company-of-the-midwest-1,evitp.org,2026-08-31
33.418857,-112.117657,arizona,"Conti, LLC.","Arizona, USA",5868551135,jmetzger@conticorporation.com,http://conticorporation.com/,James Metzger,https://evitp.org/arizona/listing/conti-llc,evitp.org,2026-08-31
33.494494,-112.035306,arizona,Dyer Electric,"2135 East Indian School Road, Phoenix, AZ 85016, USA",6029553770,dyerelectric@cox.net,https://www.dyerelectricaz.com/,Jeremy Dolezal,https://evitp.org/arizona/listing/dyer-electric,evitp.org,2026-08-31
33.353015,-111.64249,arizona,Dynalectric,"85212 E Peterson Ave, Mesa, AZ, 85212, USA",5038910410,ckosmas@dyna-oregon.com,https://dyna-az.com/,Chris Kosmas,https://evitp.org/arizona/listing/dynalectric,evitp.org,2026-08-31
33.375417,-112.026189,arizona,"Electron Solutions, LLC.","2626 East Fawn Drive, Phoenix, AZ, 85042, USA",6023210581,electronsolutions22@gmail.com,,Fernando Robles,https://evitp.org/arizona/listing/electron-solutions-llc,evitp.org,2026-08-31
33.555954,-112.005596,arizona,"Envirospark Energy Solutions, Inc.","Arizona, USA",4047369173,info@envirosparkenergy.com,https://envirosparkenergy.com/,Brad Ewing,https://evitp.org/arizona/listing/envirospark-energy-solutions-inc,evitp.org,2026-08-31
33.546798,-112.104473,arizona,"Envirospark Energy Solutions, Inc.","Arizona, USA",4047369173,info@envirosparkenergy.com,https://envirosparkenergy.com/,Brad Ewing,https://evitp.org/arizona/listing/envirospark-energy-solutions-inc-1,evitp.org,2026-08-31
33.599218,-112.041513,arizona,"G & S Electric, Inc.","East Ronald Road, Phoenix, AZ,  85022 USA",6024931135,jaysen@GSElectricinc.com,https://gselectricinc.com/,Jaysen D. Fails,https://evitp.org/arizona/listing/g-s-electric-inc,evitp.org,2026-08-31
32.213927,-110.945401,arizona,"Gilbert Electric Company, Inc.","1760 East Pace Court, Tucson, AZ, 85719, USA",5208848020,thada@gilbertelectric.com,https://gilbertelectric.com/,Thad Amado,https://evitp.org/arizona/listing/gilbert-electric-company-inc,evitp.org,2026-08-31
34.048928,-111.093731,arizona,GrayBirch Construction,"Arizona, USA",3232035190,,,Andrew Birch,https://evitp.org/arizona/listing/graybirch-construction,evitp.org,2026-08-31
34.048928,-111.093731,arizona,"Iteris, Inc.","Arizona, USA",6576528288,bakerley@iteris.com,https://www.iteris.com/,,https://evitp.org/arizona/listing/iteris-inc,evitp.org,2026-08-31
34.048928,-111.093731,arizona,MC Contracting,"Arizona, USA",9098418831,info@mcelectricpro.com,https://www.mcelectricpro.com/,Mario Chavez,https://evitp.org/arizona/listing/mc-contracting,evitp.org,2026-08-31
33.393317,-111.973209,arizona,Miller Electric Company,"2400 West Southern Avenue, Tempe, AZ, 85282, USA",9048324423,mhall@mecojax.com,https://www.mecojax.com/,Mike Hall,https://evitp.org/arizona/listing/miller-electric-company,evitp.org,2026-08-31
33.50902,-111.924573,arizona,New River Electrical Corporation,"Arizona, USA",15405267501,ahartsfield@nrec.net,https://www.newriverelectrical.com/,Johathan Aaron Hartsfield,https://evitp.org/arizona/listing/new-river-electrical-corporation,evitp.org,2026-08-31
34.048928,-111.093731,arizona,Pacific Industrial Electric,"Arizona, USA",7149909280,estimating@pacificindustrialelectric.com,,Chris Michalski,https://evitp.org/arizona/listing/pacific-industrial-electric,evitp.org,2026-08-31
33.917198,-111.700176,arizona,Parsons Electric,"Arizona, USA",7635287670,brad.bacon@pecsolutions.com,https://www.pecsolutions.com/,Brad Bacon,https://evitp.org/arizona/listing/parsons-electric,evitp.org,2026-08-31
32.224211,-110.872941,arizona,"Pulse Electric, Inc","5610 East Burns Street, Tucson, AZ, 85711, USA",5204713661,jesus@pulseelectric520.com,https://www.pulseelectric520.com/,Jesus Gonzales,https://evitp.org/arizona/listing/pulse-electric-inc,evitp.org,2026-08-31
32.150876,-110.925842,arizona,Robles Electric Solutions,"5585 South Country Club Road, Tucson, AZ, 85706, USA",5205260100,mario@robleselectric.com,https://robleselectric.com/,Mario Robles,https://evitp.org/arizona/listing/robles-electric-solutions,evitp.org,2026-08-31
33.344787,-111.958883,arizona,"Rosendin Electric, Inc.","1375 West Drivers Way, Tempe, AZ, 85284, USA",6027681232,jloukusa@rosendin.com,https://www.rosendin.com/],John Loukusa,https://evitp.org/arizona/listing/rosendin-electric-inc,evitp.org,2026-08-31
34.048928,-111.093731,arizona,Royal Electric Company,"Arizona, USA",9166965744,jeffc@royalelect.com,https://www.royalelect.com/,Jeff Cavanagh,https://evitp.org/arizona/listing/royal-electric-company,evitp.org,2026-08-31
32.212425,-110.957044,arizona,Sabino Electric,"861 East 18th Street, Tucson, AZ, , 85719USA",6023774602,bmagee@sabinoelectric.com,http://sabinoelectric.com/,Robert Magee,https://evitp.org/arizona/listing/sabino-electric,evitp.org,2026-08-31
33.539997,-112.260805,arizona,Sargent Electric Company,"Phoenix, Arizona, USA",4123947600,info@sargentelectric.com,https://www.sargentelectric.com/,Rim Snyder,https://evitp.org/arizona/listing/sargent-electric-company,evitp.org,2026-08-31
34.048928,-111.093731,arizona,"Shambaugh and Son, L.P.","Arizona, USA",12604877846,dhearld@shambaugh.com,https://shambaugh.com/,Douglas M. Hearld,https://evitp.org/arizona/listing/shambaugh-and-son-l-p,evitp.org,2026-08-31
33.395272,-111.975588,arizona,"Spectra Electrical Services, Inc.","2519 West Geneva Drive, Tempe, AZ, 85252, USA",4804467200,alan.zambolas@spectra-electrical.com,http://www.spectra-electrical.com/,Alan Zambolas,https://evitp.org/arizona/listing/spectra-electrical-services-inc,evitp.org,2026-08-31
32.20504,-110.817806,arizona,"Stark Electric, Inc.","1340 South Stocker Drive, Tucson, AZ, USA",5208857808,wesley@starkelectric.com,http://www.starkelectric.com/,Wesley Stark,https://evitp.org/arizona/listing/stark-electric-inc,evitp.org,2026-08-31
33.448783,-112.117536,arizona,"Station Power Construction, LLC","22 N 27th Ave #225, Phoenix, AZ 85027, USA",6232627228,jbarriger@stationpwr.com,https://www.stationpowerconstruction.com/,John Barriger,https://evitp.org/arizona/listing/station-power-construction-llc,evitp.org,2026-08-31
33.424624,-112.000119,arizona,Sturgeon Electric Company,"3804 East Watkins Street, Phoenix, AZ 85034, USA",4808940221,seslick@mygroup.com,https://sturgeonelectric.com/,Steve Eslick,https://evitp.org/arizona/listing/sturgeon-electric-company,evitp.org,2026-08-31
32.138204,-110.930033,arizona,"Sturgeon Electric Company, Inc.","2825 East Ginter Road, Tucson, AZ, 85706, USA",5204007792,jtowle@myrgroup.com,https://sturgeonelectric.com/,Jesse Towle,https://evitp.org/arizona/listing/sturgeon-electric-company-inc,evitp.org,2026-08-31
33.362795,-111.800443,arizona,"Swain Electric, Inc.","756 N. Monterey, Suite A. Gilbert, AZ. 85233",4808323299,steve@swainelectric.com,https://swainelectric.com/,Steve Swain,https://evitp.org/arizona/listing/swain-electric-inc,evitp.org,2026-08-31
34.048928,-111.093731,arizona,"Tilson Technology Management, Inc.","Arizona, USA",4343901227,jaman@tilsontech.com,https://tilsontech.com/,Jeffrey Aman,https://evitp.org/arizona/listing/tilson-technology-management-inc,evitp.org,2026-08-31
34.048928,-111.093731,arizona,Treehouse,"Arizona, USA",3235776795,hello@treehouse.pro,https://treehouse.pro/,Cullen Peters,https://evitp.org/arizona/listing/treehouse,evitp.org,2026-08-31
33.423287,-111.906557,arizona,"Wards Electrical Services, LLC","712 S. Hacienda Road Suite 1, Tempe, AZ, 85281, USA",3605607435,rob.ward@wescompany.com,https://wescompany.com/,"Rob Ward              
             
                             
         
     
 
     
     
         
             
                  Redo search when map moved 
             
              
         
     
 
 
 
 
     
         Showing 40 results 
     
  
 
 											 

									 
					 
			 
   
    

	 
		 

			 
	 
		
		 
			 

				
 
			 
			 			  
	   


 
 

 
	   


The Electric Vehicle Infrastructure Training Program (EVITP) provides training and certification for electricians installing electric vehicle supply equipment (EVSE).  
		 		 
			 
					 
			 
			 			  
		 		 
			 
			  Contact Info 			  
	 
		 
			  		 
	 
	  Canada: www.NETCO.org 
 

 
	 
		 
			  		 
	 
	  United States:  EVITP, 811 N. Main Street, Suite 202,                     Royal Oak, MI  48067
 
 

 
	 
		 
			  		 
	 
	   info@evitp.org 
  
		 		 
	 			 
		 
		 
 


 
			 
			 

			
			 

			 
	 
		 Copyright © 2026 EVITP - ALL RIGHTS RESERVED -  TERMS OF USE  	 
	 
			 
 
			 

				 
		 
	 
		 
	 

   
   
 
{""prefetch"":[{""source"":""document"",""where"":{""and"":[{""href_matches"":""/*""},{""not"":{""href_matches"":[""/wp-*.php"",""/wp-admin/*"",""/wp-content/uploads/*"",""/wp-content/*"",""/wp-content/plugins/*"",""/wp-content/themes/siennawp/*"",""/*\\?(.+)""]}},{""not"":{""selector_matches"":""a[rel~=\""nofollow\""]""}},{""not"":{""selector_matches"":"".no-prefetch, .no-prefetch a""}}]},""eagerness"":""conservative""}]}
 
		  
		 
jQuery(document).ready(function($) {
SABAI.init($(""#sabai-content""));
});
   
  
  
  
  
  
  
 
wp.i18n.setLocaleData( { 'text direction\u0004ltr': [ 'ltr' ] } );
//# sourceURL=wp-i18n-js-after
 
  
 
var wpcf7 = {
    ""api"": {
        ""root"": ""https:\/\/evitp.org\/wp-json\/"",
        ""namespace"": ""contact-form-7\/v1""
    }
};
//# sourceURL=contact-form-7-js-before
 
  
 
var cf7appsHoneypotRefill = {""forceRefillOnInit"":""""};
//# sourceURL=cf7apps-honeypot-refill-js-extra
 
  
  
  
 
var mejsL10n = {""language"":""en"",""strings"":{""mejs.download-file"":""Download File"",""mejs.install-flash"":""You are using a browser that does not have Flash player enabled or installed. Please turn on your Flash player plugin or download the latest version from https://get.adobe.com/flashplayer/"",""mejs.fullscreen"":""Fullscreen"",""mejs.play"":""Play"",""mejs.pause"":""Pause"",""mejs.time-slider"":""Time Slider"",""mejs.time-help-text"":""Use Left/Right Arrow keys to advance one second, Up/Down arrows to advance ten seconds."",""mejs.live-broadcast"":""Live Broadcast"",""mejs.volume-help-text"":""Use Up/Down Arrow keys to increase or decrease volume."",""mejs.unmute"":""Unmute"",""mejs.mute"":""Mute"",""mejs.volume-slider"":""Volume Slider"",""mejs.video-player"":""Video Player"",""mejs.audio-player"":""Audio Player"",""mejs.captions-subtitles"":""Captions/Subtitles"",""mejs.captions-chapters"":""Chapters"",""mejs.none"":""None"",""mejs.afrikaans"":""Afrikaans"",""mejs.albanian"":""Albanian"",""mejs.arabic"":""Arabic"",""mejs.belarusian"":""Belarusian"",""mejs.bulgarian"":""Bulgarian"",""mejs.catalan"":""Catalan"",""mejs.chinese"":""Chinese"",""mejs.chinese-simplified"":""Chinese (Simplified)"",""mejs.chinese-traditional"":""Chinese (Traditional)"",""mejs.croatian"":""Croatian"",""mejs.czech"":""Czech"",""mejs.danish"":""Danish"",""mejs.dutch"":""Dutch"",""mejs.english"":""English"",""mejs.estonian"":""Estonian"",""mejs.filipino"":""Filipino"",""mejs.finnish"":""Finnish"",""mejs.french"":""French"",""mejs.galician"":""Galician"",""mejs.german"":""German"",""mejs.greek"":""Greek"",""mejs.haitian-creole"":""Haitian Creole"",""mejs.hebrew"":""Hebrew"",""mejs.hindi"":""Hindi"",""mejs.hungarian"":""Hungarian"",""mejs.icelandic"":""Icelandic"",""mejs.indonesian"":""Indonesian"",""mejs.irish"":""Irish"",""mejs.italian"":""Italian"",""mejs.japanese"":""Japanese"",""mejs.korean"":""Korean"",""mejs.latvian"":""Latvian"",""mejs.lithuanian"":""Lithuanian"",""mejs.macedonian"":""Macedonian"",""mejs.malay"":""Malay"",""mejs.maltese"":""Maltese"",""mejs.norwegian"":""Norwegian"",""mejs.persian"":""Persian"",""mejs.polish"":""Polish"",""mejs.portuguese"":""Portuguese"",""mejs.romanian"":""Romanian"",""mejs.russian"":""Russian"",""mejs.serbian"":""Serbian"",""mejs.slovak"":""Slovak"",""mejs.slovenian"":""Slovenian"",""mejs.spanish"":""Spanish"",""mejs.swahili"":""Swahili"",""mejs.swedish"":""Swedish"",""mejs.tagalog"":""Tagalog"",""mejs.thai"":""Thai"",""mejs.turkish"":""Turkish"",""mejs.ukrainian"":""Ukrainian"",""mejs.vietnamese"":""Vietnamese"",""mejs.welsh"":""Welsh"",""mejs.yiddish"":""Yiddish""}};
//# sourceURL=mediaelement-core-js-before
 
  
  
 
var _wpmejsSettings = {""pluginPath"":""/wp-includes/js/mediaelement/"",""classPrefix"":""mejs-"",""stretching"":""responsive"",""audioShortcodeLibrary"":""mediaelement"",""videoShortcodeLibrary"":""mediaelement""};
//# sourceURL=mediaelement-js-extra
 
  
  
  
  
  
  
  
  
  
  
  
  
  
  
  
  
  
  
  
  
  
  
  
  
  
  
  
  
  
  
  
  
 
var mkdfGlobalVars = {""vars"":{""mkdfAddForAdminBar"":0,""mkdfElementAppearAmount"":-150,""mkdfFinishedMessage"":""No more posts"",""mkdfMessage"":""Loading new posts..."",""mkdfTopBarHeight"":42,""mkdfStickyHeaderHeight"":0,""mkdfStickyHeaderTransparencyHeight"":60,""mkdfLogoAreaHeight"":0,""mkdfMenuAreaHeight"":131,""mkdfMobileHeaderHeight"":100}};
var mkdfPerPageVars = {""vars"":{""mkdfStickyScrollAmount"":450,""mkdfStickyScrollAmountFullScreen"":false,""mkdfHeaderTransparencyHeight"":0}};
//# sourceURL=sienna-mikado-modules-js-extra
 
  
  
  
 
var mkdfLike = {""ajaxurl"":""https://evitp.org/wp-admin/admin-ajax.php""};
//# sourceURL=sienna-mikado-like-js-extra
 
  
 
var GEM = {""thankyou"":""Thank you for signing up!"",""thankyou_suppressed"":""Thank you for signing up! Please check your email to confirm your subscription."",""oops"":""Oops! There was a problem. Please try again."",""email"":""Please enter a valid email address."",""required"":""%s is a required field.""};
//# sourceURL=gem-main-js-extra
 
  
  
  
 
var wpcf7_recaptcha = {
    ""sitekey"": ""6LdAGgcgAAAAALmBeuQZgYH6HTEI3KlPBF86-YxA"",
    ""actions"": {
        ""homepage"": ""homepage"",
        ""contactform"": ""contactform""
    }
};
//# sourceURL=wpcf7-recaptcha-js-before
 
  
 
{""baseUrl"":""https://s.w.org/images/core/emoji/17.0.2/72x72/"",""ext"":"".png"",""svgUrl"":""https://s.w.org/images/core/emoji/17.0.2/svg/"",""svgExt"":"".svg"",""source"":{""concatemoji"":""https://evitp.org/wp-includes/js/wp-emoji-release.min.js?ver=7.0.4""}}
 
 
/*! This file is auto-generated */
var e=""script#wp-emoji-settings"",t=document.querySelector(e);if(!(t instanceof HTMLScriptElement))throw new Error(""Element missing: ""+e);const r=JSON.parse(t.text),s=(window._wpemojiSettings=r,""wpEmojiSettingsSupports""),o=[""flag"",""emoji""];function i(e){try{var t={supportTests:e,timestamp:(new Date).valueOf()};sessionStorage.setItem(s,JSON.stringify(t))}catch(e){}}function c(e,t,n){e.clearRect(0,0,e.canvas.width,e.canvas.height),e.fillText(t,0,0);t=new Uint32Array(e.getImageData(0,0,e.canvas.width,e.canvas.height).data);e.clearRect(0,0,e.canvas.width,e.canvas.height),e.fillText(n,0,0);const r=new Uint32Array(e.getImageData(0,0,e.canvas.width,e.canvas.height).data);return t.every((e,t)=>e===r[t])}function p(e,t){e.clearRect(0,0,e.canvas.width,e.canvas.height),e.fillText(t,0,0);var n=e.getImageData(16,16,1,1);for(let e=0;e {o[e]=t(s,e,n,r)}),o}function a(e){var t=document.createElement(""script"");t.src=e,t.defer=!0,document.head.appendChild(t)}r.supports={everything:!0,everythingExceptFlag:!0},new Promise(t=>{let n=function(){try{var e=JSON.parse(sessionStorage.getItem(s));if(""object""==typeof e&&""number""==typeof e.timestamp&&(new Date).valueOf() {i(n=e.data),a.terminate(),t(n)})}catch(e){}i(n=f(o,u,c,p))}t(n)}).then(e=>{for(const n in e)r.supports[n]=e[n],r.supports.everything=r.supports.everything&&r.supports[n],""flag""!==n&&(r.supports.everythingExceptFlag=r.supports.everythingExceptFlag&&r.supports[n]);var t;r.supports.everythingExceptFlag=r.supports.everythingExceptFlag&&!r.supports.flag,r.supports.everything||((t=r.source||{}).concatemoji?a(t.concatemoji):t.wpemoji&&t.twemoji&&(a(t.twemoji),a(t.wpemoji)))});
//# sourceURL=https://evitp.org/wp-includes/js/wp-emoji-loader.min.js
 
 			  
			 
				/* @v3-js:start */
					let c4wp_onloadCallback = function() {
						for ( var i = 0; i   {
						if ( typeof jQuery !== 'undefined' && jQuery( 'input[id*=""c4wp-wc-checkout""]' ).length ) {
							var element = document.createElement('div');
							var html = '     ';
							element.innerHTML = html;
							jQuery( '[class*=""c4wp-wc-checkout""]' ).append( element );
							jQuery( '[class*=""c4wp-wc-checkout""]' ).find('*').off();
							c4wp_onloadCallback();
						}
					});
				/* @v3-js:end */",https://evitp.org/arizona/listing/wards-electrical-services-llc,evitp.org,2026-08-31
35.20105,-91.831833,arkansas,Allstate Sales Group,"Arkansas, USA",7323355588,aabadie@asginc.us,https://www.asginc.us/,Anne Abadie,https://evitp.org/arkansas/listing/allstate-sales-group,evitp.org,2026-08-31
35.20105,-91.831833,arkansas,"BridgePoint Electric, inc.","Arkansas, USA",9183875358,josh@bridgepointelectric.com,https://bridgepointelectric.com/,Joshua Bridgeman,https://evitp.org/arkansas/listing/bridgepoint-electric-inc,evitp.org,2026-08-31
35.20105,-91.831833,arkansas,"Decker Electric, Inc.","Arkansas, USA",3162658182,bwilson@decker-electric.com,https://www.decker-electric.com/,Ben Wilson,https://evitp.org/arkansas/listing/decker-electric-inc,evitp.org,2026-08-31
35.20105,-91.831833,arkansas,Dynamic EVC,"Arkansas, USA",8166828414,nate@dynamicevc.com,https://dynamicevc.com/,Nate Fleener,https://evitp.org/arkansas/listing/dynamic-evc,evitp.org,2026-08-31
36.056427,-90.487801,arkansas,"Edgar Electric, Inc.","P.O. Box 1541, Paragould, AR. 72450, USA",8704500616,jeremy@edgarelectricinc.com,https://www.edgarelectricinc.com/,,https://evitp.org/arkansas/listing/edgar-electric-inc,evitp.org,2026-08-31
41.652655,-93.625046,arkansas,Egan Company,"Des Moines, Iowa, USA",7635444131,mat@eganco.com,https://www.eganco.com/,,https://evitp.org/arkansas/listing/egan-company,evitp.org,2026-08-31
35.20105,-91.831833,arkansas,"EMS Electric, LLC.","Arkansas, USA",3183760976,josh@emselectric.com,http://emselectric.com/,Josh Palmer,https://evitp.org/arkansas/listing/ems-electric-llc,evitp.org,2026-08-31
36.020703,-91.45022,arkansas,"Evolve Electrical Services, LLC.","139 Simmons Rd, Smithville, AR, 72466 USA",8703840717,aaron.m@evolveesllc.com,https://evolveesllc.com/,Aaron Munson,https://evitp.org/arkansas/listing/evolve-electrical-services-llc,evitp.org,2026-08-31
34.917548,-92.319627,arkansas,"H-K Electric, Inc.","Arkansas, USA",9038312306,josh@hkelectric.org,https://hkelectric.org/,Joshua Huddleston,https://evitp.org/arkansas/listing/h-k-electric-inc,evitp.org,2026-08-31
34.80509,-92.304246,arkansas,Joplin Industrial Electric,"Arkansas, USA",4179527246,jeff@joplinelectric.com,https://www.joplinelectric.com/,Jeff Cartright,https://evitp.org/arkansas/listing/joplin-industrial-electric,evitp.org,2026-08-31
35.152618,-92.727667,arkansas,Koontz Electric Co. Inc.,"1223 East Broadway Street, Morrilton, AR 72110, USA",5012426114,jeremy.stell@koontzelectric.com,https://koontzelectric.com/,Jeremy Stell,https://evitp.org/arkansas/listing/koontz-electric-co-inc,evitp.org,2026-08-31
35.20105,-91.831833,arkansas,"Mid-South Electric Contractors, Inc.","Arkansas, USA",19013651818,brian@mid-southelectric.net,https://mid-southelectric.net/,Brian Smith,https://evitp.org/arkansas/listing/mid-south-electric-contractors-inc,evitp.org,2026-08-31
34.835698,-92.382008,arkansas,Miller Electric Company,"8010a Counts Massie Road, North Little Rock, AR 72113, USA",9048324423,mhall@mecojax.com,https://www.mecojax.com/,Mike Hall,https://evitp.org/arkansas/listing/miller-electric-company,evitp.org,2026-08-31
34.773511,-92.271287,arkansas,New River Electrical Corporation,"Arkansas, USA",15405267501,ahartsfield@nrec.net,https://www.newriverelectrical.com/,Jonathan Aaron Hartsfield,https://evitp.org/arkansas/listing/new-river-electrical-corporation,evitp.org,2026-08-31
35.20105,-91.831833,arkansas,Parsons Electric,"Arkansas, USA",17635287670,brad.bacon@pecsolutions.com,https://www.pecsolutions.com/,Brad Bacon,https://evitp.org/arkansas/listing/parsons-electric,evitp.org,2026-08-31
35.20105,-91.831833,arkansas,"Shambaugh and Son, L.P.","Arkansas, USA",12604877846,dhearld@shambaugh.com,https://shambaugh.com/,Douglas M. Hearld,https://evitp.org/arkansas/listing/shambaugh-and-son-l-p,evitp.org,2026-08-31
35.20105,-91.831833,arkansas,"Shelby Electric Co., inc.","Arkansas, USA",9019477300,cjcox@shelbyelectric.net,https://shelbyelectric.net/,Chris Cox,https://evitp.org/arkansas/listing/shelby-electric-co-inc,evitp.org,2026-08-31
35.20105,-91.831833,arkansas,The Oscar W. Larson Company,"Arkansas, USA",8103974757,justin.spence@owlservices.com,https://www.larsonco.com/,Justin Spence,https://evitp.org/arkansas/listing/the-oscar-w-larson-company,evitp.org,2026-08-31
35.20105,-91.831833,arkansas,The State Group,"Arkansas, USA",5869921572,Michigan.estimating@stategroup.com,https://stategroup.com/,Gino Robinet – Statewide Coordinator,https://evitp.org/arkansas/listing/the-state-group,evitp.org,2026-08-31
35.20105,-91.831833,arkansas,"Tilson Technology Management, Inc.","Arkansas, USA",4343901227,jaman@tilsontech.com,https://tilsontech.com/,Jeffrey Aman,https://evitp.org/arkansas/listing/tilson-technology-management-inc,evitp.org,2026-08-31
35.20105,-91.831833,arkansas,White Electrical Construction Company,"Arkansas, USA",19126637148,sgraham@white-electrical.com,http://www.white-electrical.com/,"Scott Graham              
             
                             
         
     
 
         
     
     
         
             
                  Redo search when map moved 
             
              
         
     
 
 
 
 
     
         Showing 21 results 
     
  
 
 											 

									 
					 
			 
   
    

	 
		 

			 
	 
		
		 
			 

				
 
			 
			 			  
	   


 
 

 
	   


The Electric Vehicle Infrastructure Training Program (EVITP) provides training and certification for electricians installing electric vehicle supply equipment (EVSE).  
		 		 
			 
					 
			 
			 			  
		 		 
			 
			  Contact Info 			  
	 
		 
			  		 
	 
	  Canada: www.NETCO.org 
 

 
	 
		 
			  		 
	 
	  United States:  EVITP, 811 N. Main Street, Suite 202,                     Royal Oak, MI  48067
 
 

 
	 
		 
			  		 
	 
	   info@evitp.org 
  
		 		 
	 			 
		 
		 
 


 
			 
			 

			
			 

			 
	 
		 Copyright © 2026 EVITP - ALL RIGHTS RESERVED -  TERMS OF USE  	 
	 
			 
 
			 

				 
		 
	 
		 
	 

   
   
 
{""prefetch"":[{""source"":""document"",""where"":{""and"":[{""href_matches"":""/*""},{""not"":{""href_matches"":[""/wp-*.php"",""/wp-admin/*"",""/wp-content/uploads/*"",""/wp-content/*"",""/wp-content/plugins/*"",""/wp-content/themes/siennawp/*"",""/*\\?(.+)""]}},{""not"":{""selector_matches"":""a[rel~=\""nofollow\""]""}},{""not"":{""selector_matches"":"".no-prefetch, .no-prefetch a""}}]},""eagerness"":""conservative""}]}
 
		  
		 
jQuery(document).ready(function($) {
SABAI.init($(""#sabai-content""));
});
   
  
  
  
  
  
  
 
wp.i18n.setLocaleData( { 'text direction\u0004ltr': [ 'ltr' ] } );
//# sourceURL=wp-i18n-js-after
 
  
 
var wpcf7 = {
    ""api"": {
        ""root"": ""https:\/\/evitp.org\/wp-json\/"",
        ""namespace"": ""contact-form-7\/v1""
    }
};
//# sourceURL=contact-form-7-js-before
 
  
 
var cf7appsHoneypotRefill = {""forceRefillOnInit"":""""};
//# sourceURL=cf7apps-honeypot-refill-js-extra
 
  
  
  
 
var mejsL10n = {""language"":""en"",""strings"":{""mejs.download-file"":""Download File"",""mejs.install-flash"":""You are using a browser that does not have Flash player enabled or installed. Please turn on your Flash player plugin or download the latest version from https://get.adobe.com/flashplayer/"",""mejs.fullscreen"":""Fullscreen"",""mejs.play"":""Play"",""mejs.pause"":""Pause"",""mejs.time-slider"":""Time Slider"",""mejs.time-help-text"":""Use Left/Right Arrow keys to advance one second, Up/Down arrows to advance ten seconds."",""mejs.live-broadcast"":""Live Broadcast"",""mejs.volume-help-text"":""Use Up/Down Arrow keys to increase or decrease volume."",""mejs.unmute"":""Unmute"",""mejs.mute"":""Mute"",""mejs.volume-slider"":""Volume Slider"",""mejs.video-player"":""Video Player"",""mejs.audio-player"":""Audio Player"",""mejs.captions-subtitles"":""Captions/Subtitles"",""mejs.captions-chapters"":""Chapters"",""mejs.none"":""None"",""mejs.afrikaans"":""Afrikaans"",""mejs.albanian"":""Albanian"",""mejs.arabic"":""Arabic"",""mejs.belarusian"":""Belarusian"",""mejs.bulgarian"":""Bulgarian"",""mejs.catalan"":""Catalan"",""mejs.chinese"":""Chinese"",""mejs.chinese-simplified"":""Chinese (Simplified)"",""mejs.chinese-traditional"":""Chinese (Traditional)"",""mejs.croatian"":""Croatian"",""mejs.czech"":""Czech"",""mejs.danish"":""Danish"",""mejs.dutch"":""Dutch"",""mejs.english"":""English"",""mejs.estonian"":""Estonian"",""mejs.filipino"":""Filipino"",""mejs.finnish"":""Finnish"",""mejs.french"":""French"",""mejs.galician"":""Galician"",""mejs.german"":""German"",""mejs.greek"":""Greek"",""mejs.haitian-creole"":""Haitian Creole"",""mejs.hebrew"":""Hebrew"",""mejs.hindi"":""Hindi"",""mejs.hungarian"":""Hungarian"",""mejs.icelandic"":""Icelandic"",""mejs.indonesian"":""Indonesian"",""mejs.irish"":""Irish"",""mejs.italian"":""Italian"",""mejs.japanese"":""Japanese"",""mejs.korean"":""Korean"",""mejs.latvian"":""Latvian"",""mejs.lithuanian"":""Lithuanian"",""mejs.macedonian"":""Macedonian"",""mejs.malay"":""Malay"",""mejs.maltese"":""Maltese"",""mejs.norwegian"":""Norwegian"",""mejs.persian"":""Persian"",""mejs.polish"":""Polish"",""mejs.portuguese"":""Portuguese"",""mejs.romanian"":""Romanian"",""mejs.russian"":""Russian"",""mejs.serbian"":""Serbian"",""mejs.slovak"":""Slovak"",""mejs.slovenian"":""Slovenian"",""mejs.spanish"":""Spanish"",""mejs.swahili"":""Swahili"",""mejs.swedish"":""Swedish"",""mejs.tagalog"":""Tagalog"",""mejs.thai"":""Thai"",""mejs.turkish"":""Turkish"",""mejs.ukrainian"":""Ukrainian"",""mejs.vietnamese"":""Vietnamese"",""mejs.welsh"":""Welsh"",""mejs.yiddish"":""Yiddish""}};
//# sourceURL=mediaelement-core-js-before
 
  
  
 
var _wpmejsSettings = {""pluginPath"":""/wp-includes/js/mediaelement/"",""classPrefix"":""mejs-"",""stretching"":""responsive"",""audioShortcodeLibrary"":""mediaelement"",""videoShortcodeLibrary"":""mediaelement""};
//# sourceURL=mediaelement-js-extra
 
  
  
  
  
  
  
  
  
  
  
  
  
  
  
  
  
  
  
  
  
  
  
  
  
  
  
  
  
  
  
  
  
 
var mkdfGlobalVars = {""vars"":{""mkdfAddForAdminBar"":0,""mkdfElementAppearAmount"":-150,""mkdfFinishedMessage"":""No more posts"",""mkdfMessage"":""Loading new posts..."",""mkdfTopBarHeight"":42,""mkdfStickyHeaderHeight"":0,""mkdfStickyHeaderTransparencyHeight"":60,""mkdfLogoAreaHeight"":0,""mkdfMenuAreaHeight"":131,""mkdfMobileHeaderHeight"":100}};
var mkdfPerPageVars = {""vars"":{""mkdfStickyScrollAmount"":450,""mkdfStickyScrollAmountFullScreen"":false,""mkdfHeaderTransparencyHeight"":0}};
//# sourceURL=sienna-mikado-modules-js-extra
 
  
  
  
 
var mkdfLike = {""ajaxurl"":""https://evitp.org/wp-admin/admin-ajax.php""};
//# sourceURL=sienna-mikado-like-js-extra
 
  
 
var GEM = {""thankyou"":""Thank you for signing up!"",""thankyou_suppressed"":""Thank you for signing up! Please check your email to confirm your subscription."",""oops"":""Oops! There was a problem. Please try again."",""email"":""Please enter a valid email address."",""required"":""%s is a required field.""};
//# sourceURL=gem-main-js-extra
 
  
  
  
 
var wpcf7_recaptcha = {
    ""sitekey"": ""6LdAGgcgAAAAALmBeuQZgYH6HTEI3KlPBF86-YxA"",
    ""actions"": {
        ""homepage"": ""homepage"",
        ""contactform"": ""contactform""
    }
};
//# sourceURL=wpcf7-recaptcha-js-before
 
  
 
{""baseUrl"":""https://s.w.org/images/core/emoji/17.0.2/72x72/"",""ext"":"".png"",""svgUrl"":""https://s.w.org/images/core/emoji/17.0.2/svg/"",""svgExt"":"".svg"",""source"":{""concatemoji"":""https://evitp.org/wp-includes/js/wp-emoji-release.min.js?ver=7.0.4""}}
 
 
/*! This file is auto-generated */
var e=""script#wp-emoji-settings"",t=document.querySelector(e);if(!(t instanceof HTMLScriptElement))throw new Error(""Element missing: ""+e);const r=JSON.parse(t.text),s=(window._wpemojiSettings=r,""wpEmojiSettingsSupports""),o=[""flag"",""emoji""];function i(e){try{var t={supportTests:e,timestamp:(new Date).valueOf()};sessionStorage.setItem(s,JSON.stringify(t))}catch(e){}}function c(e,t,n){e.clearRect(0,0,e.canvas.width,e.canvas.height),e.fillText(t,0,0);t=new Uint32Array(e.getImageData(0,0,e.canvas.width,e.canvas.height).data);e.clearRect(0,0,e.canvas.width,e.canvas.height),e.fillText(n,0,0);const r=new Uint32Array(e.getImageData(0,0,e.canvas.width,e.canvas.height).data);return t.every((e,t)=>e===r[t])}function p(e,t){e.clearRect(0,0,e.canvas.width,e.canvas.height),e.fillText(t,0,0);var n=e.getImageData(16,16,1,1);for(let e=0;e {o[e]=t(s,e,n,r)}),o}function a(e){var t=document.createElement(""script"");t.src=e,t.defer=!0,document.head.appendChild(t)}r.supports={everything:!0,everythingExceptFlag:!0},new Promise(t=>{let n=function(){try{var e=JSON.parse(sessionStorage.getItem(s));if(""object""==typeof e&&""number""==typeof e.timestamp&&(new Date).valueOf() {i(n=e.data),a.terminate(),t(n)})}catch(e){}i(n=f(o,u,c,p))}t(n)}).then(e=>{for(const n in e)r.supports[n]=e[n],r.supports.everything=r.supports.everything&&r.supports[n],""flag""!==n&&(r.supports.everythingExceptFlag=r.supports.everythingExceptFlag&&r.supports[n]);var t;r.supports.everythingExceptFlag=r.supports.everythingExceptFlag&&!r.supports.flag,r.supports.everything||((t=r.source||{}).concatemoji?a(t.concatemoji):t.wpemoji&&t.twemoji&&(a(t.twemoji),a(t.wpemoji)))});
//# sourceURL=https://evitp.org/wp-includes/js/wp-emoji-loader.min.js
 
 			  
			 
				/* @v3-js:start */
					let c4wp_onloadCallback = function() {
						for ( var i = 0; i   {
						if ( typeof jQuery !== 'undefined' && jQuery( 'input[id*=""c4wp-wc-checkout""]' ).length ) {
							var element = document.createElement('div');
							var html = '     ';
							element.innerHTML = html;
							jQuery( '[class*=""c4wp-wc-checkout""]' ).append( element );
							jQuery( '[class*=""c4wp-wc-checkout""]' ).find('*').off();
							c4wp_onloadCallback();
						}
					});
				/* @v3-js:end */",https://evitp.org/arkansas/listing/white-electrical-construction-company,evitp.org,2026-08-31
34.260484,-118.305741,california,"911 Construction & Electric, Inc.","10526 Leolang Ave, Sunland, CA, 91040 USA",7472558595,info@911electrics.com,https://www.911electrics.com/,Haik Hairapetian,https://evitp.org/california/listing/911-construction-electric-inc,evitp.org,2026-08-31
34.006005,-118.411244,california,"A-1 Electric Service Co., Inc.","4204 South Sepulveda Boulevard, Culver City, CA, 90230, USA",3102041077,spieper@a-1electric.com,https://a-1electric.com/,Scott Pieper,https://evitp.org/california/listing/a-1-electric-service-co-inc,evitp.org,2026-08-31
35.433089,-119.043765,california,A-C Electric Company,"2921 Hanger Way, Bakersfield, CA, 93380, USA",6614100000,,http://www.a-celectric.com,Daren T. Alexander,https://evitp.org/california/listing/a-c-electric-company,evitp.org,2026-08-31
32.914906,-117.129915,california,"A-Lectric, Inc.","9011 Mira Mesa Blvd #215, San Diego, CA, 92126, USA",8583109391,Andy.n@a-lectric.com,https://a-lectric.com/,Andy Nguyen,https://evitp.org/california/listing/a-lectric-inc,evitp.org,2026-08-31
34.560858,-118.03933,california,"A.M. Electric Service, inc.","37346 Mahonia Avenue, Palmdale, CA, 93552, USA",8183076490,alex@am-electric.net,,Alex Mejia,https://evitp.org/california/listing/a-m-electric-service-inc,evitp.org,2026-08-31
37.688801,-122.469081,california,"A.S.F. Electric, Inc.","76 Hill Street, Daly City, CA, 94014 USA",6507559032,john@asfelectric.net,http://www.asfelectric.net/,John A. Ferrari,https://evitp.org/california/listing/a-s-f-electric-inc,evitp.org,2026-08-31
33.808922,-118.174718,california,AAA Calvert,"1348 East 29th Street, Signal Hill, CA, 90275, USA",5624291546,tiffany@aaacalvert.com,https://www.aaacalvert.com/,Tiffany Thomas,https://evitp.org/california/listing/aaa-calvert,evitp.org,2026-08-31
38.569923,-121.548066,california,Absolut Electric Inc.,"2797 Del Monte Street, West Sacramento, CA",9165720851,yuriy@absolutelectricinc.com,http://www.absolutelectricinc.com,Yuriy Fox,https://evitp.org/california/listing/absolut-electric-inc,evitp.org,2026-08-31
41.005378,-124.102801,california,Abundance Builders,"5465 Dows Prairie Road, McKinleyville, CA, 95519, USA",7078341870,andrea@sixriverssolar.com,,Wesley Hodges,https://evitp.org/california/listing/abundance-builders,evitp.org,2026-08-31
32.784429,-117.101149,california,"Ace Electric, Inc.","6061 Fairmount Avenue, San Diego, CA 92120, USA",6148144760,chris.h@aceelectricinc.com,https://www.aceelectricinc.com/,Chris Hinds,https://evitp.org/california/listing/ace-electric-inc,evitp.org,2026-08-31
36.715538,-119.48385,california,"Ace Electrical Contractors, Inc.","California, USA",7669488003,palml@aceelectrical.net,http://aceelectrical.net/,,https://evitp.org/california/listing/ace-electrical-contractors-inc,evitp.org,2026-08-31
33.827549,-117.529793,california,Acevedo Electric Inc.,"20100 Case Street, Corona, CA, 92881, USA",9515190084,Projects@acevedoelectric.net,https://acevedoelectric.net/,Jorge Acevedo,https://evitp.org/california/listing/acevedo-electric-inc,evitp.org,2026-08-31
33.919132,-117.940413,california,ALBD Electric & Cable,"1031 South Leslie Street, La Habra, CA, 90631, USA",9496005910230,sales@albdinc.com,https://albdinc.com/,Michael Quon,https://evitp.org/california/listing/albd-electric-cable,evitp.org,2026-08-31
36.849724,-119.428918,california,"Aldridge Electric, Inc.","California, USA",18472761127,ggiovannetti@aldridgegroup.com,https://www.aldridgegroup.com/,Gina Giovannetti,https://evitp.org/california/listing/aldridge-electric-inc,evitp.org,2026-08-31
38.60012,-121.261653,california,"Alessandro Electric, Inc.","11335 Sunrise Gold Circle, Sacramento, CA. 95742, USA",9163439846,estimating@alessandroelectric.com,https://www.alessandroelectric.com/,Clinton Alessandro,https://evitp.org/california/listing/alessandro-electric-inc,evitp.org,2026-08-31
38.335993,-122.305284,california,All American Electric,"3937 Stover St. Napa, CA. 94558 USA",7073192599,americanelectric.jb@gmail.com,https://www.perfectioniscloseenough.com/,Jeremiah Bennett,https://evitp.org/california/listing/all-american-electric,evitp.org,2026-08-31
34.38575,-118.518828,california,All in One Electric,"24740 Meadowview Ave. Newhall, CA 41321, USA",6616078254,dbacon@aioelectric.org,,Dallas Bacon,https://evitp.org/california/listing/all-in-one-electric,evitp.org,2026-08-31
35.119851,-120.605562,california,"All Ways Energy, Inc.","1375 East Grand Avenue, #546, Arroyo Grande, CA, 93420, USA",8053106155,allwaysenergyinc@gmail.com,https://allwaysenergyinc.com/,Jan Ratzlaff,https://evitp.org/california/listing/all-ways-energy-inc,evitp.org,2026-08-31
36.778261,-119.417932,california,Allstate Sales Group,"California, USA",7323355588,aabadie@asginc.us,https://www.asginc.us/,Anne Abadie,https://evitp.org/california/listing/allstate-sales-group,evitp.org,2026-08-31
35.489969,-120.66994,california,Alpha Electrical Service,"P.O. Box 1978, Atascadero, CA 93423, USA",8055952720,stephanie@alphaelectrical.com,,Kevin Piper,https://evitp.org/california/listing/alpha-electrical-service,evitp.org,2026-08-31
32.861289,-116.925953,california,AM Ortega Construction,"10125 Channel Rd, Lakeside, CA 92040, USA",6193901988,mortega@amortega.com,http://www.amortega.com,Maurice Ortega,https://evitp.org/california/listing/am-ortega-construction,evitp.org,2026-08-31
34.023206,-118.255854,california,Americano Electrical Solutions,"1036 3/4 East 22nd Street, Los Angeles, CA 90011, USA",2134002567,americanoelectrical@gmail.com,https://americanoelectrical.com/,Benjamin Soria,https://evitp.org/california/listing/americano-electrical-solutions,evitp.org,2026-08-31
38.524907,-121.970802,california,"Ample Electric, Inc.","P.O. Box 456, Winters CA. 95694, USA",5307959913,jdiaz@ampleelectric.com,https://www.ampleelectricinc.com/,Jose Diaz,https://evitp.org/california/listing/ample-electric-inc,evitp.org,2026-08-31
36.690364,-121.788921,california,"Aragon Electrical Services, LLC.","3236 De Forest Road, Marina, CA, 93933, USA",8312003661,nolan.aragon@aragonelectrical.com,https://aragonelectrical.com/,Nolan Aragon,https://evitp.org/california/listing/aragon-electrical-services-llc,evitp.org,2026-08-31
38.072428,-122.537131,california,Artistic Lighting & Electrical,"285 Bel Marin Keys Boulevard Suite G., Novato, CA, 94949, USA",4153829500,duane@artisticlightingcorp.com,http://artisticlightingcorp.com/,Duane Johnson,https://evitp.org/california/listing/artistic-lighting-electrical,evitp.org,2026-08-31
35.29373,-120.67207,california,ASM Electric,"793 East Foothill Boulevard, San Luis Obispo, CA, 93405, USA",8059808977,andrew@asm-electric.com,http://www.asm-electric.com/,Andrew McMahon,https://evitp.org/california/listing/asm-electric,evitp.org,2026-08-31
35.29373,-120.67207,california,ASM Electric,"793 Foothill Blvd, Suite A39, San Luis Obispo, CA 93405, USA",8059808977,andrew@asm-electric.com,http://www.asm-electric.com/,Andrew McMahon,https://evitp.org/california/listing/asm-electric-1,evitp.org,2026-08-31
33.864999,-117.823691,california,"Asplundh Construction, LLC.","701 Fee Ana Street, Placentia, CA, 92870 USA",5625097939,alederman@aspludh.com,,Adam Lederman,https://evitp.org/california/listing/asplundh-construction-llc,evitp.org,2026-08-31
37.492985,-122.234922,california,Atlas Pellizzari Electric,"450 Howland Street, Redwood City, CA",6503641204,jeffg@atlas-pellizzari.com,http://www.atlas-pellizzari.com,Jeff Gormley,https://evitp.org/california/listing/atlas-pellizzari-electric,evitp.org,2026-08-31
38.64735,-121.494363,california,"Avail Services, Inc.","1413 N Market Blvd suite 4, Sacramento, CA, 95834, USA",7758434639,jrugani@availservices.com,https://www.availservices.com/,Juliana Rugani,https://evitp.org/california/listing/avail-services-inc,evitp.org,2026-08-31
34.903382,-120.44904,california,"AWS Electric, Inc.","3130 Skyway Drive Suite 102, Santa Maria, CA. 93455, USA",8053619410,as@awselectric.com,http://awselectric-online.com/,Anthony Silva,https://evitp.org/california/listing/aws-electric-inc,evitp.org,2026-08-31
38.354595,-122.709755,california,"B. A. Electric, Inc.","170 Professional Center Dr suite k, Rohnert Park, CA, 94928, USA",7079782897,support@baelectricinc.com,https://baelectricinc.com/,Office Manager,https://evitp.org/california/listing/b-a-electric-inc,evitp.org,2026-08-31
33.107406,-117.117008,california,Baker Electric & Renewables LLC,"1298 Pacific Oaks Place, Escondido, CA 92029, USA",7606905007,service@baker-electric.com,http://www.baker-electric.com,,https://evitp.org/california/listing/baker-electric,evitp.org,2026-08-31
34.10181,-117.79553,california,Balfour Beatty,"640 E Arrow Hwy, La Verne, CA, 91750, USA",7604751401,wpfeffer@balfourbeattyus.com,https://www.balfourbeattyus.com/,William Pfeffer,https://evitp.org/california/listing/balfour-beatty,evitp.org,2026-08-31
38.568976,-121.320646,california,Baran Electric,"10020 Bromley Way, Sacramento, CA, 95827, USA",9165086628,powerbybaran@gmail.com,,Ciamack Azimpour,https://evitp.org/california/listing/baran-electric,evitp.org,2026-08-31
37.649314,-122.387814,california,Bass Electric,"390 Swift Ave, South San Francisco, CA",4152951600,info@basselectric.net,http://www.basselectric.net,Jeff Yee,https://evitp.org/california/listing/bass-electric,evitp.org,2026-08-31
37.7259,-122.401198,california,"Bay-Tech Electric, Inc.","1485 Bayshore Boulevard, Suite 145, San Francisco, CA, 94124 USA",4157162307,joseph.montiel@baytechelectric.com,https://www.baytechelectric.com/,Joseph Montiel,https://evitp.org/california/listing/bay-tech-electric-inc,evitp.org,2026-08-31
33.904935,-118.051267,california,Beard Electric,"13924 Maryton Avenue, Santa Fe Springs, CA 90670, USA",5628021800,bwbeard@beardelectric.com,,Brett Beard,https://evitp.org/california/listing/beard-electric,evitp.org,2026-08-31
32.702028,-117.085067,california,Bee Connected Electric,"342 Euclid Avenue, STE 406-337, Sandiego, CA. 92114, USA",6193330264,info@beeconnectedelectric.com,http://beeconnectedelectric.com/,Graham Benjamin Culp,https://evitp.org/california/listing/bee-connected-electric,evitp.org,2026-08-31
37.785153,-122.26923,california,"BEI Construction, Inc.","1040 Marina Village Parkway, Alameda, CA, 94501, USA",5105213792,jason@beiconstruction.com,https://beiconstruction.com/,Jason Williams,https://evitp.org/california/listing/bei-construction-inc,evitp.org,2026-08-31
36.976777,-122.026413,california,Benjamin Electric,"850 Front Street #453, Santa Cruz, CA, USA",8313595706,,https://benjaminelectricsc.com/,Evan Benjamin,https://evitp.org/california/listing/benjamin-electric,evitp.org,2026-08-31
38.680723,-121.769104,california,"Bermuda Electric, Inc.","159 4th Street, Woodland, CA, 95695, USA",5306501606,bermudaelectricinc@outlook.com,https://bermudaelectricinc.com/,Juan Carlos Bermundez Valadez,https://evitp.org/california/listing/bermuda-electric-inc,evitp.org,2026-08-31
33.568592,-117.663606,california,"Bidram Electric, Inc.","26722 Cuenca Drive, Mission Viejo, CA, 92691, USA",7146031091,bidramelectric@gmail.com,https://bmodernelectric.com/,,https://evitp.org/california/listing/bidram-electric-inc,evitp.org,2026-08-31
34.097415,-117.678822,california,Big Sky Electric,"310 North McArthur Way, Upland, CA 91786, USA",9096944032,lstrohm@bigskyelectric.com,http://www.bigskyelectric.com,Larry Strohm,https://evitp.org/california/listing/big-sky-electric,evitp.org,2026-08-31
37.740304,-122.384864,california,Birkeland Corporation,"419 Mendell Street, San Francisco, CA, 94124, USA",4154806062,mbirkeland@birkecorp.com,https://birkecorp.com/,Michael Birkeland,https://evitp.org/california/listing/birkeland-corporation,evitp.org,2026-08-31
33.783056,-118.20271,california,"Blackdog Electrical Systems, Inc.","731 West Anaheim Street, Long Beach, CA, 90813, USA",6619177606,chris@blackdogelectricalsystems.com,https://blackdogelectricalsystems.com/,John C. Moody (Chris),https://evitp.org/california/listing/blackdog-electrical-systems-inc,evitp.org,2026-08-31
34.564558,-118.171168,california,"Blessedco Electric, Inc.","37451 Ruby Red Lane, Palmdale, CA, 93551, USA",2135037432,chris@blessedcoelectric.com,https://blessedcoelectric.com/,Christian Rodrieguez,https://evitp.org/california/listing/blessedco-electric-inc,evitp.org,2026-08-31
37.273819,-121.944889,california,Blue Arc Electric,"920 South McGlincy Lane, Campbell, CA, 95008 USA",4088558706,cdoyle@bluearcelectric.com,https://www.bluearcelectric.com/,Chris Doyle,https://evitp.org/california/listing/blue-arc-electric,evitp.org,2026-08-31
37.98159,-121.278105,california,"Bockmon & Woody Electric Co., Inc.","1528 El Pinaz Drive, Stockton, CA. 95205, USA",2099932633,nick@bockmonwoody.com,https://www.bockmonwoody.com/,Nick Woody,https://evitp.org/california/listing/bockmon-woody-electric-co-inc,evitp.org,2026-08-31
38.23889,-122.624799,california,"Booth Electric, inc.","431 Payran Street, Unit D. Petaluma, CA, 94952, USA",7073644412,jacob@booth-electric.com,https://www.boothelectric.org/,Jacob Booth,https://evitp.org/california/listing/booth-electric-inc,evitp.org,2026-08-31
37.504697,-122.258642,california,Brighten Up Electric,"751 Laurel Street #517, San Carlos, CA. 94070, USA",6505208914,contact@brightenupelectric.com,https://www.brightenupelectric.com/,Shawn Barnett,https://evitp.org/california/listing/brighten-up-electric,evitp.org,2026-08-31
38.603323,-121.391844,california,"Brighton Solar, Inc.","270 Cottage Way suite 11, Sacramento, CA, 95825, USA",9168042762,jeff.krisa@brightonsolar.com,https://www.brightonenergy.net/,Jeffrey Krisa,https://evitp.org/california/listing/brighton-solar-inc,evitp.org,2026-08-31
35.373691,-119.108032,california,Bronco Electric,"1711 Art Street, Bakersfield, CA 93312, USA",6615899439,bsmith@broncoelectric.com,http://www.broncoelectric.com,Bret Smith,https://evitp.org/california/listing/bronco-electric,evitp.org,2026-08-31
37.784707,-122.481069,california,Bryan Poli Electrical Contractor,"167 21st Avenue, San Francisco, CA, 94121, USA",4153098793,bryanpoli@sbcglobal.net,https://www.bryanpolielectric.com/,Bryan Poli,https://evitp.org/california/listing/bryan-poli-electrical-contractor,evitp.org,2026-08-31
33.652728,-117.71381,california,Brytemove Energy,"12 Morgan, Irvine, CA, 92618, USA",7142379200,jkrajniak@brytemove.com,https://www.brytemove.com/,David Krajniak,https://evitp.org/california/listing/brytemove-energy,evitp.org,2026-08-31
32.583651,-117.130822,california,Buescher Electric Inc,"157 Palm Avenue, Imperial Beach, CA, USA",8587488478,buescherelectric@gmail.com,,Anthony Buescher,https://evitp.org/california/listing/buescher-electric-inc,evitp.org,2026-08-31
37.389661,-121.896423,california,C H Reynolds,"1281 Wayne Ave, San Jose, CA 95131, USA",4084369280,shellyp@chreynolds.com,http://www.chreynolds.com,Shelly Paiva,https://evitp.org/california/listing/c-h-reynolds,evitp.org,2026-08-31
35.376028,-119.019815,california,California Clean Transportation,"1527 19th St. #410, Bakersfield, CA 93301, USA",3235281793,stephen@cacleantransportation.com,https://www.cacleantransportation.com/,Stephen Amstutz,https://evitp.org/california/listing/california-clean-transportation,evitp.org,2026-08-31
37.695516,-121.403338,california,Campbell Family Electric,"7936 West Linne Road, Tracy, CA, 95304, USA",2098143874,tcampbellconstruction@comcast.net,,Temple Campbell,https://evitp.org/california/listing/campbell-family-electric,evitp.org,2026-08-31
37.771372,-122.409067,california,Capitol Electric,"480 9th Street, San Francisco, CA, 94103 USA",4157404630,nelson@capitolelectric.com,http://www.capitolelectric.com/,Nelson Luksich,https://evitp.org/california/listing/capitol-electric,evitp.org,2026-08-31
33.810025,-118.066039,california,"Carol Electric Company, Inc.","3822 West Cerritos Avenue, Los Alamitos, CA 90720, USA",3105050452,bmoffitt@carolelectric.com,https://www.carolelectric.com/,Rod Thomas,https://evitp.org/california/listing/carol-electric-company-inc,evitp.org,2026-08-31
37.774669,-122.42299,california,Century Electric,"221 Oak Street, San Francisco, CA 94102, USA",4158616522,admin@centuryelectric.com,http://www.centuryelectric.com/,James Reed,https://evitp.org/california/listing/century-electric,evitp.org,2026-08-31
37.649989,-122.119157,california,"Century Roof and Solar, Inc.","23135 Saklan Road, Hayward, CA, 94545USA",8882337548,kyla@centuryroofandsolar.com,https://www.centuryroofandsolar.com/,Kyla Arca,https://evitp.org/california/listing/century-roof-and-solar-inc,evitp.org,2026-08-31
34.014374,-117.365093,california,"Champion Electric, Inc.","3950 Garner Road, Riverside, CA, 92501, USA",9512769619,estimating@championelec.com,http://www.championelec.com/,Troy Reeves,https://evitp.org/california/listing/champion-electric-inc,evitp.org,2026-08-31
32.845522,-116.961418,california,Chula Vista Electric Co.,"9344 Wheatlands Road, Santee, CA 92071, USA      121 N. K Street, Unit B. Imperial, CA 92251, USA",6194204500,lneal@c-v-e.com,http://www.c-v-e.com,Lance Neal,https://evitp.org/california/listing/chula-vista-electric-co,evitp.org,2026-08-31
34.000592,-117.344431,california,Cico Electrical Contractors,"1506 Columbia Avenue Suite #11 Riverside, CA 92507, USA",9512132229,andrea.k.Martinez@cicoele.com,,Andrea K Jaure,https://evitp.org/california/listing/cico-electrical-contractors,evitp.org,2026-08-31
33.888652,-117.336146,california,"Circle City Electric, Inc.","18726 Van Buren Boulevard, Riverside, CA 92508, USA",7146043461,phillipbusby@circlecityelectric.com,https://circlecityelectric.com/,Phillip Busby,https://evitp.org/california/listing/circle-city-electric-inc,evitp.org,2026-08-31
34.233233,-117.405299,california,"Clark Electric, Inc.","1145 Marion Ave. Devore Heights, CA. 92407, USA",9092295492,jarrett@clarkelecinc.com,https://clarkelecinc.com/,Jarrett Loop,https://evitp.org/california/listing/clark-electric-inc,evitp.org,2026-08-31
33.826431,-118.290288,california,"CLE Electric, Inc.","22115 South Vermont Avenue, Torrance, CA 90502 USA",3105339533,mark@clepower.com,http://www.clepower.com/,Mark Ursic,https://evitp.org/california/listing/cle-electric-inc,evitp.org,2026-08-31
33.724999,-118.286084,california,Cleantek,"403 West 21st Street, San Pedro, CA 90731, USA",4244003315,info@cleantek.co,https://www.cleantek.co/,,https://evitp.org/california/listing/cleantek,evitp.org,2026-08-31
37.565708,-121.958909,california,"Clearshot Electric, Inc.","170 Espada Place, Fremont, CA, 94536, USA",5109808790,contact@clearshotelectric.com,https://clearshotelectric.com/,Michael Sandnas,https://evitp.org/california/listing/clearshot-electric-inc,evitp.org,2026-08-31
32.857199,-116.920694,california,"Coastal Electrical Service, Inc","12515 Woodside Ave. #2113 Lakeside, CA 92040, USA",6197875044,erica@coastalelectricsd.com,http://coastalelectricsd.com/,Erica Henke,https://evitp.org/california/listing/coastal-electrical-service-inc,evitp.org,2026-08-31
37.774751,-122.438224,california,COIL,"1307 Hayes Street, San Francisco, CA 94117, USA",4154127970,connect@coilinc.com,https://www.coil.co/,Bobby Penn,https://evitp.org/california/listing/coil,evitp.org,2026-08-31
38.564514,-121.571364,california,Collins Electrical Company,"1902 Channel Drive, West Sacramento, CA, 95691, USA",9165671100,kfarnum@collinselectric.com,http://www.collinselectric.com/,Kevin Farnum,https://evitp.org/california/listing/collins-electric-company,evitp.org,2026-08-31
36.681639,-121.785922,california,Collins Electrical Company,"385 Reservation Rd, Marina, CA 93933, USA",8313840114,etonnesen@collinselectric.com,http://www.collinselectric.com,Eric Tonnesen,https://evitp.org/california/listing/collins-electrical-company,evitp.org,2026-08-31
37.908416,-121.222991,california,Collins Electrical Company,"3412 Metro Drive, Stockton, CA, USA",2094663691,bgini@collinselectric.com,http://www.collinselectric.com,Brian Gini,https://evitp.org/california/listing/collins-electrical-company-1,evitp.org,2026-08-31
36.766673,-119.72437,california,Collins Electrical Company,"1809 N Helm Ave Ste 7 Fresno, CA 93727",5594548164,dhelsel@collinselectric.com,http://collinselectric.com/,Dave Helsel,https://evitp.org/california/listing/collins-electrical-company-2,evitp.org,2026-08-31
37.708,-121.913013,california,Collins Electrical Company,"6761 Sierra Ct, Dublin, CA, USA",9253920134,rhenry@collinselectric.com,http://www.collinselectric.com,Rick Henry,https://evitp.org/california/listing/collins-electrical-company-3,evitp.org,2026-08-31
37.922307,-122.362268,california,Columbia Riber Electric Maintenance,"California, USA",2536938326,brandon.tobey@brothersecllc.com,https://www.crem-inc.com/,Brandon Tobey,https://evitp.org/california/listing/columbia-riber-electric-maintenance,evitp.org,2026-08-31
37.977491,-122.055691,california,"Comletric, Inc.","1150 Burnett Ave suite a, Concord, CA 94520, USA",9253634405,serviceorder@comletric.com,https://www.comletric.com/,Matt Signorella,https://evitp.org/california/listing/comletric-inc,evitp.org,2026-08-31
33.130165,-117.16681,california,CommWave,"310 S Twin Oaks Valley Rd, San Marcos, CA, USA",7607439283,stan@commwave.com,http://www.commwave.com/,Stanley Sekerke,https://evitp.org/california/listing/commwave,evitp.org,2026-08-31
37.95761,-121.281904,california,Con J Franke Electric,"317 North Grant Street, Stockton, CA 95202, USA",2094620717,barry@cjfranke.com,http://www.cjfranke.com/,Barry Frain,https://evitp.org/california/listing/con-j-franke-electric,evitp.org,2026-08-31
36.767171,-119.786798,california,"Conti, LLC.","14 Morgan, Irvine, CA. 92168, USA",9493370399,kcruz@conticorporation.com,http://conticorporation.com/,Kenny Cruz,https://evitp.org/california/listing/conti-llc,evitp.org,2026-08-31
38.007999,-122.109871,california,Contra Costa Electric,"825 Howe Rd, Martinez, CA 94553, USA",9253352853,kchurch@emcor.net,http://www.ccelectric.com,Kyle Church,https://evitp.org/california/listing/contra-costa-electric,evitp.org,2026-08-31
36.764527,-119.741744,california,"Contra Costa Electric, Inc.","4690 E Carmen Ave, Fresno, CA 93703, USA",5592521114,mfurrer@emcor.net,http://www.ccelectric.com,Matt Furrer,https://evitp.org/california/listing/contra-costa-electric-inc,evitp.org,2026-08-31
40.486586,-122.291634,california,"Converse Construction, Inc.","20553 Sunset Ln, Redding, CA, 96002, USA",5303785591,jeremy@conversecon.com,https://www.conversecon.com/,Jeremy Saunders,https://evitp.org/california/listing/converse-construction-inc,evitp.org,2026-08-31
34.177738,-117.281412,california,Cross Price Electric,"5366 Wall Avenue, San Bernardino, CA 92404, USA",6268312879,ryan@crosspriceelectric.com,http://www.CrossPriceElectric.com,Ryan Cross,https://evitp.org/california/listing/cross-price-electric,evitp.org,2026-08-31
34.111113,-117.935106,california,"Crosstown Electrical & Data, Inc","5454 Diaz St, Irwindale, CA, 91706, USA",6266136693,dave@crosstowndata.com,https://www.crosstowndata.com/,David Heermance,https://evitp.org/california/listing/crosstown-electrical-data-inc,evitp.org,2026-08-31
33.937718,-118.076534,california,"CSI Electrical Contractors, Inc.","10623 Fulton Wells Avenue, Santa Fe Springs, CA 90670, USA",6198239361,steve.kane@csielectric.com,https://csielectric.com/,Steven Kane,https://evitp.org/california/listing/csi-electrical-contractors-inc-1,evitp.org,2026-08-31
33.963753,-118.050627,california,Cupertino Electric,"8190 Byron Rd, Whittier, CA 90606, USA",5626412400,matt_edwards@cei.com,http://www.cei.com,Matt Edwards,https://evitp.org/california/listing/cupertino-electric,evitp.org,2026-08-31
35.389794,-119.040401,california,"Curtis Electrical Construction, Inc.","3109 Antonino Ave, Bakersfield, CA 93308, USA",6613250323,richard@ceciinc.com,http://www.curtiselectricalinc.com/,Richard Curtis,https://evitp.org/california/listing/curtis-electrical-construction-inc,evitp.org,2026-08-31
33.780348,-117.857013,california,Cybertech Electric,"430 W La Veta Ave b, Orange, CA, 92866, USA",7144883576,info@cybertech-electric.com,http://www.cybertech-electric.com/,Gerardo S. Alcantara,https://evitp.org/california/listing/cybertech-electric,evitp.org,2026-08-31
37.559356,-121.984232,california,D&C Electric,"38525 Knute Court, Fremont, CA, , 94536USA",5107897778,office@dcelectricservice.com,https://dcelectricservice.com/,Daniel Mihai,https://evitp.org/california/listing/dc-electric,evitp.org,2026-08-31
37.401713,-121.887492,california,"D&S Electric Group, Inc.","2231 Fortune Drive, San Jose, CA, 95131, USA",4089888870,info@dselectric.us,https://dselectric.us/,John Sare,https://evitp.org/california/listing/ds-electric-group-inc,evitp.org,2026-08-31
34.283282,-119.25471,california,DCP Electric,"3140 Breaker Drive, Ventura, CA 93003, USA",3109566197,pernille@dcpelectric.com,https://dcpelectric.com/,Pernille Christiansen,https://evitp.org/california/listing/dcp-electric,evitp.org,2026-08-31
37.774214,-122.41152,california,Decker Electric,"1282 Folsom Street, San Francisco, CA, 94103 USA",4155521622,dboss@deckerelectric.com,https://www.deckerelectric.com/,Dan Boss,https://evitp.org/california/listing/decker-electric,evitp.org,2026-08-31
36.778261,-119.417932,california,"Decker Electric, Inc.","California, USA",13162658182,bwilson@decker-electric.com,https://www.decker-electric.com/,Ben Wilson,https://evitp.org/california/listing/decker-electric-inc,evitp.org,2026-08-31
34.18492,-118.908507,california,Diligent Group,"3050 Field Avenue, Los Angeles, CA, 90016, USA",3234074202,diligentgrp@outlook.com,,Daniel Molina,https://evitp.org/california/listing/diligent-group,evitp.org,2026-08-31
34.152526,-118.759131,california,DNZ Electrical Services,"5627 Kanan Rd. Suite 200, Agoura Hills, CA, 91301, USA",8185141417,info@dnzpropertyservices.com,https://www.dnzpropertyservices.com/,Nikolay Zubyan,https://evitp.org/california/listing/dnz-electrical-services,evitp.org,2026-08-31
34.103856,-118.759723,california,Doneen Electric,"29109 Triunfo Drive, Agoura Hills, CA, 91301, USA",8189617500,noah@doneenelectric.com,https://doneenelectric.com/,Noah Doneen,https://evitp.org/california/listing/doneen-electric,evitp.org,2026-08-31
34.105603,-117.802765,california,"DSE Electric, Inc.","150 South Walnut Avenue, Suite B. San Dimas, CA 91773, USA",9093050644,carlos@dseelectric.com,https://www.dseelectric.com/,Carlos Estrada,https://evitp.org/california/listing/dse-electric-inc,evitp.org,2026-08-31
33.807571,-118.055292,california,DynaElectric L.A.  / KDC Systems,"4462 Corporate Center Dr, Los Alamitos, CA 90720, USA",71482870002364,dknupp@dyna-la.com,http://www.dyna-la.com,Dean Knupp,https://evitp.org/california/listing/dynaelectric,evitp.org,2026-08-31
32.771305,-117.033492,california,E & G Electrical Innovations,"7620 Saranac Ave, La Mesa, CA, USA",6197503206,gerry@egelectricalinnovations.com,http://www.egelectricalinnovations.com,Gerry Saucedo,https://evitp.org/california/listing/e-g-electrical-innovations,evitp.org,2026-08-31
38.476363,-122.66735,california,E Fitzgerald Inc.,"728 Benjamins Road, Santa Rosa, CA, 95409, USA",7077910146,,https://efielectric.com/,Scott Conners,https://evitp.org/california/listing/e-fitzgerald-inc,evitp.org,2026-08-31
37.731673,-122.375667,california,"E J Weber Electric Company, Inc.","895 Innes Avenue, San Francisco, CA, 94124 USA",4156419300,scottm@ejweber.com,http://ejweber.com/,Scott Michaletti,https://evitp.org/california/listing/e-j-weber-electric-company-inc,evitp.org,2026-08-31
36.950107,-121.834039,california,"EGA Networks, Inc.","344 Larkin Vista Lane, Watsonville, CA, 95076, USA",8052490036,admin@rganetworks.com,https://eganetworks.com/,Alan Anderson,https://evitp.org/california/listing/ega-networks-inc,evitp.org,2026-08-31
34.162227,-118.374979,california,EHT Construction,"5053 Fair Ave, North Hollywood, CA, 91601, USA",4243437058,kevin@ehtconstruction.com,https://ehtconstruction.com/,Kevin Shahumyan,https://evitp.org/california/listing/eht-construction,evitp.org,2026-08-31
33.623679,-117.673321,california,"Electreecity Contractors & Design, Inc.","26185 La Real unit #c, Mission Viejo, CA, 92691, USA",9495376305,info@electreecity.us,https://electreecity.us/,Ramin Arabpour,https://evitp.org/california/listing/electreecity-contractors-design-inc,evitp.org,2026-08-31
36.726526,-119.782683,california,Electric Motor Shop,"253 Fulton Street, Fresno, CA 93721, USA",5596501128,ray.keith@electricmotorshop.com,https://www.electricmotorshop.com,Ray Keith,https://evitp.org/california/listing/electric-motor-shop,evitp.org,2026-08-31
35.269248,-120.667779,california,"Electricraft, Inc.","200 Suburban Rd. - Suite A San Luis Obispo, CA 93401",8055448224,wtreder@electricraftinc.com,http://www.electricraftinc.com,Jon W. Treder,https://evitp.org/california/listing/electricraft-inc,evitp.org,2026-08-31
34.183745,-118.168906,california,Electro Construction Corp.,"2225 Windsor Avenue, Altadena, CA 91001, USA",3236604141,ru@electroconstruction.com,https://www.electroconstruction.com/,Rune A. Jensen,https://evitp.org/california/listing/electro-construction-corp,evitp.org,2026-08-31
40.940587,-124.102182,california,Elements of Earth and Energy,"1928 Central Avenue #147, McKinleyville, CA 95519, USA",8052310822,Jeff@CALLeee.com,https://calleee.com/,Jeff Trirogoff,https://evitp.org/california/listing/elements-of-earth-and-energy,evitp.org,2026-08-31
34.010888,-117.490052,california,"Elite Electric, Inc.","9415 Bellegrave Avenue, Riverside, CA, 92509, USA",9516815811,krista@elite-electricinc.com,https://www.elite-electricinc.com/,Krista Olson,https://evitp.org/california/listing/elite-electric-inc,evitp.org,2026-08-31
34.617629,-120.191425,california,"Endelos Energy, Inc.","593 Avenue of Flags #105, Buellton, CA, 93427, USA",8058864788,rarnston@endelosenergy.com,https://endelosenergy.com/,Randy Arnston,https://evitp.org/california/listing/endelos-energy-inc,evitp.org,2026-08-31
37.794353,-122.275647,california,Energy Conservation Options,"66 Franklin Street, Oakland, CA, USA",5106478450,,http://www.ecoptions.biz,Dahlia Moodie,https://evitp.org/california/listing/energy-conservation-options,evitp.org,2026-08-31
33.739627,-117.763499,california,Energy Management Pros,"2426 Whispering Trail, Irvine, California, 92602 USA",9512555064,jason@energymanagementpros.com,https://www.energymanagementpros.com/,Jason Washington,https://evitp.org/california/listing/energy-management-pros,evitp.org,2026-08-31
36.778261,-119.417932,california,"Envirospark Energy Solutions, Inc.","California, USA      San Jose, CA",4047369173,info@envirosparkenergy.com,https://envirosparkenergy.com/,Brad Ewing,https://evitp.org/california/listing/envirospark-energy-com,evitp.org,2026-08-31
37.874011,-122.273125,california,"EVCHARGE4U, Inc.","1805 Martin Luther King Jr Way, Berkeley, CA. 94709, USA",5107793645,hello@evcharge4u.com,http://www.evcharge4u.com/,,https://evitp.org/california/listing/evcharge4u-inc,evitp.org,2026-08-31
37.421494,-122.136771,california,"Evercharge, Inc.","450 Lambert Avenue, Palo Alto, CA 94306, USA",8883427383,mattv@evercharge.com,https://evercharge.com/,Matthew Voorheis,https://evitp.org/california/listing/evercharge-inc,evitp.org,2026-08-31
33.025956,-117.283513,california,"Evolution Electrical Contractors, LLC","1863 Montgomery Ave, Cardiff, CA, 92007, USA",7608407760,evolutionllc.sd@gmail.com,https://evolutionelectricalcontractors.com/,Justin A. Kriney,https://evitp.org/california/listing/evolution-electrical-contractors-llc,evitp.org,2026-08-31
33.025956,-117.283513,california,"Evolution Electrical Contractors, LLC","1863 Montgomery Ave, Cardiff, CA 92007, USA",7608407760,evolutionllc.sd@gmail.com,https://evolutionelectricalcontractors.com/,Justin A. Kriney,https://evitp.org/california/listing/evolution-electrical-contractors-llc-1,evitp.org,2026-08-31
34.067973,-117.22057,california,Faith Electric,"1980 Orange Tree Lane ste 106, Redlands, CA 92374, USA",7149246252,dominic.ambriz@faithelectricllc.com,https://faithelectricllc.com/,Dominic Ambriz,https://evitp.org/california/listing/faith-electric,evitp.org,2026-08-31
34.079171,-117.578858,california,Ferreira Coastal Construction,"10370 Commerce Center Dr ste b 200, Rancho Cucamonga, CA 91730, USA",9097366209,kerickson@ferreiraconstruction.com,https://ferreiraconstruction.com/,Kathy Erickson,https://evitp.org/california/listing/ferreira-coastal-construction,evitp.org,2026-08-31
37.235543,-121.897874,california,"Finish Line Electric, Inc.","5732 Condor Cir, San Jose, CA, 95118, USA",4087718148,jeff.parsons@finishlineled.com,https://finishlineled.com/,Jeffrey Parsons,https://evitp.org/california/listing/finish-line-electric-inc,evitp.org,2026-08-31
37.695086,-121.900417,california,First Edison,"4695 Chabot Dr suite 200, Pleasanton, CA,  94588 USA",9252098188,bob@firstedison.com,https://firstedison.com/,Bobby Chaudhuri,https://evitp.org/california/listing/first-edison,evitp.org,2026-08-31
32.784609,-115.526959,california,Five Star Electric,"903 Industry Way, Suite A. El Centro, CA. 92243, USA",7603705556,office@fivestar-electric.net,https://fivestarofimperialvalley.com/,Tommy Rea,https://evitp.org/california/listing/five-star-electric,evitp.org,2026-08-31
33.491756,-117.670756,california,"Four-A Electric, Inc.","32432 Alipaz Street suite c, San Juan Capistrano, CA 92675, USA",9492408844,chad@fouraelectric.com,https://fouraelectric.com/,Chad Beaudry,https://evitp.org/california/listing/four-a-electric,evitp.org,2026-08-31
33.976305,-116.509072,california,"Fox Company Electric, LLC","66064 Mission Lakes Blvd, Desert Hot Springs, CA 92240, USA",9512369559,kmfoxco2095@gmail.comgmail.com,https://foxcompanyelectric.com/,Kevin Morrison,https://evitp.org/california/listing/fox-comppany-electric-llc,evitp.org,2026-08-31
32.766414,-117.201788,california,Fuller Electric,"1018 Cudahy Pl, San Diego, CA 92110, USA",6192765411,E3@FullerElectric.com,http://www.FullerElectric.com,,https://evitp.org/california/listing/fuller-electric,evitp.org,2026-08-31
37.385747,-121.938636,california,"Fuse Service, inc.","3314 Victor Ct, Santa Clara, CA, 95054, USA",6692425354,support@fuseservice.com,https://www.fuseservice.com/,Ruslan Khusniyarov,https://evitp.org/california/listing/fuse-service-inc,evitp.org,2026-08-31
34.437079,-119.808205,california,Garcia Electrical Contractor,"130 S Patterson Ave 264, Goleta, CA, 93116, USA",8056976000,,https://www.gec-elec.com/,Fred Garcia,https://evitp.org/california/listing/garcia-electrical-contractor,evitp.org,2026-08-31
35.112294,-120.600706,california,Generations of Electrical Service Inc.,"402 S Elm St, Arroyo Grande, CA 93420, USA",8058011495,electrician639@aol.com,,Michael Schmidt,https://evitp.org/california/listing/generations-of-electrical-service-inc,evitp.org,2026-08-31
37.764681,-121.428699,california,"Gentec Services, Inc.","252 West Larch Road, Tracy, California, USA, 95304",9252344905,jscerbo@gentecservices.com,https://www.gentecservices.com/,Joe Scerbo,https://evitp.org/california/listing/gentec-services-inc,evitp.org,2026-08-31
34.526923,-117.220139,california,Giant Power Comm,"20258 Hwy 18 #430-254 Apple Valley, CA 92307",7606843580,brian@giantpowercomm.com,http://giantpowercomm.com/,Brian Downs,https://evitp.org/california/listing/giant-power-comm,evitp.org,2026-08-31
33.982539,-118.46919,california,Girard Electric,"15 25th Ave, Venice, Los Angeles, California, 90291 USA",8584377608,Girardelectricsandiego@gmail.com,,Zachary Girard,https://evitp.org/california/listing/girard-electric,evitp.org,2026-08-31
35.391004,-119.145106,california,"Gold Coast Electric, Inc.","12802 Meacham Rd, Bakersfield, CA 93312, USA",6617501517,michael@goldcoastelectric.com,http://www.goldcoastelectric.com/,Michael Heinemann,https://evitp.org/california/listing/gold-coast-electric-inc,evitp.org,2026-08-31
38.472651,-122.736225,california,Golden State Electric,"947 Piner Place, Santa Rosa, CA, USA",7075754111,info@goldenstateelectric.com,http://www.goldenstateelectric.com/,James Carvecho,https://evitp.org/california/listing/golden-state-electric,evitp.org,2026-08-31
33.685501,-117.334699,california,GrayBirch Construction,"18537 Collier Avenue, Lake Elsinore, CA, 92530, USA",3232035190,,,,https://evitp.org/california/listing/graybirch-construction,evitp.org,2026-08-31
39.147111,-121.592807,california,Green Options Electric,"1109 F St, Marysville, CA, 95901, USA",9168218852,p.yartz@yahoo.com,https://greenoptionelectric.com/,Paul Yartz,https://evitp.org/california/listing/green-options-electric,evitp.org,2026-08-31
34.072878,-118.435328,california,Green Water and Power,"479 Dalehurst Avenue, Los Angeles, CA 90024, USA",3474155903,danny@greenwaterandpower.com,http://greenwaterandpower.com/,Danny Gold,https://evitp.org/california/listing/green-water-and-power,evitp.org,2026-08-31
34.059156,-117.705419,california,Hampton Tedder Electric Co.,"4571 State Street, Montclair, CA, 91763 USA",9092080777,frank.aguilar@hamptontedder.com,http://hamptontedder.com/,Frank Aguilar,https://evitp.org/california/listing/hampton-tedder-electric-co,evitp.org,2026-08-31
38.59765,-121.261811,california,Hangtown Electric,"11419 Sunrise Gold Cir Unit #1, Rancho Cordova, CA 95742",9168590500,info@hangtownelectric.com,http://www.hangtownelectric.com,Terri Smith,https://evitp.org/california/listing/hangtown-electric,evitp.org,2026-08-31
39.715539,-121.819002,california,"Hankins Group, Inc.","34 Bellarmine Ct, Chico, CA, 95928, USA",5303458009,dave@hankinsgroup.com,https://hankinsgroupinc.com/,David Fuller,https://evitp.org/california/listing/hankins-group-inc,evitp.org,2026-08-31
34.129154,-117.866056,california,"Heim Electric, Inc.","147 West Route 66 #706, Glendora, CA,  91740 USA",2132208588,heimelectric@ymail.com,https://heimelectricca.com/,Soo Kyung Kim,https://evitp.org/california/listing/heim-electric-inc,evitp.org,2026-08-31
37.33243,-121.852189,california,Hertz Electric,"1150 McLaughlin Avenue, San Jose, CA 95122, USA",4156760598,arash@thehertzelectric.com,https://www.thehertzelectric.com/,Arash Ardeshirpoor,https://evitp.org/california/listing/hertz-electric,evitp.org,2026-08-31
33.130742,-117.127992,california,HMT Electric,"2340 Meyers Ave, Escondido, CA 92029, USA",8584589771,brianh@hmtelectric.com,http://www.hmtelectric.com,Brian Hudak,https://evitp.org/california/listing/hmt-electric,evitp.org,2026-08-31
33.130742,-117.127992,california,HMT Renewable Energy,"2340 Meyers Ave, Escondido, CA 92029, USA",8584589771,brianh@hmtelectric.com,http://www.hmtelectric.com,Brian Hudak,https://evitp.org/california/listing/hmt-renewable-energy,evitp.org,2026-08-31
37.386391,-121.90673,california,"Home Networks, Electric & Solar, Inc.","838 Charcot Ave, San Jose, CA, 95131, USA",4082544663,rgarcia@homenes.com,https://homenes.com/,"Randy D. Garcia, Sr.",https://evitp.org/california/listing/home-networks-electric-solar-inc,evitp.org,2026-08-31
36.757377,-119.741728,california,"Howe Electric Construction, Inc.","4682 East Olive Avenue, Fresno, CA, 93702, USA",5592558992,david.edwards@howe-electric.com,https://howe-electric.com/,David Edwards,https://evitp.org/california/listing/howe-electric-construction-inc,evitp.org,2026-08-31
38.329342,-122.709667,california,HVAC Controls Corp,"Cotati, CA",7077949360,kentyler@hvaccontrolscorp.com,http://www.hvaccontrolscorp.com/,Ken Tyler,https://evitp.org/california/listing/hvac-controls-corp,evitp.org,2026-08-31
32.854132,-116.978222,california,"I-Wire SD Electric, Inc.","10049 Conejo Place, Santee, CA, 92071, USA",6199716479,dave@iwiresd.com,https://i-wire-sd.com/,David Rose,https://evitp.org/california/listing/i-wire-sd-electric-inc,evitp.org,2026-08-31
36.704366,-119.735636,california,Imperial Electric Services,"2677 S. Chestnut Ave Fresno, CA 93725, USA",5599038909,windell@imperialelectricserviceinc.com,http://www.imperialelectricservice.com,Windell Pasxascio Jr.,https://evitp.org/california/listing/imperial-electric-services-inc,evitp.org,2026-08-31
34.438362,-119.850398,california,"Imperial Electric, LLC","6445 Calle Real, Goleta, CA 93117, USA",8056810676,dtate@imperialelectric-llc.com,,Dawnna Tate,https://evitp.org/california/listing/imperial-electric-llc,evitp.org,2026-08-31
34.016689,-118.493205,california,InCharge Energy,"1433 5th Street, Santa Monica, CA, 90401, USA",7144048192,brent.elliot@inchargeus.com,https://inchargeus.com/,Brent Elliot,https://evitp.org/california/listing/incharge-energy,evitp.org,2026-08-31
33.626546,-117.285562,california,Independent Electric Company,"21415 Bundy Canyon Road, Wildomar, CA, 92595, USA",9517277777,tyson@independentelectric.com,https://independentelectric.com/,Tyson Pollitt,https://evitp.org/california/listing/independent-electric-company,evitp.org,2026-08-31
40.880138,-123.987074,california,InnerLight,"631 1/2 1st Ave, Blue Lake, CA, 95525, USA",7073625439,innerlighthumboldt@gmail.com,,Joseph O’Gorman,https://evitp.org/california/listing/innerlight,evitp.org,2026-08-31
37.498381,-122.244783,california,InterMountain Electric,"947 Washington St, San Carlos, CA 94070, USA",6505917188,david@im-electric.com,http://www.im-electric.com,David Signorello,https://evitp.org/california/listing/intermountain-electric,evitp.org,2026-08-31
33.711847,-117.846004,california,"Iteris, Inc","1700 Carnegie Avenue suite 100, Santa Ana, CA 92705, USA",6576528288,bakerley@iteris.com,https://www.iteris.com/,Brian Akerley,https://evitp.org/california/listing/iteris-inc,evitp.org,2026-08-31
36.67207,-121.641548,california,J M Electric,"400 Griffin Street, Salinas, CA 93901, USA",8314227819,info@jmelectric.com,http://www.jmelectric.com/,Chris Jensen,https://evitp.org/california/listing/j-m-electric,evitp.org,2026-08-31
38.343696,-122.684537,california,J&A Electric,"1479 Jasmine Circle, Rohnert Park, CA, USA",7078002569,jalcazar@jandaelectricinc.com,http://www.jandaelectricinc.com,Jorge Alcazar,https://evitp.org/california/listing/ja-electric,evitp.org,2026-08-31
33.924334,-117.949786,california,"J-Core Electric, Inc.","430 West Lambert Road, La Habra, CA, 90631 USA",7147596910,jmoreno@jcore-electric.com,https://jcoreelectric.com/,Jose L. Moreno,https://evitp.org/california/listing/j-core-electric-inc,evitp.org,2026-08-31
32.622504,-116.987532,california,"Jakez Electric, Inc.","1625 Santa Venetia Street, Chula Vista, CA 91913, USA",6198415928,hugo@jakezelectricinc.com,,Hugo Jaquez,https://evitp.org/california/listing/jakez-electric-inc,evitp.org,2026-08-31
35.391609,-119.121868,california,Jennings Electric,"10709 Cave Ave, Bakersfield, CA 93312, USA",6615788806,bookerj@mail.com,https://jenningselectric.net/,Booker J. Jennings,https://evitp.org/california/listing/jennings-electric,evitp.org,2026-08-31
33.921791,-118.055585,california,"Johnson Peltier, Inc.","12021 Shoemaker Avenue, Santa Fe Springs, CA 90670, USA",5629443408,gkelley@johnson-peltier.com,https://johnson-peltier.com/,Greg Kelley,https://evitp.org/california/listing/johnson-peltier-inc,evitp.org,2026-08-31
34.403136,-118.403919,california,"Jovi Electric, LLC","15360 Live Oak Springs Canyon Road, Canyon Country, CA, 91387, USA",6612475199,jovielectric@gmail.com,https://jovielectric.com/,Adrian Duran,https://evitp.org/california/listing/jovi-electric-llc,evitp.org,2026-08-31
37.368218,-121.962104,california,"JRP Electric, Inc.","2110 Walsh Ave suite C, Santa Clara, CA, 95050, USA",4084260068,jrpizano@jrpelectric.com,,Johnny Rene Pizano,https://evitp.org/california/listing/jrp-electric-inc,evitp.org,2026-08-31
34.920457,-120.442314,california,"Kinyon Construction, Inc.","Betteravia Road, Santa Maria, CA, 93455, USA",8058353890,billg@kinyonconstruction.com,,Bill Gerber,https://evitp.org/california/listing/kinyon-construction-inc,evitp.org,2026-08-31
36.721042,-119.339654,california,Laibe Electric Co.,"California, USA",14197248200,mikedeaton@laibe.com,https://laibe.com/,Michael A. Deaton,https://evitp.org/california/listing/laibe-electric-co,evitp.org,2026-08-31
38.929278,-120.780237,california,Lakeview Electric,"California, USA",7752327023,erickeller@lakeviewelectricllc.com,https://www.lakeviewelectricllc.com/,Eric Keller,https://evitp.org/california/listing/lakeview-electric,evitp.org,2026-08-31
33.285793,-117.221225,california,Landers Electric,"31551 Calle De Las Rosas, Bonsall, CA, 92003, USA",7606907517,info@landerselectric.net,https://www.landerselectric.net/,Stephan Landers,https://evitp.org/california/listing/landers-electric,evitp.org,2026-08-31
33.129744,-117.125832,california,"Laser Electric, Inc.","650 Opper Street, Escondido, CA, 92029, USA",6194819179,mikemarrone@laserelectric.com,https://laserelectric.com/,Mike Marrone,https://evitp.org/california/listing/laser-electric-inc,evitp.org,2026-08-31
37.659236,-121.026836,california,"Layman Electric, Inc.","1628 Culpepper Avenue, Modesto, CA, 95351, USA",2096045473,jbrooks@laymanelectric.com,https://laymanelectric.com/,Justin Brooks,https://evitp.org/california/listing/layman-electric-inc,evitp.org,2026-08-31
33.893129,-118.051523,california,LEED Electric Inc.,"13138 Arctic Circle, Santa Fe Springs, CA 90670, USA",5622709500,info@leedelectric.com,http://www.leedelectric.com/,Seth Jamali,https://evitp.org/california/listing/leed-electric-inc,evitp.org,2026-08-31
37.769366,-121.216568,california,"Lewis Electrical, Inc.","2251 Beppe Ave, Manteca, CA, 95337,USA",9095338725,mlewis@lewis-electrical.net,https://www.lewiselectrical.org/,Michael Lewis,https://evitp.org/california/listing/lewis-electrical-inc,evitp.org,2026-08-31
37.599176,-122.372322,california,Liberty Electric of San Mateo,"831 Malcolm Rd, Burlingame, CA, 94401 USA",6506524744,Dewell@libertyelectric.com,,Dewell Goodman,https://evitp.org/california/listing/liberty-electric-of-san-mateo,evitp.org,2026-08-31
33.972702,-118.045733,california,Los Angeles Electric Co.,"12414 Whittier Blvd. Whittier, CA 90602",8185461181,tony@laelectricco.com,,Anthony Perez,https://evitp.org/california/listing/los-angeles-electric-co,evitp.org,2026-08-31
33.66817,-117.882573,california,"Low Current Systems, LLC","270 Bristol Street, STE 101-181, Costa Mesa, CA. 92626",9495146404,support@lcs-service.com,https://lcs-service.com/,Dennis Zverev,https://evitp.org/california/listing/low-current-systems-llc,evitp.org,2026-08-31
37.513552,-122.326215,california,"LumiSOL, Inc.","3915 Christian Drive, Belmont, CA, 94002, USA",6502991152,lumisol.ev@gmail.com,https://www.lumisol-ev.com,Leopoldo Zaragoza,https://evitp.org/california/listing/lumisol-inc,evitp.org,2026-08-31
38.411019,-122.795054,california,Lunardi Electirc,"5334 Sebastopol Road, Santa Rosa, CA 95407, USA",7075454755,jolene@lunardielectric.com,http://www.lunardielectric.com,Jolene Corcoran,https://evitp.org/california/listing/lunardi-electirc,evitp.org,2026-08-31
34.046759,-118.027684,california,"Lux Solutions, LLC","12123 Barringer Street, South El Monte, CA, 91733 USA",6266645289,gvasquez@luxsolutions.com,,Gerardo Vasquez,https://evitp.org/california/listing/lux-solutions-llc,evitp.org,2026-08-31
35.350825,-119.118306,california,"Macano Tech, LLC.","121 Canyon Creek Way, Oceanside, CA, USA 92057",7136142205,norman@macanotech.com,https://www.macanotech.com/,Norman Romero,https://evitp.org/california/listing/macano-tech-llc,evitp.org,2026-08-31
37.532361,-120.881114,california,Mann Electric,"PO Box 2075 Turlock, CA 95381",2096696802,jenni@mannelectric.net,,Jennifer Mann Becker,https://evitp.org/california/listing/mann-electric,evitp.org,2026-08-31
33.929718,-117.561557,california,Matrix NAC,"2004 Tandem Way, Norco, CA 92860, USA",6108769292,stevenlamastra@matrixservicecompany.com,https://www.matrixnac.com/,Steven LaMastra,https://evitp.org/california/listing/matrix-nac,evitp.org,2026-08-31
33.890665,-118.165615,california,MB Herzog Electric,"15709 Illinois Ave, Paramount, CA 90723, USA",5625312002,Nolan@herzogelectric.com,http://www.herzogelectric.com,Nolan Herzog,https://evitp.org/california/listing/mb-herzog-electric,evitp.org,2026-08-31
34.005339,-117.683863,california,MC Contracting,"13619 12th St. Unit B. Chino, CA 91710, USA",9098418831,info@mcelectricpro.com,https://www.mcelectricpro.com/,Mario Chavez,https://evitp.org/california/listing/mc-contracting,evitp.org,2026-08-31
37.776719,-122.409606,california,"McClure Electric, Inc.","45 Rausch Street, San Francisco, CA, 94103 USA",4158645656,tmcclurejr@mcclureelectric.com,,Thomas McClure,https://evitp.org/california/listing/mcclure-electric-inc,evitp.org,2026-08-31
38.258714,-122.271706,california,"MEL Electric, Inc.","902 Enterprise Way, Napa, CA, 94558 USA",7076662976,matt@melelectricinc.com,https://www.melelectricinc.com/,Matt Lopez,https://evitp.org/california/listing/mel-electric-inc,evitp.org,2026-08-31
37.759258,-122.388788,california,Metropolitan Electric,"2400 3rd Street, San Francisco, CA 94107, USA",4156423073,mmcauliffe@metroelectric.com,https://www.metroelectric.com/,Mike McAuliffe,https://evitp.org/california/listing/metropolitan-electric,evitp.org,2026-08-31
38.341517,-122.718727,california,"Mike Brown Electric, Co.","561 Mercantile Drive, Cotati, CA, 94931, USA",70779281007,ericn@mbelectric.com,http://mbelectric.com/,Eric  Nogleberg,https://evitp.org/california/listing/mike-brown-electric-co,evitp.org,2026-08-31
34.22133,-118.213831,california,Miller Electric Company,"California, USA",9048324423,mhall@mecojax.com,https://www.mecojax.com/,Mike Hall,https://evitp.org/california/listing/miller-electric-company,evitp.org,2026-08-31
34.003253,-117.700361,california,"MJK Construction, Inc.","4780 Cheyenne Way, Chino, CA, 91710, USA",8006981645,jeff.madaus@mjkconstruction.com,https://mjkconstruction.com/,Jeff Madaus,https://evitp.org/california/listing/mjk-construction-inc,evitp.org,2026-08-31
34.038666,-118.422152,california,MLS Electric,"P.O. Box 641836, Los Angeles, CA. 90064",4243315120,mlselectric1@outlook.com,https://mlselectric.co/,MonicaBrogdon,https://evitp.org/california/listing/mls-electric,evitp.org,2026-08-31
35.331146,-119.030422,california,MM Energy and Lighting,"2601 Hughes Ln, Bakersfield, CA, 93304, USA",8186914290,mmartinez@mmeandl.com,,Manuel Martinez Rodriguez,https://evitp.org/california/listing/mm-energy-and-lighting,evitp.org,2026-08-31
37.714392,-120.999955,california,Modesto Executive Electric,"446 Charity Way suite 1, Modesto, CA, 95356, USA",2092389898,estimates@modexelec.com,https://www.modestoexecutiveelectric.com/,Daniel Stall,https://evitp.org/california/listing/modesto-executive-electric,evitp.org,2026-08-31
32.709074,-117.076751,california,"Moor Electric, Inc.","5505 Stevens Way #740504, San Diego, CA. USA, 92114-9998",6192500380,info@moorelectric-sd.com,https://www.moorelectric-sd.com/,Dwayne Henry,https://evitp.org/california/listing/moor-electric-inc,evitp.org,2026-08-31
34.075197,-118.430264,california,Morrow-Meadows Corp. - City of Industry,"231 Benton Court, City of Industry, CA 91789, USA",9095987700,estanos@morrow-meadows.com,http://www.morrow-meadows.com,Ed Stanos,https://evitp.org/california/listing/morrow-meadows-corp-1,evitp.org,2026-08-31
37.496774,-122.245271,california,Morrow-Meadows Corp. - San Carlos,"1050 Bing Street, San Carlos, CA 94070, USA",6506340682,craby@morrow-meadows.com,http://www.morrow-meadows.com,Chris Raby,https://evitp.org/california/listing/morrow-meadows-corp,evitp.org,2026-08-31
33.825252,-117.916179,california,Morrow-Meadows Corporation - Anaheim,"800 South Harbor Boulevard, Suite 120, Anaheim, CA 92805, USA",3106070375,info@morrow-meadows.com,http://www.morrow-meadows.com,,https://evitp.org/california/listing/morrow-meadows-corporation-2,evitp.org,2026-08-31
37.612013,-122.05205,california,Morrow-Meadows Corporation - Hayward,"1255 Zephyr Avenue, Hayward, CA 94544, USA",5108760815,info@morrow-meadows.com,http://www.morrow-meadows.com,,https://evitp.org/california/listing/morrow-meadows-corporation-3,evitp.org,2026-08-31
33.943368,-118.37311,california,Morrow-Meadows Corporation - Los Angeles,"5340 West 102nd Street, Los Angeles, CA 90045, USA",7143993746,info@morrow-meadows.com,http://www.morrow-meadows.com,,https://evitp.org/california/listing/morrow-meadows-corporation-1,evitp.org,2026-08-31
34.006725,-117.849322,california,Morrow-Meadows Corporation - Walnut,"620 Reyes Drive, Walnut, CA 91789, USA",9095944161,info@morrow-meadows.com,http://www.morrow-meadows.com,,https://evitp.org/california/listing/morrow-meadows-corporation,evitp.org,2026-08-31
33.973801,-118.357831,california,Mr. Electric of Inglewood,"815 N La Brea Ave, Inglewood, CA, 90302USA",3233143603,terry.duncan@mrelectric.com,https://mrelectric.com/inglewood,Terry Duncan Jr.,https://evitp.org/california/listing/mr-electric-of-inglewood,evitp.org,2026-08-31
37.435154,-121.898834,california,Mr. Electric of Palo Alto,"142 N Milpitas Blvd #252, Milpitas, CA 95035, USA",6505010533,paloalto.owner@mrelectric.com,https://mrelectric.com/palo-alto,Terry Duncan,https://evitp.org/california/listing/mr-electric-of-palo-alto,evitp.org,2026-08-31
33.981947,-117.369399,california,Mr. Electric of Riverside,"3600 Lime Street bldg 2, Riverside, CA, 92501, USA",9517328986,riverside@mrelectric.com,https://mrelectric.com/riverside,Sanjeevan Venkataya,https://evitp.org/california/listing/mr-electric-of-riverside,evitp.org,2026-08-31
33.683104,-117.170033,california,"My Electrician, Inc.","30141 Antelope Road, Suite D673, Menifee, CA. 92584, USA",8583866510,brianalston@myelectricalguy.com,https://myelectricalguy.com/,Brian M. Alston,https://evitp.org/california/listing/my-electrician-inc,evitp.org,2026-08-31
34.143994,-118.596471,california,Mylestone Technologies,"21259 Mulholland Drive, Woodland Hills, CA, 91364, USA      9631 Cimarron Street, Los Angeles, CA. 90047",3239047931,floyd@mylestonetech.com,https://www.mylestonetech.com/,,https://evitp.org/california/listing/mylestone-technologies,evitp.org,2026-08-31
37.619034,-122.406656,california,Nathan Cole Construction,"204 San Anselmo Ave N, San Bruno, CA, 94066, USA",4155245518,nathancoleconstruction@gmail.com,https://nathancoleconstruction.com/,Nathan Cole,https://evitp.org/california/listing/nathan-cole-construction,evitp.org,2026-08-31
32.911915,-116.953832,california,National Electric Works,"4440 Rainier Avenue, Suite 101, San Diego, CA, 92120, USA",6195282880,estimating@nationalelectricworks.com,https://www.nationalelectricworks.com/,Rj Free,https://evitp.org/california/listing/national-electric-works,evitp.org,2026-08-31
33.14386,-117.231142,california,Neal Electric,"2790 Business Park Drive, Vista, CA, 92081, USA",8585132525,d.miller@nealelectric.com,https://www.nealelectric.com/,David Miller,https://evitp.org/california/listing/neal-electric,evitp.org,2026-08-31
37.719925,-122.168928,california,"Net Electric, Inc.","PO Box 922, San Leandro, CA. 94577, USA",8663342400,info@netelectric.biz,https://netelectric.biz/,Nathan Tyler,https://evitp.org/california/listing/net-electric-inc,evitp.org,2026-08-31
33.801759,-118.038598,california,Neubauer,"11072 Via El Mercado, Los Alamitos, CA 90720, USA",7148977000,brian.cathey@neubauerelectric.com,http://www.neubauerelectric.com/,,https://evitp.org/california/listing/neubauer,evitp.org,2026-08-31
32.754882,-117.222636,california,"New Leaf Electric, Inc.","3960 W. Point Loma Blvd. Suite H234, San Diego, CA. USA, 92110",6197872448,eric@newleafelectric.com,https://www.newleafelectric.com/,Eric M. Liebernan,https://evitp.org/california/listing/new-leaf-electric-inc,evitp.org,2026-08-31
34.428196,-118.330286,california,New River Electrical Corporation,"California, USA",15405267501,ahartsfield@nrec.net,https://www.newriverelectrical.com/,Jonathan Aaron Hartsfield,https://evitp.org/california/listing/new-river-electrical-corporation,evitp.org,2026-08-31
33.857549,-117.971034,california,"Nexro Energy, Inc.","1407 Peckham St ste 16, Fullerton, CA, USA",3106347149,,https://nexroenergy.com/,Asem Sallam,https://evitp.org/california/listing/nexro-energy-inc,evitp.org,2026-08-31
37.927041,-122.059197,california,Ngoc Thanh Electric,"1255 Treat Blvd. Ste 300, Walnut Creek, CA.  94597, USA",9253397261,info@ngocthanhelectric.com,https://ngocthanhelectric.com/,Thanh Diep,https://evitp.org/california/listing/ngoc-thanh-electric,evitp.org,2026-08-31
38.901449,-121.066868,california,Norris Electric,"700 Lincoln Way, Auburn, CA 95603, USA",5308858421,ronc@norris-electric.com,https://www.norris-electric.com/,,https://evitp.org/california/listing/norris-electric,evitp.org,2026-08-31
38.505487,-122.791302,california,Northern Electric Inc.,"3190 Regional Parkway, Santa Rosa, CA, USA",7075712265,jim@northernelectric.com,http://www.northernelectric.com,Jim Chiappari,https://evitp.org/california/listing/northern-electric-inc,evitp.org,2026-08-31
34.240093,-118.594486,california,O'Bryant Electric Inc.,"9314 Eton Ave, Chatsworth, CA, 91311, USA",8184071986,raull@obryantelectric.com,,,https://evitp.org/california/listing/obryant-electric-inc,evitp.org,2026-08-31
37.806342,-122.269509,california,OBR Electric,"447 17th Street, Oakland, CA, 94510, USA",5105668106,oscar@obrelectric.com,,Oscar Barragan,https://evitp.org/california/listing/obr-electric,evitp.org,2026-08-31
36.778261,-119.417932,california,OEG Inc.,"California, USA",5037296498,jon.swanson@oeg.us.com,https://oeg.us.com/,Jon Swanson,https://evitp.org/california/listing/oeg-inc,evitp.org,2026-08-31
34.29916,-119.295867,california,Oilfield Electric & Motot,"1801 North Ventura Avenue, Ventura, CA, 93001, USA",8056483131,info@oilfld.com,https://www.oilfld.com/,Derek Sweezy,https://evitp.org/california/listing/oilfield-electric-motot,evitp.org,2026-08-31
37.230695,-121.775507,california,Olson Electric Services,"117 Bernal Rd #70, San Jose, CA 95119, USA",7757628681,lisa.wallace@olsonelectrical.com,http://www.olsonelectrical.com,Lisa Wallace,https://evitp.org/california/listing/olson-electric-services,evitp.org,2026-08-31
33.860914,-117.885894,california,"Omega Construction Services, Inc.","2471 East Orangethorpe Avenue, Fullerton, CA, 92831, USA",2137006600,brian@omegacsinc.com,https://omegacsinc.com/,Brian Kim,https://evitp.org/california/listing/omega-construction-services-inc,evitp.org,2026-08-31
33.7082,-117.804409,california,On-Target Electric,"3002 Dow Ave unit 132, Tustin, CA, 92780, USA",9492473800,HerbD@ontargetelectric.com,https://ontargetelectric.com/,Heberto D. Dominguez,https://evitp.org/california/listing/on-target-electric,evitp.org,2026-08-31
37.877305,-122.106489,california,"OSJ Electric, LLC","3342 Sweet Drive, Lafayette, CA, 94549, USA",9257883178,info@osjelectric.com,https://www.osjelectric.com/,Ossamu Sakaguti,https://evitp.org/california/listing/osj-electric-llc,evitp.org,2026-08-31
39.029661,-121.540851,california,Pacific Electrical Contractors,"California, USA",5418872544,aaron@pacificelectrical.com,https://www.pacificelectrical.com/,Aaron Frymire,https://evitp.org/california/listing/pacific-electrical-contractors,evitp.org,2026-08-31
33.921866,-117.896283,california,Pacific Industrial Electric,"230 North Orange Avenue, Brea, CA, 92821 USA",7149909280,estimating@pacificindustrialelectric.com,,Chris Michalski,https://evitp.org/california/listing/pacific-industrial-electric,evitp.org,2026-08-31
38.001703,-122.054368,california,"Pacific Power & Systems, Inc.","1590 Solano Way, Suite A Concord, CA 94520, USA",7074372300,dougp@pacificpowersystem.com,https://pacificpowersystem.com/,Doug Phillips,https://evitp.org/california/listing/pacific-power-systems-inc,evitp.org,2026-08-31
33.861531,-117.863588,california,Pacific Power Solutions,"1406 N Hundley St, Anaheim, CA 92806, USA",8559786500,service@ppsusa.net,https://ppsusa.net/,Fletcher T. Dyak,https://evitp.org/california/listing/pacific-power-solutions,evitp.org,2026-08-31
37.766962,-122.398208,california,Paganini Electric Corporation,"190 Hubbell Street, San Francisco, CA, 94107 USA",4155753900,mike@pagcos.com,https://pagcos.com/,Michael Paganini,https://evitp.org/california/listing/paganini-electric-corporation,evitp.org,2026-08-31
33.128841,-117.125694,california,"PAR Electrical Contractors, Inc.","2213 Meyers Ave, Escondido, CA, 92029, USA",6197784718,jmcclanahan@parelectric.com,https://www.parelectric.com/,John McClanahan,https://evitp.org/california/listing/par-electrical-contractors-inc,evitp.org,2026-08-31
33.128356,-117.12867,california,"PAR Western Line Contractors, LLC","525 Corporate Dr, Escondido, CA, 920USA",6197784718,jmcclanahan@parwlc.com,https://parwlc.com/,John McClanahan,https://evitp.org/california/listing/par-western-line-contractors-llc,evitp.org,2026-08-31
34.869401,-120.44688,california,"Paradigm Electric, LLC","849 Hartnell Road, Santa Maria, CA 93455, USA",8057041380,chris@paradigmelect.com,https://www.paradigmelect.com/,Christopher Scott,https://evitp.org/california/listing/paradigm-electric-llc,evitp.org,2026-08-31
32.7314,-116.956757,california,Parkllan Electric Company,"2456 Trace Road, Spring Valley, CA, 91978, USA",6199208143,jeff@parkllanelectriccompany.com,,Ramsay Merritt Stevens,https://evitp.org/california/listing/parkllan-electric-company,evitp.org,2026-08-31
36.817849,-119.352014,california,Parsons Electric,"California, USA",17635287670,brad.bacon@pecsolutions.com,https://www.pecsolutions.com/,Brad Bacon,https://evitp.org/california/listing/parsons-electric,evitp.org,2026-08-31
32.717148,-117.001729,california,Phazer Electric,"1374 Presioca Street, Spring Valley, CA 91977, USA",6192702282,gbonner@phazerelectric.com,http://www.phazerelectric.com,George Bonner,https://evitp.org/california/listing/phazer-electric,evitp.org,2026-08-31
38.760852,-121.310856,california,Phil Haupt Electric,"5098 Foothills Boulevard, #3-358, Roseville, CA, 95747, USA",9167823128,info@philhauptelectric.com,http://www.philhauptelectric.com/,Charlotte Daniels or Makyia Peterson,https://evitp.org/california/listing/phil-haupt-electric,evitp.org,2026-08-31
33.485613,-117.079537,california,"Plug Charge Go, Inc.","33175 Temecula Parkway #A8050, Temecula, CA. 92592, USA",9513951008,hello@plugchargego.com,https://plugchargego.com/,Manuel J. Estrada,https://evitp.org/california/listing/plug-charge-go-inc,evitp.org,2026-08-31
34.146647,-118.421602,california,"Power Net Electric, Inc.","13251 Ventura Blvd #3, Studio City, CA, 91423, USA",3234797879,support@powernetelectric.net,,Edward Chatokhin,https://evitp.org/california/listing/power-net-electric-inc,evitp.org,2026-08-31
34.203348,-119.17566,california,"Power Surge Electric, Inc.","115 N Hayes Ave, Oxnard, CA, 93030, USA",8055356455,ismael@powersurge-electric.com,,Ismael Mercado,https://evitp.org/california/listing/power-surge-electric-inc,evitp.org,2026-08-31
32.825039,-116.933244,california,Precision Electric,"8137 Winter Gardens Blvd, Lakeside, CA 92040, USA",6193902991,gabell@pecsd.com,http://www.precisionelectricco.com/,Greg Abell,https://evitp.org/california/listing/precision-electric,evitp.org,2026-08-31
35.37057,-119.043679,california,Preferred Power Solutions,"1400 Easton Dr # 116, Bakersfield, CA 93309, USA",6613220880,Karen@preferredpowersolutions.com,http://preferredpowersolutions.com/,Karen Cleveland,https://evitp.org/california/listing/preferred-power-solutions,evitp.org,2026-08-31
32.675965,-115.47914,california,"Premier Electrical Solutions, Inc.","1196 J R Villa Court, Calexico, CA, 92231, USA",7606046537,jmiranda@premieresinc.net,https://premieresinc.net/,Jose Luis Miranda,https://evitp.org/california/listing/premier-electrical-solutions-inc,evitp.org,2026-08-31
33.688448,-117.877982,california,"Premier Power, inc.","555 Anton Blvd suite 150, Costa Mesa, CA, 92626, USA",7146772100,office@premierpower.co,https://premierpower.co/,Andrew Hanna,https://evitp.org/california/listing/premier-power-inc,evitp.org,2026-08-31
37.58909,-122.078701,california,Prime Electro-Motors,"4474 Madrid Court, Union City, CA, 94587, USA",5108625874,primeelectromotors@yahoo.com.ph,,Premier Rimando,https://evitp.org/california/listing/prime-electro-motors,evitp.org,2026-08-31
33.188221,-117.227147,california,Pro-Cal Electrical Contracting,"1155 South Santa Fe Avenue, Vista, CA 92083, USA",7609946959,nmarino@procallighting.com,http://www.procallighting.com,Brian Morales,https://evitp.org/california/listing/pro-cal-lighting-inc,evitp.org,2026-08-31
34.150949,-117.475574,california,PTL Electric LLC,"15218 Summit Avenue #300-418, Fontana, CA 92336",7604034006,jgonzalez@ptlelectric.com,,Joe Gonzales,https://evitp.org/california/listing/ptl-electric-llc,evitp.org,2026-08-31
38.342668,-122.720211,california,R. McClure Electric,"706 Portal Street, Cotati, CA, USA",7077922101,ed@rmcclureelectric.com,,Ed Gugel,https://evitp.org/california/listing/r-mcclure-electric,evitp.org,2026-08-31
33.91861,-117.290456,california,"R.I.S. Electrical Contractors, Inc.","7330 Sycamore Canyon Blvd. Suite #1, Riverside, CA. 92508, USA",9516532611,dannya@riselec.com,,Danny Anderson,https://evitp.org/california/listing/r-i-s-electrical-contractors-inc,evitp.org,2026-08-31
37.974604,-122.046922,california,"RC Electric, Inc.","2060 Commerce Ave, Concord, CA 94520, USA",9258121246,rick@rcelectric.org,https://rc-electricinc.com/,,https://evitp.org/california/listing/rc-electric-inc,evitp.org,2026-08-31
32.715501,-117.168071,california,Ready Electric,"501 West Broadway, #A-233 San Diego, CA 92101  USA",6199908040,Ready@Ready-Electric.com,http://ready-electric.com/,Michael Bryant,https://evitp.org/california/listing/bryant-electric-and-data,evitp.org,2026-08-31
34.032366,-118.481647,california,Regenesis Energy INC,"2118 Wilshire Blvd #718, Santa Monica, CA, 90403",3107336157,raffi@regenesisenergy.com,https://www.regenesisenergy.com/,Raffi Agopian,https://evitp.org/california/listing/regenesis-energy-inc,evitp.org,2026-08-31
33.377889,-117.206398,california,Rehab Solar,"2525 Los Cerritos Ln, Fallbrook, CA, 92028, USA",7604842229,trevor@rehabsolar.com,https://rehabsolar.com/,,https://evitp.org/california/listing/rehab-solar,evitp.org,2026-08-31
37.385578,-121.943634,california,Revolt Electric,"3440 De La Cruz Blvd, Santa Clara, CA, 94536, USA",6507666196,jay@revolt-electric.com,https://revolt-electric.com/,,https://evitp.org/california/listing/revolt-electric,evitp.org,2026-08-31
38.52069,-121.383644,california,"Rex Moore Group, Inc.","6001 Outfall Circle, Sacramento, CA, 95828, USA",9165910286,alyissa.cannedy@rexmoore.com,https://www.rexmoore.com/,Alyissa Cannedy,https://evitp.org/california/listing/rex-moore-group-inc,evitp.org,2026-08-31
38.351344,-122.721485,california,"Reyff Electric, Inc.","636 Martin Ave, Rohnert Park, CA, , 94928USA",7075852481,rreyff@reyffelectric.com,https://reyffelectricinc.com/,Ray Reyff,https://evitp.org/california/listing/reyff-electric-inc,evitp.org,2026-08-31
37.457869,-121.920689,california,"RK Electric, Inc.","49211 Milmont Dr, Fremont, CA, 94538, USA",5107705660,richard@rkelectric.com,https://www.rkelectric.com/,Richard Skibinski,https://evitp.org/california/listing/rk-electric-inc,evitp.org,2026-08-31
37.739929,-122.400679,california,Rosendin,"2121 Oakdale Avenue, San Francisco, CA, 94124, USA",4158502289,mstone2@rosendin.com,https://www.rosendin.com/,Mark Stone,https://evitp.org/california/listing/rosendin,evitp.org,2026-08-31
38.475769,-121.392545,california,Royal Electric Company,"8481 Carbide Ct, Sacramento, CA, 95828 USA",9166965744,jeffc@royalelect.com,https://www.royalelect.com/,Jeff Cavanagh,https://evitp.org/california/listing/royal-electric-company,evitp.org,2026-08-31
37.935539,-122.07014,california,RPK Electric,"86 Santa Barbara Rd, Pleasant Hill, CA, 94523, USA",9254872796,Ryan@RPKElectric.com,,Ryan Kyle,https://evitp.org/california/listing/rpk-electric,evitp.org,2026-08-31
37.693133,-122.109208,california,S Electric and Controls LLC,"1455 167th Avenue, San Leandro, CA, 94578, USA",5107728318,,https://www.selectriccontrols.com/,Mohamed Suleman,https://evitp.org/california/listing/s-electric-and-controls-llc,evitp.org,2026-08-31
33.762044,-118.019592,california,"S.E. Electrical Services, Inc.","6282 Abraham Ave, Westminster, CA, 92683, USA",7144486252,seelectricoc@verizon.net,https://www.myseelectric.com/,Sam Edalati,https://evitp.org/california/listing/s-e-electrical-services-inc,evitp.org,2026-08-31
38.673266,-121.359092,california,Sac Town Electric,"5901 Asbury Ct, Sacramento, CA, 95842, USA",9162298755,info@sactownelectric.com,https://sactownelectric.com/,Vadym Vlasic,https://evitp.org/california/listing/sac-town-electric,evitp.org,2026-08-31
38.514113,-121.383554,california,Sac Valley,"24 Blue Sky Court, Sacramento, CA 95828, USA",9169221139,bradkirk@sacvalleyelectric.com,http://www.sacvalleyelectric.com,Brad Kirk,https://evitp.org/california/listing/sac-valley,evitp.org,2026-08-31
34.005815,-117.340255,california,Safeway Electric,"891 Iowa Avenue, Riverside, CA 92507, USA",9098246075,mmartinez@safewaybsi.com,,Michelle Martinez,https://evitp.org/california/listing/safeway-electric,evitp.org,2026-08-31
33.527598,-117.17685,california,"Salvatore Electric, Inc.","41610 Date Street suite 104, Murrieta, CA, 92562, USA",9514293030,frankie@salvatoreelectric.com,https://salvatoreelectric.com/,Francesco Salvatore,https://evitp.org/california/listing/salvatore-electric-inc,evitp.org,2026-08-31
37.984685,-121.252353,california,"San Joaquin Electric, Inc.","2342 Teepee Drive Stockton, CA 95202",2099936782,wade@sanjoaquinelectric.com,,Wade Johnson,https://evitp.org/california/listing/san-joaquin-electric-inc,evitp.org,2026-08-31
37.247292,-121.868355,california,San Jose Electric,"5807 Winfield Blvd ste b5, San Jose, CA, 95123, USA",5107152433,bob@sjelectricinc.com,https://sjelectricinc.com/,Robert Sztuk,https://evitp.org/california/listing/san-jose-electric,evitp.org,2026-08-31
36.960314,-122.05458,california,Sandbar Solar & Electric,"2656 Mission Street, Santa Cruz, CA, 95060, USA",8314698888,,https://sandbarsc.com/,Liam Ryan,https://evitp.org/california/listing/sandbar-solar-electric,evitp.org,2026-08-31
37.258017,-121.923244,california,"Sanpri Electric, Inc.","14548 Charmeran Avenue, San Jose, CA, USA",4082103741,sanprielectric@yahoo.com,,Jose A. Sanchez,https://evitp.org/california/listing/sanpri-electric-inc,evitp.org,2026-08-31
34.956919,-120.435611,california,"Santa Maria Electric, Inc.","408 North Broadway, Santa Maria, California, 93454, USA",8059227777,steve@smelectric.net,,Steve Mussell,https://evitp.org/california/listing/santa-maria-electric-inc,evitp.org,2026-08-31
34.14321,-118.441439,california,Sargent Electric Company,"Los Angeles, California, USA",4123947600,info@sargentelectric.com,https://www.sargentelectric.com/,Tim Snyder,https://evitp.org/california/listing/sargent-electric-company,evitp.org,2026-08-31
32.889161,-117.160252,california,"Saturn Electric, Inc","7552 Trade Street, San Diego, CA 92121, USA",8582714100,tim@saturnelectric.com,https://www.saturnelectric.com/,Timothy Dudek,https://evitp.org/california/listing/saturn-electric-inc,evitp.org,2026-08-31
38.594209,-121.496884,california,Schetter Electric LLC,"471 Bannon Street Sacramento, CA 95687",9164462521,vbernacchi@schetter.com,http://www.schetter.com,Vince Bernacchi,https://evitp.org/california/listing/schetter-electric-inc,evitp.org,2026-08-31
34.315011,-118.445939,california,SEMA Electric,"13364 Dronfield Avenue, Sylmar, CA, 91342, USA",8186210407,sean@semaelectric.com,,Sean Delahanty,https://evitp.org/california/listing/sema-electric,evitp.org,2026-08-31
34.097889,-117.744814,california,SEPIA Energy,"2858 Melbourne Avenue, Pomona, CA, 91767, USA",3235476336,,https://www.sepiaenergy.com/,Jorge Portillo,https://evitp.org/california/listing/sepia-energy,evitp.org,2026-08-31
36.661578,-119.353387,california,"Shambaugh and Son, L.P.","California, USA",12604877846,dhearld@shambaugh.com,https://shambaugh.com/,Douglas M. Hearld,https://evitp.org/california/listing/shambaugh-and-sons-l-p,evitp.org,2026-08-31
33.799792,-118.063412,california,"Shelton & Case Electric, LLC","11605 Bloomfield Street, Los Alamitos, CA, 90720, USA",5626842761,estimating@sheltonandcaseelectric.com,https://www.sheltonandcaseelectric.com/,Jason Shelton,https://evitp.org/california/listing/shelton-case-electric-llc,evitp.org,2026-08-31
38.447558,-122.735211,california,Sigal Utility Services,"400 Tesconi Circle, Santa Rosa, CA",7075266403,vince@sigalutility.com,,Vince Sigal,https://evitp.org/california/listing/sigal-utility-services,evitp.org,2026-08-31
32.793031,-115.552908,california,Sign Factory,"120 North 4th Street, El Centro, CA, 92243, USA",7604557589,mrgerardo@signfactory.org,http://signfactory.org/,Mario Rodriguez,https://evitp.org/california/listing/sign-factory,evitp.org,2026-08-31
37.147899,-121.666185,california,Silver Creek Electric,"280 Cochrane Circle #B Morgan Hill, CA 95037",4083219094,mdeharo@silvercreekelectric.com,http://www.silvercreekelectric.com/,Juan DeHaro,https://evitp.org/california/listing/silver-creek-electric,evitp.org,2026-08-31
36.778261,-119.417932,california,"Simple Power, Inc.","California, USA",7757864006,brandon@simplepowersolar.com,https://simplepowersolar.com/,Brandon Strong,https://evitp.org/california/listing/simple-power-inc,evitp.org,2026-08-31
34.160645,-118.444838,california,Sky Power Co.,"4959 Tyrone Ave #8C, Sherman Oaks, CA 91423, USA",8185881787,skypower@yahoo.com,https://skypowercompany.com/,Yaro Bezgugenko,https://evitp.org/california/listing/sky-power-co,evitp.org,2026-08-31
34.071528,-117.922827,california,"Smart Plug, LLC","1050 Lakes Drive suite 225, West Covina, CA, 91790, USA",3237885849,info@smartplugev.com,https://smartplugev.com/,Mario Posada,https://evitp.org/california/listing/smart-plug-llc,evitp.org,2026-08-31
34.919918,-120.459256,california,Smith Electric,"1340 West Betteravia Road Santa Maria, CA 93455",8056215000,ls@smith-electric.com,http://www.smith-electric.com,Lenny Scheiner,https://evitp.org/california/listing/smith-electric,evitp.org,2026-08-31
34.083855,-117.349551,california,Solartronics USA,"1449 West Linville Lane, Colton, CA 92324, USA",9098217580,,https://www.solartronicsusa.com/,"Anthony S, Ababat",https://evitp.org/california/listing/solartronics-usa,evitp.org,2026-08-31
38.562869,-121.445219,california,Source of light Electric,"1401 48th St, Sacramento, CA, 95819, USA",9169126784,sourceoflightelectric@gmail.com,https://www.sourceoflightelectric.com/,Solomon Wright,https://evitp.org/california/listing/source-of-light-electric,evitp.org,2026-08-31
33.147523,-117.161746,california,Southern Contracting Company,"559 North Twin Oaks Valley Road, San Marcos, CA 92069, USA",7607440760,Pwaterman@southerncontracting.com,http://www.southerncontracting.com/,Philip E. Waterman,https://evitp.org/california/listing/southern-contracting-company,evitp.org,2026-08-31
33.9615,-117.449522,california,"Southland E & i Services, Inc.","7095 Jurupa Avenue #8, Riverside, CA. 92504, USA",9512052855,jjohnston@southlandeiservices.com,https://southlandeiservices.com/,Jason Johnston,https://evitp.org/california/listing/southland-e-i-services-inc,evitp.org,2026-08-31
32.756641,-117.058784,california,"Spadaro Electric, Inc.","4336 Lerida Drive, San Diego, CA, 92115, USA",6199211871,spadaroelectric@gmail.com,,,https://evitp.org/california/listing/spadaro-electric-inc,evitp.org,2026-08-31
37.77937,-122.225981,california,SparkPro Electric,"3088 E 15th St, Oakland, CA 94601, USA",4158279327,sparkproelectric38@gmail.com,https://www.sparkproelectric.net/,Yefer Mendez,https://evitp.org/california/listing/sparkpro-electric,evitp.org,2026-08-31
34.108857,-117.499229,california,SPD Electric Corp,"14002 Marbella Street, Fontana, CA, 92336, USA",9092472211,shcruz@spdelecttic.com,https://www.spdelectric.com/,Samuel Cruz,https://evitp.org/california/listing/spd-electric-corp,evitp.org,2026-08-31
37.313317,-121.858307,california,Sprig Electric,"1860 South 10th Street San Jose, CA 95010",4082983134,czimmer@sprigelectric.com,http://www.sprigelectric.com/,Chris Zimmer,https://evitp.org/california/listing/sprig-electric,evitp.org,2026-08-31
35.250838,-120.665213,california,"Stockman's Energy, Inc.","3595 Sueldo St, Ste 100 San Luis Obispo, CA 93401, USA",8052428018,kirk@stockmans.com,http://www.stockmans.com,Kirk Story,https://evitp.org/california/listing/stockmans-energy-inc,evitp.org,2026-08-31
38.831786,-121.188275,california,"Studebaker Electric, Inc.","3237 Rippey Rd ste 100, Loomis, CA, 95650, USA",9162592395,daves@studebakerelectric.net,https://studebakerelectric.net/,David Studebaker,https://evitp.org/california/listing/studebaker-electric-inc,evitp.org,2026-08-31
33.860678,-117.829043,california,"Sun Solar Energy Holdings, Inc.","4085 E La Palma Ave suite b, Anaheim, CA, 92807, USA",9497349695,aaron@sunenergybuilders.com,https://sunenergybuilders.com,Aaron J. Dabbs,https://evitp.org/california/listing/sun-solar-energy-holdings-inc,evitp.org,2026-08-31
34.149346,-118.133023,california,Sunbelt Electric,"888 East Walnut Street, Pasadena, CA, 91101, USA",8184825431,bvu@sunbeltelectricca.com,https://sunbeltelectricca.com/,Bao Vu,https://evitp.org/california/listing/sunbelt-electric,evitp.org,2026-08-31
37.725897,-122.401198,california,Sunflower Electric,"1485 Bayshore Blvd, San Francisco, CA 94124",6502819181,gburwell@sunflowerelectric.net,http://sunflowerelectric.net,Gordon Burwell,https://evitp.org/california/listing/sunflower-electric,evitp.org,2026-08-31
37.314553,-121.976237,california,Sungenix Energy Solutions,"690 Saratoga Ave, San Jose, CA, 95129, USA",4084750026,solar@sungenix.com,https://sungenix.com/,Danny Pham,https://evitp.org/california/listing/sungenix-energy-solutions,evitp.org,2026-08-31
34.257714,-119.229671,california,Taft Electric Company,"1694 Eastman Avenue, Ventura, CA 93003, USA",8058266287,mrose@taftelectric.com,http://www.taftelectric.com,Mike Rose,https://evitp.org/california/listing/taft-electric-company,evitp.org,2026-08-31
34.43793,-118.590649,california,Taft Electric Company,"26007 Huntington Lane Unit 5 Santa Clarita, CA 91355",8058266287,mrose@taftelectric.com,http://www.taftelectric.com,Mike Rose,https://evitp.org/california/listing/taft-electric-company-1,evitp.org,2026-08-31
34.609976,-120.202332,california,Taft Electric Company,"37 Industrial Way Unit 107 Buellton, CA 93427",8058266287,mrose@taftelectric.com,http://www.taftelectric.com,Mike Rose,https://evitp.org/california/listing/taft-electric-company-2,evitp.org,2026-08-31
34.04371,-117.701575,california,"Tamang Electric, inc.","11529 Yorba Avenue, Chino, CA 91710, USA",9517128644,Abeltamang@tamangengineering.com,https://www.tamangengineering.com/,Abel Tamang,https://evitp.org/california/listing/tamang-electric-inc,evitp.org,2026-08-31
33.905206,-118.361236,california,Tercero Inc.,"3121 West 139th Street unit b, Hawthorne, CA 90250, USA",4245679803,freddie@terceroinc.com,https://terceroinc.com/,Freddie Tercero,https://evitp.org/california/listing/tercero-inc,evitp.org,2026-08-31
34.192091,-118.926753,california,The Electric Company,"2363 Teller Road #120, Newbury Park, Thousand Oaks, CA 91320, USA",8054335280,info@lightandpowersolutions.com,http://www.lightingandpowersolutions.com/,Bryan Mc Gennis,https://evitp.org/california/listing/the-electric-company,evitp.org,2026-08-31
36.894767,-119.439905,california,The State Group Industrial (USA) Limited,"California, USA",5869921572,Michigan.estimating@stategroup.com,https://stategroup.com/,Gino Robinet – Statewide Coordinator,https://evitp.org/california/listing/the-state-group-industrial-usa-limited,evitp.org,2026-08-31
34.198569,-118.529243,california,The Tesla Power,"7034 Garden Grove Ave, Reseda, CA, 91335, USA",3109368105,info@theteslapower.xyz,https://theteslapower.xyz/,Sergej Marojevic,https://evitp.org/california/listing/the-tesla-power,evitp.org,2026-08-31
33.849488,-117.97899,california,Tiger Electric Group,"1182 North Knollwood Circle, Anaheim, CA, 92801, USA",7145298061,info@tigerelectric.com,https://tigerelectric.com/,Brian Green,https://evitp.org/california/listing/tiger-electric-group,evitp.org,2026-08-31
36.778261,-119.417932,california,"Tilson Technology Management, Inc.","California, USA",4343901227,jaman@tilsontech.com,https://tilsontech.com/,Jeffrey Aman,https://evitp.org/california/listing/tilson-technology-management-inc,evitp.org,2026-08-31
35.28073,-119.044953,california,Tommy's Enterior Lighting,"36021 Essendon Ct, Bakersfield, CA, 93313, USA",6613033868,t.guerra@sbcglobal.net,,Tom Guerra or Steve Guerra,https://evitp.org/california/listing/tommys-enterior-lighting,evitp.org,2026-08-31
33.943744,-118.307039,california,Trade Group Construction,"10207 S Harvard Blvd, Los Angeles, CA, 90047, USA",3233307809,info@tradegroupco.com,https://www.tradegroupco.com/,Darnell Hendricks,https://evitp.org/california/listing/trade-group-construction,evitp.org,2026-08-31
37.764775,-122.432037,california,Treehouse,"2261 Market Street #5358, San Francisco, California, 94114, USA",3235776795,hello@treehouse.pro,https://treehouse.pro/,Cullen Peters,https://evitp.org/california/listing/treehouse,evitp.org,2026-08-31
38.346743,-122.708409,california,"Tri County Electric, Inc.","6366 Commerce Blvd #340, Rohnert Park, CA, 94928, USA",4157174112,Aowenstricountyelectric@gmail.com,https://tricounty-electric.com/,Andrew Owens,https://evitp.org/california/listing/tri-county-electric-inc,evitp.org,2026-08-31
36.839511,-119.745658,california,Turnkey Energy,"7257 N. Maple Ave Suite 108, Fresno, CA. 93720",5593218130,ryan@turnkeyenergy.com,https://turnkeyenergy.com/evchargers,,https://evitp.org/california/listing/turnkey-energy,evitp.org,2026-08-31
36.952892,-122.044394,california,TW Electric,"250 Sunset Ave, Santa Cruz, CA, 95060, USA",8312276856,tyler@twelectricsc.com,https://www.twelectricsc.com/,Tyler Wear,https://evitp.org/california/listing/tw-electric,evitp.org,2026-08-31
33.923512,-118.10062,california,"U.S. Power Service, Inc.","10929 Firestone Blvd. #222, Norwalk CA. 90650, USA",7146501002,nickpower1970@gmail.com,http://www.uspowerservice.com,,https://evitp.org/california/listing/u-s-power-service-inc,evitp.org,2026-08-31
34.052976,-117.923191,california,Ultimax Electric Corp,"1221 South Neff Avenue, West Covina, CA, 91790, USA",6573196047,mikeqdsd@gmail.com,,Xinian Zhang,https://evitp.org/california/listing/ultimax-electric-corp,evitp.org,2026-08-31
33.925703,-117.924946,california,Universal Wiring,"625 S Palm St suite a, La Habra, CA, 90631, USA",9518075743,Paul.prado@universalwiringca.com,https://universalwiringca.com/,Paulo Prado,https://evitp.org/california/listing/universal-wiring,evitp.org,2026-08-31
36.944609,-119.864976,california,Valley Unique Electric,"75 Park Creek Drive #101, Clovis, CA. 93611, USA",5592313864,scoyle@valleyunique.com,https://valleyunique.com/,Shauna Coyle,https://evitp.org/california/listing/valley-unique-electric,evitp.org,2026-08-31
34.157282,-118.493438,california,Vector Energy Group,"16530 Ventura Blvd suite 516, Encino, CA, 91436 USA",8186004348,agancman@vectorenergygroup.com,https://www.vectorenergygroup.com/,Alvaro Gancman,https://evitp.org/california/listing/vector-energy-group,evitp.org,2026-08-31
37.927041,-122.059197,california,"Veebuild, Inc.","1255 Treat Blvd suite 300, Walnut Creek, CA 94597, USA",9253397261,info@veebuild.com,https://veebuild.com/,Thanh Diep,https://evitp.org/california/listing/veebuild-inc,evitp.org,2026-08-31
33.708486,-117.202936,california,Versatile Electric,"Menifee, CA, 92586, USA",9096773922,tyrone@versitileeac.com,,Tyrone Lewis,https://evitp.org/california/listing/versatile-electric,evitp.org,2026-08-31
33.79876,-118.003284,california,Video Voice Data Communications (VVDC),"7391 Lincoln Way, Garden Grove, CA 92841, USA",5625725633,vvdmanagement@vvdcomm.net,https://vvdcservices.com/,Son Tran,https://evitp.org/california/listing/video-voice-data-communications-vvdc,evitp.org,2026-08-31
35.430702,-119.074413,california,Vmax Electric,"7812 Fruitvale Avenue, Bakersfield, CA 93308, USA",6617036645,jack@vmaxelectric.com,http://www.vmaxelectric.com,Jack Bellows,https://evitp.org/california/listing/vmax-electric,evitp.org,2026-08-31
38.571687,-121.480185,california,"Voltage Source, Inc.","2108 N St Ste N 8749, Sacramento, CA. 95816, USA",7072345569,sean@voltagesourceinc.com,https://www.voltagesourceinc.com/,Sean Campbell,https://evitp.org/california/listing/voltage-source-inc,evitp.org,2026-08-31
38.095148,-122.565113,california,W. Bradley Electric,"90 Hill Road, Novato, CA",4158981400,tlauchenauer@wbeinc.com,http://www.wbeinc.com,Tom Lauchenauer,https://evitp.org/california/listing/w-bradley-electric,evitp.org,2026-08-31
37.26,-121.91,california,"Wade and Son Electric, Inc.","PO Box 24278, San Jose, CA.  95154",4083772323,danimwade@gmail.com,https://www.wadeandsonelectric.com/,Danielle M. Wade,https://evitp.org/california/listing/wade-and-son-electric-inc,evitp.org,2026-08-31
40.579078,-122.334126,california,Wagner Electric,"1856 Keystone Ct, Redding, CA, 96003, USA",5302234600,aaron@wagnerelectric.us,https://wagnerelectric.us/,Aaron Solberg,https://evitp.org/california/listing/wagner-electric,evitp.org,2026-08-31
37.008324,-121.569073,california,Watson's Charging Stations & Electric,"7500 Monterey Rd, Gilroy, CA, 95020, USA",4088055046,team@watsonschargingstations.com,https://www.watsonschargingstations.com/,Brian Watson,https://evitp.org/california/listing/watsons-charging-stations-electric,evitp.org,2026-08-31
36.602533,-121.869372,california,"Wayfinder Electric, LLC","18 Dunecrest Ave, Monterey, CA, 93940 USA",6503390823,info@wayfinderelectric.com,https://wayfinderelectric.com/,David Rode,https://evitp.org/california/listing/wayfinder-electric-llc,evitp.org,2026-08-31
33.490088,-117.132886,california,"West Pacific Electric Cal, Inc.","30151 Santiago Rd, Temecula, CA, 92592, USA",9515384150,forest@westpacificelectric.com,,Forest Brueske,https://evitp.org/california/listing/west-pacific-electric-cal-inc,evitp.org,2026-08-31
35.469179,-119.076468,california,Wise Electric & Communication Inc.,"18807 California 65, Bakersfield, CA, 93308USA,",6619033890,wisetechs4@yahoo.com,https://www.wiseelectric.biz/,Alexander Davis,https://evitp.org/california/listing/wise-electric-communication-inc,evitp.org,2026-08-31
37.768875,-122.419248,california,Young Electric Company,"195 Erie Street, San Francisco, CA, 94103 USA",4152382368,jminkel@youngelec.com,https://www.youngelec.com/,Jim Minkel,https://evitp.org/california/listing/young-electric-company,evitp.org,2026-08-31
33.993811,-117.360863,california,Yunex. LLC.,"2250 Business Way, Riverside, CA, 92501, USA",9517846600,steven.teal@yunextraffic.com,https://www.yunextraffic.com/global/en/,"Steven Teal              
             
                             
         
     
 
         
     
     
         
             
                  Redo search when map moved 
             
              
         
     
 
 
 
 
     
         Showing 334 results 
     
  
 
 											 

									 
					 
			 
   
    

	 
		 

			 
	 
		
		 
			 

				
 
			 
			 			  
	   


 
 

 
	   


The Electric Vehicle Infrastructure Training Program (EVITP) provides training and certification for electricians installing electric vehicle supply equipment (EVSE).  
		 		 
			 
					 
			 
			 			  
		 		 
			 
			  Contact Info 			  
	 
		 
			  		 
	 
	  Canada: www.NETCO.org 
 

 
	 
		 
			  		 
	 
	  United States:  EVITP, 811 N. Main Street, Suite 202,                     Royal Oak, MI  48067
 
 

 
	 
		 
			  		 
	 
	   info@evitp.org 
  
		 		 
	 			 
		 
		 
 


 
			 
			 

			
			 

			 
	 
		 Copyright © 2026 EVITP - ALL RIGHTS RESERVED -  TERMS OF USE  	 
	 
			 
 
			 

				 
		 
	 
		 
	 

   
   
 
{""prefetch"":[{""source"":""document"",""where"":{""and"":[{""href_matches"":""/*""},{""not"":{""href_matches"":[""/wp-*.php"",""/wp-admin/*"",""/wp-content/uploads/*"",""/wp-content/*"",""/wp-content/plugins/*"",""/wp-content/themes/siennawp/*"",""/*\\?(.+)""]}},{""not"":{""selector_matches"":""a[rel~=\""nofollow\""]""}},{""not"":{""selector_matches"":"".no-prefetch, .no-prefetch a""}}]},""eagerness"":""conservative""}]}
 
		  
		 
jQuery(document).ready(function($) {
SABAI.init($(""#sabai-content""));
});
   
  
  
  
  
  
  
 
wp.i18n.setLocaleData( { 'text direction\u0004ltr': [ 'ltr' ] } );
//# sourceURL=wp-i18n-js-after
 
  
 
var wpcf7 = {
    ""api"": {
        ""root"": ""https:\/\/evitp.org\/wp-json\/"",
        ""namespace"": ""contact-form-7\/v1""
    }
};
//# sourceURL=contact-form-7-js-before
 
  
 
var cf7appsHoneypotRefill = {""forceRefillOnInit"":""""};
//# sourceURL=cf7apps-honeypot-refill-js-extra
 
  
  
  
 
var mejsL10n = {""language"":""en"",""strings"":{""mejs.download-file"":""Download File"",""mejs.install-flash"":""You are using a browser that does not have Flash player enabled or installed. Please turn on your Flash player plugin or download the latest version from https://get.adobe.com/flashplayer/"",""mejs.fullscreen"":""Fullscreen"",""mejs.play"":""Play"",""mejs.pause"":""Pause"",""mejs.time-slider"":""Time Slider"",""mejs.time-help-text"":""Use Left/Right Arrow keys to advance one second, Up/Down arrows to advance ten seconds."",""mejs.live-broadcast"":""Live Broadcast"",""mejs.volume-help-text"":""Use Up/Down Arrow keys to increase or decrease volume."",""mejs.unmute"":""Unmute"",""mejs.mute"":""Mute"",""mejs.volume-slider"":""Volume Slider"",""mejs.video-player"":""Video Player"",""mejs.audio-player"":""Audio Player"",""mejs.captions-subtitles"":""Captions/Subtitles"",""mejs.captions-chapters"":""Chapters"",""mejs.none"":""None"",""mejs.afrikaans"":""Afrikaans"",""mejs.albanian"":""Albanian"",""mejs.arabic"":""Arabic"",""mejs.belarusian"":""Belarusian"",""mejs.bulgarian"":""Bulgarian"",""mejs.catalan"":""Catalan"",""mejs.chinese"":""Chinese"",""mejs.chinese-simplified"":""Chinese (Simplified)"",""mejs.chinese-traditional"":""Chinese (Traditional)"",""mejs.croatian"":""Croatian"",""mejs.czech"":""Czech"",""mejs.danish"":""Danish"",""mejs.dutch"":""Dutch"",""mejs.english"":""English"",""mejs.estonian"":""Estonian"",""mejs.filipino"":""Filipino"",""mejs.finnish"":""Finnish"",""mejs.french"":""French"",""mejs.galician"":""Galician"",""mejs.german"":""German"",""mejs.greek"":""Greek"",""mejs.haitian-creole"":""Haitian Creole"",""mejs.hebrew"":""Hebrew"",""mejs.hindi"":""Hindi"",""mejs.hungarian"":""Hungarian"",""mejs.icelandic"":""Icelandic"",""mejs.indonesian"":""Indonesian"",""mejs.irish"":""Irish"",""mejs.italian"":""Italian"",""mejs.japanese"":""Japanese"",""mejs.korean"":""Korean"",""mejs.latvian"":""Latvian"",""mejs.lithuanian"":""Lithuanian"",""mejs.macedonian"":""Macedonian"",""mejs.malay"":""Malay"",""mejs.maltese"":""Maltese"",""mejs.norwegian"":""Norwegian"",""mejs.persian"":""Persian"",""mejs.polish"":""Polish"",""mejs.portuguese"":""Portuguese"",""mejs.romanian"":""Romanian"",""mejs.russian"":""Russian"",""mejs.serbian"":""Serbian"",""mejs.slovak"":""Slovak"",""mejs.slovenian"":""Slovenian"",""mejs.spanish"":""Spanish"",""mejs.swahili"":""Swahili"",""mejs.swedish"":""Swedish"",""mejs.tagalog"":""Tagalog"",""mejs.thai"":""Thai"",""mejs.turkish"":""Turkish"",""mejs.ukrainian"":""Ukrainian"",""mejs.vietnamese"":""Vietnamese"",""mejs.welsh"":""Welsh"",""mejs.yiddish"":""Yiddish""}};
//# sourceURL=mediaelement-core-js-before
 
  
  
 
var _wpmejsSettings = {""pluginPath"":""/wp-includes/js/mediaelement/"",""classPrefix"":""mejs-"",""stretching"":""responsive"",""audioShortcodeLibrary"":""mediaelement"",""videoShortcodeLibrary"":""mediaelement""};
//# sourceURL=mediaelement-js-extra
 
  
  
  
  
  
  
  
  
  
  
  
  
  
  
  
  
  
  
  
  
  
  
  
  
  
  
  
  
  
  
  
  
 
var mkdfGlobalVars = {""vars"":{""mkdfAddForAdminBar"":0,""mkdfElementAppearAmount"":-150,""mkdfFinishedMessage"":""No more posts"",""mkdfMessage"":""Loading new posts..."",""mkdfTopBarHeight"":42,""mkdfStickyHeaderHeight"":0,""mkdfStickyHeaderTransparencyHeight"":60,""mkdfLogoAreaHeight"":0,""mkdfMenuAreaHeight"":131,""mkdfMobileHeaderHeight"":100}};
var mkdfPerPageVars = {""vars"":{""mkdfStickyScrollAmount"":450,""mkdfStickyScrollAmountFullScreen"":false,""mkdfHeaderTransparencyHeight"":0}};
//# sourceURL=sienna-mikado-modules-js-extra
 
  
  
  
 
var mkdfLike = {""ajaxurl"":""https://evitp.org/wp-admin/admin-ajax.php""};
//# sourceURL=sienna-mikado-like-js-extra
 
  
 
var GEM = {""thankyou"":""Thank you for signing up!"",""thankyou_suppressed"":""Thank you for signing up! Please check your email to confirm your subscription."",""oops"":""Oops! There was a problem. Please try again."",""email"":""Please enter a valid email address."",""required"":""%s is a required field.""};
//# sourceURL=gem-main-js-extra
 
  
  
  
 
var wpcf7_recaptcha = {
    ""sitekey"": ""6LdAGgcgAAAAALmBeuQZgYH6HTEI3KlPBF86-YxA"",
    ""actions"": {
        ""homepage"": ""homepage"",
        ""contactform"": ""contactform""
    }
};
//# sourceURL=wpcf7-recaptcha-js-before
 
  
 
{""baseUrl"":""https://s.w.org/images/core/emoji/17.0.2/72x72/"",""ext"":"".png"",""svgUrl"":""https://s.w.org/images/core/emoji/17.0.2/svg/"",""svgExt"":"".svg"",""source"":{""concatemoji"":""https://evitp.org/wp-includes/js/wp-emoji-release.min.js?ver=7.0.4""}}
 
 
/*! This file is auto-generated */
var e=""script#wp-emoji-settings"",t=document.querySelector(e);if(!(t instanceof HTMLScriptElement))throw new Error(""Element missing: ""+e);const r=JSON.parse(t.text),s=(window._wpemojiSettings=r,""wpEmojiSettingsSupports""),o=[""flag"",""emoji""];function i(e){try{var t={supportTests:e,timestamp:(new Date).valueOf()};sessionStorage.setItem(s,JSON.stringify(t))}catch(e){}}function c(e,t,n){e.clearRect(0,0,e.canvas.width,e.canvas.height),e.fillText(t,0,0);t=new Uint32Array(e.getImageData(0,0,e.canvas.width,e.canvas.height).data);e.clearRect(0,0,e.canvas.width,e.canvas.height),e.fillText(n,0,0);const r=new Uint32Array(e.getImageData(0,0,e.canvas.width,e.canvas.height).data);return t.every((e,t)=>e===r[t])}function p(e,t){e.clearRect(0,0,e.canvas.width,e.canvas.height),e.fillText(t,0,0);var n=e.getImageData(16,16,1,1);for(let e=0;e {o[e]=t(s,e,n,r)}),o}function a(e){var t=document.createElement(""script"");t.src=e,t.defer=!0,document.head.appendChild(t)}r.supports={everything:!0,everythingExceptFlag:!0},new Promise(t=>{let n=function(){try{var e=JSON.parse(sessionStorage.getItem(s));if(""object""==typeof e&&""number""==typeof e.timestamp&&(new Date).valueOf() {i(n=e.data),a.terminate(),t(n)})}catch(e){}i(n=f(o,u,c,p))}t(n)}).then(e=>{for(const n in e)r.supports[n]=e[n],r.supports.everything=r.supports.everything&&r.supports[n],""flag""!==n&&(r.supports.everythingExceptFlag=r.supports.everythingExceptFlag&&r.supports[n]);var t;r.supports.everythingExceptFlag=r.supports.everythingExceptFlag&&!r.supports.flag,r.supports.everything||((t=r.source||{}).concatemoji?a(t.concatemoji):t.wpemoji&&t.twemoji&&(a(t.twemoji),a(t.wpemoji)))});
//# sourceURL=https://evitp.org/wp-includes/js/wp-emoji-loader.min.js
 
 			  
			 
				/* @v3-js:start */
					let c4wp_onloadCallback = function() {
						for ( var i = 0; i   {
						if ( typeof jQuery !== 'undefined' && jQuery( 'input[id*=""c4wp-wc-checkout""]' ).length ) {
							var element = document.createElement('div');
							var html = '     ';
							element.innerHTML = html;
							jQuery( '[class*=""c4wp-wc-checkout""]' ).append( element );
							jQuery( '[class*=""c4wp-wc-checkout""]' ).find('*').off();
							c4wp_onloadCallback();
						}
					});
				/* @v3-js:end */",https://evitp.org/california/listing/yunex-llc,evitp.org,2026-08-31
38.26042,-104.606547,colorado,"Adams Electric, Inc.","320 South Santa Fe Avenue, Pueblo, CO, 81003, USA",7195422333,c.oakes@adamselectricinc.com,https://adamselectricinc.com/,Cory Oakes,https://evitp.org/colorado/listing/adams-electric-inc,evitp.org,2026-08-31
39.944004,-105.01302,colorado,ADC Electric,"2205 W 136th Ave suite 106, Broomfield, CO, 80023, USA",7202136171,homeenergy@adcelectricteam.com,https://www.yourelectrificationteam.com/,Riquel Harvey,https://evitp.org/colorado/listing/adc-electric,evitp.org,2026-08-31
39.550051,-105.782067,colorado,"Aldridge Electric, Inc.","Colorado, USA",18472761127,ggiovannetti@aldridgegroup.com,https://www.aldridgegroup.com/,Gina Giovannetti,https://evitp.org/colorado/listing/aldridge-electric-inc,evitp.org,2026-08-31
39.76339,-104.826151,colorado,Capstone Solutions,"13730 East Smith Road, Aurora, CO, USA",5037072656,cblack@capstoneemail.com,https://www.capstone-sol.com/,Chris Black,https://evitp.org/colorado/listing/capstone-solutions,evitp.org,2026-08-31
39.69737,-104.995409,colorado,D&H United Fueling Solutions,"1070 South Galapago Street, Denver, CO, 80223 USA",8323855621,mmccabe@dh-united.com,https://dh-united.com/,Mike McCabe,https://evitp.org/colorado/listing/dh-united-fueling-solutions,evitp.org,2026-08-31
39.550051,-105.782067,colorado,"Decker Electric, Inc.","Colorado, USA",13162658182,bwilson@decker-electric.com,https://www.decker-electric.com/,Ben Wilson,https://evitp.org/colorado/listing/decker-electric-inc,evitp.org,2026-08-31
39.801772,-105.173442,colorado,"EV Plug Pros, LLC","5770 McIntyre Street ste 2, Golden, CO 80403, USA",7209005530,ktatum@evplugpros.com,https://www.evplugpros.com/,Kelly Tatum,https://evitp.org/colorado/listing/ev-plug-pros-llc,evitp.org,2026-08-31
38.966441,-104.763147,colorado,EVICO,"3241 Sand Flower Drive, Colorado Springs, CO, 80920USA",7194246028,banjamin@evicolorado.com,https://www.evicolorado.com/,Benjamin Lynch,https://evitp.org/colorado/listing/evico,evitp.org,2026-08-31
39.710559,-104.987854,colorado,EZ EV Electric,"303 South Broadway, Denver, CO, 80209, USA",7207742679,frontdesk@ezevelectric.com,https://www.ezevelectric.com/,Rodolfo Del Rio Jr.,https://evitp.org/colorado/listing/ez-ev-electric,evitp.org,2026-08-31
38.82793,-104.843045,colorado,"Faith Enterprises, Inc.","919 Costilla Street, Colorado Springs, CO, 80905, USA",7195788281,jconway@faithenterprises.com,http://www.faithenterprisesinc.com/,Justin Conway,https://evitp.org/colorado/listing/faith-enterprises-inc,evitp.org,2026-08-31
39.768725,-104.832446,colorado,Guarantee Electrical Contracting,"3790 Wheeling St, Denver, CO, 80239, USA",3035869139,mike.anthony@geco.com,https://www.geco.com/,Mike Anthony,https://evitp.org/colorado/listing/guarantee-electrical-contracting,evitp.org,2026-08-31
39.78839,-105.004059,colorado,"Intermountain Electric, Inc.","5050 Osage St unit 500, Denver, CO, 80221, USA",3034348353,tsutton@imelect.com,https://imelect.com/,Tom Sutton,https://evitp.org/colorado/listing/intermountain-electric-inc,evitp.org,2026-08-31
38.328809,-104.716548,colorado,"Main Electric, LTD.","653 E. Enterprise Dr., STE A. Pueblo West, CO. 81007 USA",7192406437,,https://www.mainelectric.com/,Michael S. McCafferty,https://evitp.org/colorado/listing/main-electric-ltd,evitp.org,2026-08-31
40.561478,-105.029943,colorado,Merit Electric,"2590 Midpoint Dr, Fort Collins, CO, 80525, USA",9706126761,whoffman@meritelec.com,https://www.meritelec.com/,,https://evitp.org/colorado/listing/merit-electric,evitp.org,2026-08-31
39.854344,-104.969079,colorado,Miller Electric Company,"Colorado, USA",9048324423,mhall@mecojax.com,https://www.mecojax.com/,Mike Hall,https://evitp.org/colorado/listing/miller-electric-company,evitp.org,2026-08-31
39.777466,-104.987756,colorado,New River Electrical Corp,"Colorado, USA",5405267501,ahartsfield@nrec.net,https://www.newriverelectrical.com/,Jonathan Aaron Hartsfield,https://evitp.org/colorado/listing/new-river-electrical-corp,evitp.org,2026-08-31
39.550051,-105.782067,colorado,Parsons Electric,"Colorado, USA",17635287670,brad.bacon@pecsolutions.com,https://www.pecsolutions.com/,Brad Bacon,https://evitp.org/colorado/listing/parsons-electric,evitp.org,2026-08-31
40.173328,-105.114201,colorado,"Pineview Electric, LLC","P.O. Box 6412, Longmont, CO. 80501, USA",7204424805,budvaras@pineviewelectric.com,https://pineviewelectric.com/about-us/,Joseph “Bud” Varas,https://evitp.org/colorado/listing/pineview-electric-llc,evitp.org,2026-08-31
39.998102,-104.764157,colorado,"Pounders Electric, Inc.","580 Oxbow Dr, Brighton, CO 80601, USA",3039312405,brian@pounderselectric.com,,Brian Pounders,https://evitp.org/colorado/listing/pounders-electric-inc,evitp.org,2026-08-31
38.170088,-104.798771,colorado,"Pueblo Electrics, inc.","P.O. Box 3246, Pueblo, CO. 81005, USA",7195842020,scott@puebloelectrics.com,https://puebloelectrics.com/,Scott Welch,https://evitp.org/colorado/listing/pueblo-electrics-inc,evitp.org,2026-08-31
38.225901,-104.666002,colorado,Ridgeline Electric & Solar,"4116 Oneal Ct, Pueblo, CO, 81005, USA",7193342624,tony@ridgelinesoco.com,https://ridgelinesoco.com/,Tony Huskey,https://evitp.org/colorado/listing/ridgeline-electric-solar,evitp.org,2026-08-31
39.752693,-104.765357,colorado,RME Electric Corp.,"19160 Smith Road, Aurora, CO, 80011, USA",7208599567,chris@rmelectric.com,https://www.rmelectric.com/,Brandon Bullerdick,https://evitp.org/colorado/listing/rme-electric-corp,evitp.org,2026-08-31
39.550051,-105.782067,colorado,Royal Electric Company,"Colorado, USA",9166965744,jeffc@royalelect.com,https://www.royalelect.com/,Jeff Cavanagh,https://evitp.org/colorado/listing/royal-electric-company,evitp.org,2026-08-31
39.739236,-104.990251,colorado,SG Energy Solutions,"Denver, CO, USA",3134028816,dsiders@sgenergysolutions.com,https://www.sg-solutionsgroup.com/,Desmen Siders,https://evitp.org/colorado/listing/sg-energy-solutions,evitp.org,2026-08-31
40.93638,-102.525466,colorado,"Southwestern Electrical Co., Inc.","Sedgwick, CO, USA",3162631264,krvinr@sw-electric.com,http://sw-electric.com/,Kevin Rau,https://evitp.org/colorado/listing/southwestern-electrical-co-inc,evitp.org,2026-08-31
39.898976,-104.845223,colorado,Sturgeon Electric Company,"12150 East 112th Avenue, Henderson, CO, 80640, USA",3035919274,kkriesch@mygroup.com,https://sturgeonelectric.com/,Kristina Kriesche,https://evitp.org/colorado/listing/sturgeon-electric-company,evitp.org,2026-08-31
39.47631,-104.87513,colorado,Synergy Electric Group. LLC,"603 E 2nd Ave, Castle Rock, CO, 80108, USA",3036382961,richp@synergyelectricgroup.com,https://www.synergyelectricgroup.com/,Rich Perrone,https://evitp.org/colorado/listing/synergy-electric-group-llc,evitp.org,2026-08-31
39.550051,-105.782067,colorado,The State Group Industrial (USA) Limited,"Colorado, USA",5869921572,Michigan.estimating@stategroup.com,https://stategroup.com/,Gino Robinet – Statewide Coordinator,https://evitp.org/colorado/listing/the-state-group-industrial-usa-limited,evitp.org,2026-08-31
39.550051,-105.782067,colorado,"Tilson Technology Management, Inc.","Colorado, USA",4343901227,jaman@tilsontech.com,https://tilsontech.com/,Jeffrey Aman,https://evitp.org/colorado/listing/tilson-technology-management-inc,evitp.org,2026-08-31
39.550051,-105.782067,colorado,Treehouse,"Colorado, USA",3235776795,hello@treehouse.pro,https://treehouse.pro/,"Cullen Peters              
             
                             
         
     
 
         
     
     
         
             
                  Redo search when map moved 
             
              
         
     
 
 
 
 
     
         Showing 30 results 
     
  
 
 											 

									 
					 
			 
   
    

	 
		 

			 
	 
		
		 
			 

				
 
			 
			 			  
	   


 
 

 
	   


The Electric Vehicle Infrastructure Training Program (EVITP) provides training and certification for electricians installing electric vehicle supply equipment (EVSE).  
		 		 
			 
					 
			 
			 			  
		 		 
			 
			  Contact Info 			  
	 
		 
			  		 
	 
	  Canada: www.NETCO.org 
 

 
	 
		 
			  		 
	 
	  United States:  EVITP, 811 N. Main Street, Suite 202,                     Royal Oak, MI  48067
 
 

 
	 
		 
			  		 
	 
	   info@evitp.org 
  
		 		 
	 			 
		 
		 
 


 
			 
			 

			
			 

			 
	 
		 Copyright © 2026 EVITP - ALL RIGHTS RESERVED -  TERMS OF USE  	 
	 
			 
 
			 

				 
		 
	 
		 
	 

   
   
 
{""prefetch"":[{""source"":""document"",""where"":{""and"":[{""href_matches"":""/*""},{""not"":{""href_matches"":[""/wp-*.php"",""/wp-admin/*"",""/wp-content/uploads/*"",""/wp-content/*"",""/wp-content/plugins/*"",""/wp-content/themes/siennawp/*"",""/*\\?(.+)""]}},{""not"":{""selector_matches"":""a[rel~=\""nofollow\""]""}},{""not"":{""selector_matches"":"".no-prefetch, .no-prefetch a""}}]},""eagerness"":""conservative""}]}
 
		  
		 
jQuery(document).ready(function($) {
SABAI.init($(""#sabai-content""));
});
   
  
  
  
  
  
  
 
wp.i18n.setLocaleData( { 'text direction\u0004ltr': [ 'ltr' ] } );
//# sourceURL=wp-i18n-js-after
 
  
 
var wpcf7 = {
    ""api"": {
        ""root"": ""https:\/\/evitp.org\/wp-json\/"",
        ""namespace"": ""contact-form-7\/v1""
    }
};
//# sourceURL=contact-form-7-js-before
 
  
 
var cf7appsHoneypotRefill = {""forceRefillOnInit"":""""};
//# sourceURL=cf7apps-honeypot-refill-js-extra
 
  
  
  
 
var mejsL10n = {""language"":""en"",""strings"":{""mejs.download-file"":""Download File"",""mejs.install-flash"":""You are using a browser that does not have Flash player enabled or installed. Please turn on your Flash player plugin or download the latest version from https://get.adobe.com/flashplayer/"",""mejs.fullscreen"":""Fullscreen"",""mejs.play"":""Play"",""mejs.pause"":""Pause"",""mejs.time-slider"":""Time Slider"",""mejs.time-help-text"":""Use Left/Right Arrow keys to advance one second, Up/Down arrows to advance ten seconds."",""mejs.live-broadcast"":""Live Broadcast"",""mejs.volume-help-text"":""Use Up/Down Arrow keys to increase or decrease volume."",""mejs.unmute"":""Unmute"",""mejs.mute"":""Mute"",""mejs.volume-slider"":""Volume Slider"",""mejs.video-player"":""Video Player"",""mejs.audio-player"":""Audio Player"",""mejs.captions-subtitles"":""Captions/Subtitles"",""mejs.captions-chapters"":""Chapters"",""mejs.none"":""None"",""mejs.afrikaans"":""Afrikaans"",""mejs.albanian"":""Albanian"",""mejs.arabic"":""Arabic"",""mejs.belarusian"":""Belarusian"",""mejs.bulgarian"":""Bulgarian"",""mejs.catalan"":""Catalan"",""mejs.chinese"":""Chinese"",""mejs.chinese-simplified"":""Chinese (Simplified)"",""mejs.chinese-traditional"":""Chinese (Traditional)"",""mejs.croatian"":""Croatian"",""mejs.czech"":""Czech"",""mejs.danish"":""Danish"",""mejs.dutch"":""Dutch"",""mejs.english"":""English"",""mejs.estonian"":""Estonian"",""mejs.filipino"":""Filipino"",""mejs.finnish"":""Finnish"",""mejs.french"":""French"",""mejs.galician"":""Galician"",""mejs.german"":""German"",""mejs.greek"":""Greek"",""mejs.haitian-creole"":""Haitian Creole"",""mejs.hebrew"":""Hebrew"",""mejs.hindi"":""Hindi"",""mejs.hungarian"":""Hungarian"",""mejs.icelandic"":""Icelandic"",""mejs.indonesian"":""Indonesian"",""mejs.irish"":""Irish"",""mejs.italian"":""Italian"",""mejs.japanese"":""Japanese"",""mejs.korean"":""Korean"",""mejs.latvian"":""Latvian"",""mejs.lithuanian"":""Lithuanian"",""mejs.macedonian"":""Macedonian"",""mejs.malay"":""Malay"",""mejs.maltese"":""Maltese"",""mejs.norwegian"":""Norwegian"",""mejs.persian"":""Persian"",""mejs.polish"":""Polish"",""mejs.portuguese"":""Portuguese"",""mejs.romanian"":""Romanian"",""mejs.russian"":""Russian"",""mejs.serbian"":""Serbian"",""mejs.slovak"":""Slovak"",""mejs.slovenian"":""Slovenian"",""mejs.spanish"":""Spanish"",""mejs.swahili"":""Swahili"",""mejs.swedish"":""Swedish"",""mejs.tagalog"":""Tagalog"",""mejs.thai"":""Thai"",""mejs.turkish"":""Turkish"",""mejs.ukrainian"":""Ukrainian"",""mejs.vietnamese"":""Vietnamese"",""mejs.welsh"":""Welsh"",""mejs.yiddish"":""Yiddish""}};
//# sourceURL=mediaelement-core-js-before
 
  
  
 
var _wpmejsSettings = {""pluginPath"":""/wp-includes/js/mediaelement/"",""classPrefix"":""mejs-"",""stretching"":""responsive"",""audioShortcodeLibrary"":""mediaelement"",""videoShortcodeLibrary"":""mediaelement""};
//# sourceURL=mediaelement-js-extra
 
  
  
  
  
  
  
  
  
  
  
  
  
  
  
  
  
  
  
  
  
  
  
  
  
  
  
  
  
  
  
  
  
 
var mkdfGlobalVars = {""vars"":{""mkdfAddForAdminBar"":0,""mkdfElementAppearAmount"":-150,""mkdfFinishedMessage"":""No more posts"",""mkdfMessage"":""Loading new posts..."",""mkdfTopBarHeight"":42,""mkdfStickyHeaderHeight"":0,""mkdfStickyHeaderTransparencyHeight"":60,""mkdfLogoAreaHeight"":0,""mkdfMenuAreaHeight"":131,""mkdfMobileHeaderHeight"":100}};
var mkdfPerPageVars = {""vars"":{""mkdfStickyScrollAmount"":450,""mkdfStickyScrollAmountFullScreen"":false,""mkdfHeaderTransparencyHeight"":0}};
//# sourceURL=sienna-mikado-modules-js-extra
 
  
  
  
 
var mkdfLike = {""ajaxurl"":""https://evitp.org/wp-admin/admin-ajax.php""};
//# sourceURL=sienna-mikado-like-js-extra
 
  
 
var GEM = {""thankyou"":""Thank you for signing up!"",""thankyou_suppressed"":""Thank you for signing up! Please check your email to confirm your subscription."",""oops"":""Oops! There was a problem. Please try again."",""email"":""Please enter a valid email address."",""required"":""%s is a required field.""};
//# sourceURL=gem-main-js-extra
 
  
  
  
 
var wpcf7_recaptcha = {
    ""sitekey"": ""6LdAGgcgAAAAALmBeuQZgYH6HTEI3KlPBF86-YxA"",
    ""actions"": {
        ""homepage"": ""homepage"",
        ""contactform"": ""contactform""
    }
};
//# sourceURL=wpcf7-recaptcha-js-before
 
  
 
{""baseUrl"":""https://s.w.org/images/core/emoji/17.0.2/72x72/"",""ext"":"".png"",""svgUrl"":""https://s.w.org/images/core/emoji/17.0.2/svg/"",""svgExt"":"".svg"",""source"":{""concatemoji"":""https://evitp.org/wp-includes/js/wp-emoji-release.min.js?ver=7.0.4""}}
 
 
/*! This file is auto-generated */
var e=""script#wp-emoji-settings"",t=document.querySelector(e);if(!(t instanceof HTMLScriptElement))throw new Error(""Element missing: ""+e);const r=JSON.parse(t.text),s=(window._wpemojiSettings=r,""wpEmojiSettingsSupports""),o=[""flag"",""emoji""];function i(e){try{var t={supportTests:e,timestamp:(new Date).valueOf()};sessionStorage.setItem(s,JSON.stringify(t))}catch(e){}}function c(e,t,n){e.clearRect(0,0,e.canvas.width,e.canvas.height),e.fillText(t,0,0);t=new Uint32Array(e.getImageData(0,0,e.canvas.width,e.canvas.height).data);e.clearRect(0,0,e.canvas.width,e.canvas.height),e.fillText(n,0,0);const r=new Uint32Array(e.getImageData(0,0,e.canvas.width,e.canvas.height).data);return t.every((e,t)=>e===r[t])}function p(e,t){e.clearRect(0,0,e.canvas.width,e.canvas.height),e.fillText(t,0,0);var n=e.getImageData(16,16,1,1);for(let e=0;e {o[e]=t(s,e,n,r)}),o}function a(e){var t=document.createElement(""script"");t.src=e,t.defer=!0,document.head.appendChild(t)}r.supports={everything:!0,everythingExceptFlag:!0},new Promise(t=>{let n=function(){try{var e=JSON.parse(sessionStorage.getItem(s));if(""object""==typeof e&&""number""==typeof e.timestamp&&(new Date).valueOf() {i(n=e.data),a.terminate(),t(n)})}catch(e){}i(n=f(o,u,c,p))}t(n)}).then(e=>{for(const n in e)r.supports[n]=e[n],r.supports.everything=r.supports.everything&&r.supports[n],""flag""!==n&&(r.supports.everythingExceptFlag=r.supports.everythingExceptFlag&&r.supports[n]);var t;r.supports.everythingExceptFlag=r.supports.everythingExceptFlag&&!r.supports.flag,r.supports.everything||((t=r.source||{}).concatemoji?a(t.concatemoji):t.wpemoji&&t.twemoji&&(a(t.twemoji),a(t.wpemoji)))});
//# sourceURL=https://evitp.org/wp-includes/js/wp-emoji-loader.min.js
 
 			  
			 
				/* @v3-js:start */
					let c4wp_onloadCallback = function() {
						for ( var i = 0; i   {
						if ( typeof jQuery !== 'undefined' && jQuery( 'input[id*=""c4wp-wc-checkout""]' ).length ) {
							var element = document.createElement('div');
							var html = '     ';
							element.innerHTML = html;
							jQuery( '[class*=""c4wp-wc-checkout""]' ).append( element );
							jQuery( '[class*=""c4wp-wc-checkout""]' ).find('*').off();
							c4wp_onloadCallback();
						}
					});
				/* @v3-js:end */",https://evitp.org/colorado/listing/treehouse,evitp.org,2026-08-31
41.559049,-73.083629,connecticut,"Aldridge Electric, Inc.","Connecticut, USA",18472761127,ggiovannetti@aldridgegroup.com,https://www.aldridgegroup.com/,Gina Giovannetti,https://evitp.org/connecticut/listing/aldridge-electric-inc,evitp.org,2026-08-31
41.287273,-72.979533,connecticut,"All Electric Construction & Communication, LLC","80 Farwell Street, West Haven, CT, 06516 USA",2035351244,pat@allelectricct.com,,Patrick Lewis,https://evitp.org/connecticut/listing/all-electric-construction-communication-llc,evitp.org,2026-08-31
41.603221,-73.087749,connecticut,"American Electrical Systems, Inc.","Connecticut, USA",9788966324,,https://american-elec.com/,John Gill,https://evitp.org/connecticut/listing/american-electrical-systems-inc,evitp.org,2026-08-31
41.494218,-72.665331,connecticut,"AWS Electric, LLC","81R Cesca Lane, Durham, CT 06422, USA",8607991321,andrew@awselectricllc.com,http://awselectric-online.com/,Andrew Sheff,https://evitp.org/connecticut/listing/aws-electrical-llc,evitp.org,2026-08-31
41.529423,-73.038978,connecticut,"C&H Electric, Inc.","1999 South Main Street, Waterbury, CT, 06706, USA",2037543231,service@chelectric.com,https://www.chelectric.com/,Ted Bednarczyk,https://evitp.org/connecticut/listing/ch-electric-inc,evitp.org,2026-08-31
41.765804,-72.673372,connecticut,Collins Electric Company,"Hartford, Connecticut, USA",4135929221,leagen@collinselectricco.com,https://www.collinselectricco.com/,Larry Eagan,https://evitp.org/connecticut/listing/collins-electric-company,evitp.org,2026-08-31
41.297531,-72.897635,connecticut,"Consolidated Electric, Inc.","100 Wheeler Street, Unit F. New Haven, CT, 06512, USA",2038049949,grennant@conelectricinc.com,http://www.conelectricinc.com/,Thomas Grennan,https://evitp.org/connecticut/listing/consolidated-electric-inc,evitp.org,2026-08-31
41.792168,-72.52535,connecticut,"Custom Electric, inc.","52 Main Street, Manchester, CT, 06042, USA",8606437110,tadamson@customelectricusa.com,http://customelectricusa.com/,,https://evitp.org/connecticut/listing/custom-electric-inc,evitp.org,2026-08-31
41.639152,-72.997112,connecticut,"D&M Electrical Contracting, LLC","Connecticut, USA",19143452102,kgeberth@dmeelectrical.com,https://dmelectrical.com/,Kevin Geberth,https://evitp.org/connecticut/listing/dm-electrical-contracting-llc,evitp.org,2026-08-31
41.380921,-72.160587,connecticut,"Dicin Electric Company, inc.","156 Cross Road, Waterford, CT 06385, USA",8604420826,cindy@dicinelectric.com,http://dicinelectric.com/,Chris Hersom,https://evitp.org/connecticut/listing/dicin-electric-company-inc,evitp.org,2026-08-31
41.755755,-72.674666,connecticut,"Electrical Power Solutions, LLC.","2 Wethersfield Avenue, Hartford, CT, 06114, USA",8603357593,arnold@eps-pow.com,,,https://evitp.org/connecticut/listing/electrical-power-solutions-llc,evitp.org,2026-08-31
41.603221,-73.087749,connecticut,"Elm Electrical, Inc.","Connecticut, USA",4134273924,jhenderson@elmelec.com,https://www.elmelec.com/,John Henderson,https://evitp.org/connecticut/listing/elm-electrical-inc,evitp.org,2026-08-31
41.603221,-73.087749,connecticut,Green Lantern Solar,"Connecticut, USA",8604225750,georgep1250@hotmail.com,,George Payne,https://evitp.org/connecticut/listing/green-lantern-solar,evitp.org,2026-08-31
41.603221,-73.141307,connecticut,M.L. Schmitt Inc.,"Connecticut, USA",4137337868,marcp@mlschmittelectric.com,https://www.mlschmittelectric.com/,Marc Parent,https://evitp.org/connecticut/listing/m-l-schmitt-inc,evitp.org,2026-08-31
41.603221,-73.087749,connecticut,Matrix NAC,"Connecticut, USA",7323883540,stevenlamastra@matrixservicecompany.com,https://www.matrixnac.com/,Steven LaMastra,https://evitp.org/connecticut/listing/matrix-nac,evitp.org,2026-08-31
41.769926,-72.698833,connecticut,Miller Electric Company,"CT, USA",9048324423,mhall@mecojax.com,https://www.mecojax.com/,Mike Hall,https://evitp.org/connecticut/listing/miller-electric-company,evitp.org,2026-08-31
41.182213,-73.146831,connecticut,"N&S Electric, Inc.","120 Allen Street, Stratford, CT, 06615 USA",2033780667,requests@nandselectric.com,https://www.nandselectric.com/contactus#request,Michael Nizzardo,https://evitp.org/connecticut/listing/ns-electric-inc,evitp.org,2026-08-31
41.603221,-73.087749,connecticut,NEC Group LLC,"Connecticut, USA",6035028183,kbarnard@necgroup.com,https://www.necgroup.com/,,https://evitp.org/connecticut/listing/nec-group-llc,evitp.org,2026-08-31
41.774484,-72.667522,connecticut,New River Electrical Corporation,"Connecticut, USA",15405267501,ahartsfield@nrec.net,https://www.newriverelectrical.com/,Jonathan Aaron Hartsfield,https://evitp.org/connecticut/listing/new-river-electrical-corporation,evitp.org,2026-08-31
41.655152,-72.729203,connecticut,Newington Electric Co.,"72 Pane Road, Newington, CT, 06111, USA",8606671948,April@newingtonelectric.com,https://newingtonelectric.com/,April Mealha,https://evitp.org/connecticut/listing/newington-electric-co,evitp.org,2026-08-31
41.56497,-73.090723,connecticut,"Paul Dinto Electrical Contractors, Inc.","121 Turnpike Drive, Middlebury, CT, 06762, USA",2035092634,amercaldi@dintoelectric.com,https://www.dintoelectric.com/,Anthony Mercaldi,https://evitp.org/connecticut/listing/paul-dinto-electrical-contractors-inc,evitp.org,2026-08-31
41.356296,-72.917461,connecticut,Sargent Electric Company,"New Haven, Connecticut, USA",4123947600,info@sargentelectric.com,https://www.sargentelectric.com/,Tim Snyder,https://evitp.org/connecticut/listing/sargent-electric-company,evitp.org,2026-08-31
41.529242,-73.197612,connecticut,"Springfield Electrical Co., Inc.","Connecticut, USA",4137471600,tomc@springfieldelectirc.org,http://springfieldelectric.org/,Tom Collins,https://evitp.org/connecticut/listing/springfield-electrical-co-inc,evitp.org,2026-08-31
41.603221,-73.087749,connecticut,"Stewart Electrical Contracting, Inc.","Connecticut, USA",18008979423,support@stewartelectricalcontracting.com,https://www.stewartelectricalcontracting.com/,Colby Bruce,https://evitp.org/connecticut/listing/stewart-electrical-contracting-inc,evitp.org,2026-08-31
41.603221,-73.087749,connecticut,"Tilson Technology Management, Inc.","Connecticut, USA",4343901227,jaman@tilsontech.com,https://tilsontech.com/,Jeffrey Aman,https://evitp.org/connecticut/listing/tilson-technology-management-inc,evitp.org,2026-08-31
41.41236,-73.427068,connecticut,Tri-County Electric,"96 Beaver Brook Road, Danbury, CT, USA",2037941894,office@tcect.com,https://tricountyelectricct.com/,Brian McCarthy,https://evitp.org/connecticut/listing/tri-county-electric,evitp.org,2026-08-31
41.755022,-73.082256,connecticut,"Universal Electric Co., Inc.","Connecticut, USA",4137889473101,mquinn@uecma.com,http://www.uecma.com/,Michael Quinn,https://evitp.org/connecticut/listing/universal-electric-co-inc,evitp.org,2026-08-31
41.173928,-73.204884,connecticut,"WC McBride Electrical Contractors, LLC","1027 Fairfield Avenue, Bridgeport, CT, 06605, USA",2033625855,willie@wcmcbrideelectric.com,http://www.wcmcbrideelectric.com/,Willie C. McBride Jr.,https://evitp.org/connecticut/listing/wc-mcbride-electrical-contractors-llc,evitp.org,2026-08-31
41.603221,-73.087749,connecticut,"Wyman & Sons Electric, Inc.","Connecticut, USA",4018086622,dwyman@wymanandsons.com,https://wymanandsons.com/,"David W. L. Wyman Jr.              
             
                             
         
     
 
     
     
         
             
                  Redo search when map moved 
             
              
         
     
 
 
 
 
     
         Showing 29 results 
     
  
 
 											 

									 
					 
			 
   
    

	 
		 

			 
	 
		
		 
			 

				
 
			 
			 			  
	   


 
 

 
	   


The Electric Vehicle Infrastructure Training Program (EVITP) provides training and certification for electricians installing electric vehicle supply equipment (EVSE).  
		 		 
			 
					 
			 
			 			  
		 		 
			 
			  Contact Info 			  
	 
		 
			  		 
	 
	  Canada: www.NETCO.org 
 

 
	 
		 
			  		 
	 
	  United States:  EVITP, 811 N. Main Street, Suite 202,                     Royal Oak, MI  48067
 
 

 
	 
		 
			  		 
	 
	   info@evitp.org 
  
		 		 
	 			 
		 
		 
 


 
			 
			 

			
			 

			 
	 
		 Copyright © 2026 EVITP - ALL RIGHTS RESERVED -  TERMS OF USE  	 
	 
			 
 
			 

				 
		 
	 
		 
	 

   
   
 
{""prefetch"":[{""source"":""document"",""where"":{""and"":[{""href_matches"":""/*""},{""not"":{""href_matches"":[""/wp-*.php"",""/wp-admin/*"",""/wp-content/uploads/*"",""/wp-content/*"",""/wp-content/plugins/*"",""/wp-content/themes/siennawp/*"",""/*\\?(.+)""]}},{""not"":{""selector_matches"":""a[rel~=\""nofollow\""]""}},{""not"":{""selector_matches"":"".no-prefetch, .no-prefetch a""}}]},""eagerness"":""conservative""}]}
 
		  
		 
jQuery(document).ready(function($) {
SABAI.init($(""#sabai-content""));
});
   
  
  
  
  
  
  
 
wp.i18n.setLocaleData( { 'text direction\u0004ltr': [ 'ltr' ] } );
//# sourceURL=wp-i18n-js-after
 
  
 
var wpcf7 = {
    ""api"": {
        ""root"": ""https:\/\/evitp.org\/wp-json\/"",
        ""namespace"": ""contact-form-7\/v1""
    }
};
//# sourceURL=contact-form-7-js-before
 
  
 
var cf7appsHoneypotRefill = {""forceRefillOnInit"":""""};
//# sourceURL=cf7apps-honeypot-refill-js-extra
 
  
  
  
 
var mejsL10n = {""language"":""en"",""strings"":{""mejs.download-file"":""Download File"",""mejs.install-flash"":""You are using a browser that does not have Flash player enabled or installed. Please turn on your Flash player plugin or download the latest version from https://get.adobe.com/flashplayer/"",""mejs.fullscreen"":""Fullscreen"",""mejs.play"":""Play"",""mejs.pause"":""Pause"",""mejs.time-slider"":""Time Slider"",""mejs.time-help-text"":""Use Left/Right Arrow keys to advance one second, Up/Down arrows to advance ten seconds."",""mejs.live-broadcast"":""Live Broadcast"",""mejs.volume-help-text"":""Use Up/Down Arrow keys to increase or decrease volume."",""mejs.unmute"":""Unmute"",""mejs.mute"":""Mute"",""mejs.volume-slider"":""Volume Slider"",""mejs.video-player"":""Video Player"",""mejs.audio-player"":""Audio Player"",""mejs.captions-subtitles"":""Captions/Subtitles"",""mejs.captions-chapters"":""Chapters"",""mejs.none"":""None"",""mejs.afrikaans"":""Afrikaans"",""mejs.albanian"":""Albanian"",""mejs.arabic"":""Arabic"",""mejs.belarusian"":""Belarusian"",""mejs.bulgarian"":""Bulgarian"",""mejs.catalan"":""Catalan"",""mejs.chinese"":""Chinese"",""mejs.chinese-simplified"":""Chinese (Simplified)"",""mejs.chinese-traditional"":""Chinese (Traditional)"",""mejs.croatian"":""Croatian"",""mejs.czech"":""Czech"",""mejs.danish"":""Danish"",""mejs.dutch"":""Dutch"",""mejs.english"":""English"",""mejs.estonian"":""Estonian"",""mejs.filipino"":""Filipino"",""mejs.finnish"":""Finnish"",""mejs.french"":""French"",""mejs.galician"":""Galician"",""mejs.german"":""German"",""mejs.greek"":""Greek"",""mejs.haitian-creole"":""Haitian Creole"",""mejs.hebrew"":""Hebrew"",""mejs.hindi"":""Hindi"",""mejs.hungarian"":""Hungarian"",""mejs.icelandic"":""Icelandic"",""mejs.indonesian"":""Indonesian"",""mejs.irish"":""Irish"",""mejs.italian"":""Italian"",""mejs.japanese"":""Japanese"",""mejs.korean"":""Korean"",""mejs.latvian"":""Latvian"",""mejs.lithuanian"":""Lithuanian"",""mejs.macedonian"":""Macedonian"",""mejs.malay"":""Malay"",""mejs.maltese"":""Maltese"",""mejs.norwegian"":""Norwegian"",""mejs.persian"":""Persian"",""mejs.polish"":""Polish"",""mejs.portuguese"":""Portuguese"",""mejs.romanian"":""Romanian"",""mejs.russian"":""Russian"",""mejs.serbian"":""Serbian"",""mejs.slovak"":""Slovak"",""mejs.slovenian"":""Slovenian"",""mejs.spanish"":""Spanish"",""mejs.swahili"":""Swahili"",""mejs.swedish"":""Swedish"",""mejs.tagalog"":""Tagalog"",""mejs.thai"":""Thai"",""mejs.turkish"":""Turkish"",""mejs.ukrainian"":""Ukrainian"",""mejs.vietnamese"":""Vietnamese"",""mejs.welsh"":""Welsh"",""mejs.yiddish"":""Yiddish""}};
//# sourceURL=mediaelement-core-js-before
 
  
  
 
var _wpmejsSettings = {""pluginPath"":""/wp-includes/js/mediaelement/"",""classPrefix"":""mejs-"",""stretching"":""responsive"",""audioShortcodeLibrary"":""mediaelement"",""videoShortcodeLibrary"":""mediaelement""};
//# sourceURL=mediaelement-js-extra
 
  
  
  
  
  
  
  
  
  
  
  
  
  
  
  
  
  
  
  
  
  
  
  
  
  
  
  
  
  
  
  
  
 
var mkdfGlobalVars = {""vars"":{""mkdfAddForAdminBar"":0,""mkdfElementAppearAmount"":-150,""mkdfFinishedMessage"":""No more posts"",""mkdfMessage"":""Loading new posts..."",""mkdfTopBarHeight"":42,""mkdfStickyHeaderHeight"":0,""mkdfStickyHeaderTransparencyHeight"":60,""mkdfLogoAreaHeight"":0,""mkdfMenuAreaHeight"":131,""mkdfMobileHeaderHeight"":100}};
var mkdfPerPageVars = {""vars"":{""mkdfStickyScrollAmount"":450,""mkdfStickyScrollAmountFullScreen"":false,""mkdfHeaderTransparencyHeight"":0}};
//# sourceURL=sienna-mikado-modules-js-extra
 
  
  
  
 
var mkdfLike = {""ajaxurl"":""https://evitp.org/wp-admin/admin-ajax.php""};
//# sourceURL=sienna-mikado-like-js-extra
 
  
 
var GEM = {""thankyou"":""Thank you for signing up!"",""thankyou_suppressed"":""Thank you for signing up! Please check your email to confirm your subscription."",""oops"":""Oops! There was a problem. Please try again."",""email"":""Please enter a valid email address."",""required"":""%s is a required field.""};
//# sourceURL=gem-main-js-extra
 
  
  
  
 
var wpcf7_recaptcha = {
    ""sitekey"": ""6LdAGgcgAAAAALmBeuQZgYH6HTEI3KlPBF86-YxA"",
    ""actions"": {
        ""homepage"": ""homepage"",
        ""contactform"": ""contactform""
    }
};
//# sourceURL=wpcf7-recaptcha-js-before
 
  
 
{""baseUrl"":""https://s.w.org/images/core/emoji/17.0.2/72x72/"",""ext"":"".png"",""svgUrl"":""https://s.w.org/images/core/emoji/17.0.2/svg/"",""svgExt"":"".svg"",""source"":{""concatemoji"":""https://evitp.org/wp-includes/js/wp-emoji-release.min.js?ver=7.0.4""}}
 
 
/*! This file is auto-generated */
var e=""script#wp-emoji-settings"",t=document.querySelector(e);if(!(t instanceof HTMLScriptElement))throw new Error(""Element missing: ""+e);const r=JSON.parse(t.text),s=(window._wpemojiSettings=r,""wpEmojiSettingsSupports""),o=[""flag"",""emoji""];function i(e){try{var t={supportTests:e,timestamp:(new Date).valueOf()};sessionStorage.setItem(s,JSON.stringify(t))}catch(e){}}function c(e,t,n){e.clearRect(0,0,e.canvas.width,e.canvas.height),e.fillText(t,0,0);t=new Uint32Array(e.getImageData(0,0,e.canvas.width,e.canvas.height).data);e.clearRect(0,0,e.canvas.width,e.canvas.height),e.fillText(n,0,0);const r=new Uint32Array(e.getImageData(0,0,e.canvas.width,e.canvas.height).data);return t.every((e,t)=>e===r[t])}function p(e,t){e.clearRect(0,0,e.canvas.width,e.canvas.height),e.fillText(t,0,0);var n=e.getImageData(16,16,1,1);for(let e=0;e {o[e]=t(s,e,n,r)}),o}function a(e){var t=document.createElement(""script"");t.src=e,t.defer=!0,document.head.appendChild(t)}r.supports={everything:!0,everythingExceptFlag:!0},new Promise(t=>{let n=function(){try{var e=JSON.parse(sessionStorage.getItem(s));if(""object""==typeof e&&""number""==typeof e.timestamp&&(new Date).valueOf() {i(n=e.data),a.terminate(),t(n)})}catch(e){}i(n=f(o,u,c,p))}t(n)}).then(e=>{for(const n in e)r.supports[n]=e[n],r.supports.everything=r.supports.everything&&r.supports[n],""flag""!==n&&(r.supports.everythingExceptFlag=r.supports.everythingExceptFlag&&r.supports[n]);var t;r.supports.everythingExceptFlag=r.supports.everythingExceptFlag&&!r.supports.flag,r.supports.everything||((t=r.source||{}).concatemoji?a(t.concatemoji):t.wpemoji&&t.twemoji&&(a(t.twemoji),a(t.wpemoji)))});
//# sourceURL=https://evitp.org/wp-includes/js/wp-emoji-loader.min.js
 
 			  
			 
				/* @v3-js:start */
					let c4wp_onloadCallback = function() {
						for ( var i = 0; i   {
						if ( typeof jQuery !== 'undefined' && jQuery( 'input[id*=""c4wp-wc-checkout""]' ).length ) {
							var element = document.createElement('div');
							var html = '     ';
							element.innerHTML = html;
							jQuery( '[class*=""c4wp-wc-checkout""]' ).append( element );
							jQuery( '[class*=""c4wp-wc-checkout""]' ).find('*').off();
							c4wp_onloadCallback();
						}
					});
				/* @v3-js:end */",https://evitp.org/connecticut/listing/wyman-sons-electric-inc,evitp.org,2026-08-31
38.910833,-75.52767,delaware,"Aldridge Electric, Inc.","Delaware, USA",18472761127,ggiovannetti@aldridgegroup.com,https://www.aldridgegroup.com/,Gina Giovannetti,https://evitp.org/delaware/listing/aldridge-electric-inc,evitp.org,2026-08-31
38.910833,-75.52767,delaware,Allstate Sales Group,"Delaware, USA",7323355588,aabadie@asginc.us,https://www.asginc.us/,Anne Abadie,https://evitp.org/delaware/listing/allstate-sales-group,evitp.org,2026-08-31
39.692262,-75.570152,delaware,"Battaglia Electric, Inc.","Industrial Boulevard, New Castle, DE, 19720, USA",3023256100,jmeyer@battag.com,http://battag.com/,Jim Meyer,https://evitp.org/delaware/listing/battaglia-electric-inc,evitp.org,2026-08-31
38.910833,-75.52767,delaware,"Carr and Duff, Inc.","Delaware, USA",2153282490,sduff@carduff.com,https://carrduff.com/,Shawn Duff,https://evitp.org/delaware/listing/carr-and-duff-inc,evitp.org,2026-08-31
38.910833,-75.52767,delaware,"Charles H. MacDonald Electric, Inc.","Delaware, USA",610993986627,amacdonald@macdonaldelec.com,https://macdonaldelec.com/,Andrew MacDonald,https://evitp.org/delaware/listing/charles-h-macdonald-electric-inc,evitp.org,2026-08-31
38.502049,-75.380453,delaware,"D.P. Murt Co., inc.","Delaware, USA",8566653488,eng20@aol.com,http://dpmurt.com/,Dennis Murt,https://evitp.org/delaware/listing/d-p-murt-co-inc,evitp.org,2026-08-31
39.09667,-75.54402,delaware,Diamond Electric,"3566 Peachtree Run, Dover, DE, 19901, USA",3026973296,thartley@diamondelectric.org,,Thomas J Hartley,https://evitp.org/delaware/listing/diamond-electric,evitp.org,2026-08-31
39.679035,-75.625037,delaware,First State Electric,"25 King Court, New Castle, DE 19720, USA",3023220140,fredf@firststateelectric.com,http://firststateelectric.com/,Fred Fisher,https://evitp.org/delaware/listing/first-state-electric,evitp.org,2026-08-31
39.74701,-75.521301,delaware,"Furness Electric Co, Inc.","1604 Todds Lane, Wilmington, DE 19802, USA",3027646030,dgutowski@furnesselectric.com,http://furnesselectric.com/,Daniel Gutowski,https://evitp.org/delaware/listing/furness-electric-co-inc,evitp.org,2026-08-31
38.910833,-75.52767,delaware,"Henkels & McCoy, Inc.","Delaware, USA",2152837815,aisadore@henkels.com,https://www.henkels.com/,Alan Isadore,https://evitp.org/delaware/listing/henkels-mccoy-inc,evitp.org,2026-08-31
38.910833,-75.52767,delaware,"I.B. Abel, Inc.","Delaware, USA",7178942988,wboyer@ib-abel.com,https://www.ib-abel.com/,Waylon Boyer,https://evitp.org/delaware/listing/i-b-abel-inc,evitp.org,2026-08-31
38.910833,-75.52767,delaware,Matrix NAC,"Delaware, USA",6108769292,stevenlamastra@matrixservicecompany.com,https://www.matrixnac.com/,Steven LaMastra,https://evitp.org/delaware/listing/matrix-nac,evitp.org,2026-08-31
39.233744,-75.552938,delaware,Miller Electric Company,"DE, USA",9048324423,mhall@mecojax.com,https://www.mecojax.com/,Mike Hall,https://evitp.org/delaware/listing/miller-electric-company,evitp.org,2026-08-31
38.400443,-75.250814,delaware,New River Electrical Corporation,"Delaware, USA",15405267501,ahartsfield@nrec.net,https://www.newriverelectrical.com/,Jonathan Aaron Hartsfield,https://evitp.org/delaware/listing/new-river-electrical-corporation,evitp.org,2026-08-31
38.910833,-75.52767,delaware,Nucero Electric,"Delaware, USA",6107680400,cfox@hbfrazer.com,https://www.hbfrazer.com/,Curt Fox,https://evitp.org/delaware/listing/nucero-electric,evitp.org,2026-08-31
38.910833,-75.52767,delaware,"Riggs Distler & Co., Inc","Delaware, USA",6093525070,jsimpson@riggsdistler.com,https://riggsdistler.com/,Jeffrwy Simpson,https://evitp.org/delaware/listing/riggs-distler-co-inc,evitp.org,2026-08-31
39.72585,-75.579067,delaware,Superior Electric,"36 Germay Drive, Wilmington, DE, 19804, USA",3024202502,jimmie@superiorelectric.biz,https://www.superiorelectric.biz/,Jimmie Fitzsimmons,https://evitp.org/delaware/listing/superior-electric,evitp.org,2026-08-31
38.910833,-75.52767,delaware,"Vasoli Electric Co., Inc.","Delaware, USA",2158661000,svasoli@vasoli.com,http://vasoli.com/,"James Odgers              
             
                             
         
     
 
     
     
         
             
                  Redo search when map moved 
             
              
         
     
 
 
 
 
     
         Showing 18 results 
     
  
 
 											 

									 
					 
			 
   
    

	 
		 

			 
	 
		
		 
			 

				
 
			 
			 			  
	   


 
 

 
	   


The Electric Vehicle Infrastructure Training Program (EVITP) provides training and certification for electricians installing electric vehicle supply equipment (EVSE).  
		 		 
			 
					 
			 
			 			  
		 		 
			 
			  Contact Info 			  
	 
		 
			  		 
	 
	  Canada: www.NETCO.org 
 

 
	 
		 
			  		 
	 
	  United States:  EVITP, 811 N. Main Street, Suite 202,                     Royal Oak, MI  48067
 
 

 
	 
		 
			  		 
	 
	   info@evitp.org 
  
		 		 
	 			 
		 
		 
 


 
			 
			 

			
			 

			 
	 
		 Copyright © 2026 EVITP - ALL RIGHTS RESERVED -  TERMS OF USE  	 
	 
			 
 
			 

				 
		 
	 
		 
	 

   
   
 
{""prefetch"":[{""source"":""document"",""where"":{""and"":[{""href_matches"":""/*""},{""not"":{""href_matches"":[""/wp-*.php"",""/wp-admin/*"",""/wp-content/uploads/*"",""/wp-content/*"",""/wp-content/plugins/*"",""/wp-content/themes/siennawp/*"",""/*\\?(.+)""]}},{""not"":{""selector_matches"":""a[rel~=\""nofollow\""]""}},{""not"":{""selector_matches"":"".no-prefetch, .no-prefetch a""}}]},""eagerness"":""conservative""}]}
 
		  
		 
jQuery(document).ready(function($) {
SABAI.init($(""#sabai-content""));
});
   
  
  
  
  
  
  
 
wp.i18n.setLocaleData( { 'text direction\u0004ltr': [ 'ltr' ] } );
//# sourceURL=wp-i18n-js-after
 
  
 
var wpcf7 = {
    ""api"": {
        ""root"": ""https:\/\/evitp.org\/wp-json\/"",
        ""namespace"": ""contact-form-7\/v1""
    }
};
//# sourceURL=contact-form-7-js-before
 
  
 
var cf7appsHoneypotRefill = {""forceRefillOnInit"":""""};
//# sourceURL=cf7apps-honeypot-refill-js-extra
 
  
  
  
 
var mejsL10n = {""language"":""en"",""strings"":{""mejs.download-file"":""Download File"",""mejs.install-flash"":""You are using a browser that does not have Flash player enabled or installed. Please turn on your Flash player plugin or download the latest version from https://get.adobe.com/flashplayer/"",""mejs.fullscreen"":""Fullscreen"",""mejs.play"":""Play"",""mejs.pause"":""Pause"",""mejs.time-slider"":""Time Slider"",""mejs.time-help-text"":""Use Left/Right Arrow keys to advance one second, Up/Down arrows to advance ten seconds."",""mejs.live-broadcast"":""Live Broadcast"",""mejs.volume-help-text"":""Use Up/Down Arrow keys to increase or decrease volume."",""mejs.unmute"":""Unmute"",""mejs.mute"":""Mute"",""mejs.volume-slider"":""Volume Slider"",""mejs.video-player"":""Video Player"",""mejs.audio-player"":""Audio Player"",""mejs.captions-subtitles"":""Captions/Subtitles"",""mejs.captions-chapters"":""Chapters"",""mejs.none"":""None"",""mejs.afrikaans"":""Afrikaans"",""mejs.albanian"":""Albanian"",""mejs.arabic"":""Arabic"",""mejs.belarusian"":""Belarusian"",""mejs.bulgarian"":""Bulgarian"",""mejs.catalan"":""Catalan"",""mejs.chinese"":""Chinese"",""mejs.chinese-simplified"":""Chinese (Simplified)"",""mejs.chinese-traditional"":""Chinese (Traditional)"",""mejs.croatian"":""Croatian"",""mejs.czech"":""Czech"",""mejs.danish"":""Danish"",""mejs.dutch"":""Dutch"",""mejs.english"":""English"",""mejs.estonian"":""Estonian"",""mejs.filipino"":""Filipino"",""mejs.finnish"":""Finnish"",""mejs.french"":""French"",""mejs.galician"":""Galician"",""mejs.german"":""German"",""mejs.greek"":""Greek"",""mejs.haitian-creole"":""Haitian Creole"",""mejs.hebrew"":""Hebrew"",""mejs.hindi"":""Hindi"",""mejs.hungarian"":""Hungarian"",""mejs.icelandic"":""Icelandic"",""mejs.indonesian"":""Indonesian"",""mejs.irish"":""Irish"",""mejs.italian"":""Italian"",""mejs.japanese"":""Japanese"",""mejs.korean"":""Korean"",""mejs.latvian"":""Latvian"",""mejs.lithuanian"":""Lithuanian"",""mejs.macedonian"":""Macedonian"",""mejs.malay"":""Malay"",""mejs.maltese"":""Maltese"",""mejs.norwegian"":""Norwegian"",""mejs.persian"":""Persian"",""mejs.polish"":""Polish"",""mejs.portuguese"":""Portuguese"",""mejs.romanian"":""Romanian"",""mejs.russian"":""Russian"",""mejs.serbian"":""Serbian"",""mejs.slovak"":""Slovak"",""mejs.slovenian"":""Slovenian"",""mejs.spanish"":""Spanish"",""mejs.swahili"":""Swahili"",""mejs.swedish"":""Swedish"",""mejs.tagalog"":""Tagalog"",""mejs.thai"":""Thai"",""mejs.turkish"":""Turkish"",""mejs.ukrainian"":""Ukrainian"",""mejs.vietnamese"":""Vietnamese"",""mejs.welsh"":""Welsh"",""mejs.yiddish"":""Yiddish""}};
//# sourceURL=mediaelement-core-js-before
 
  
  
 
var _wpmejsSettings = {""pluginPath"":""/wp-includes/js/mediaelement/"",""classPrefix"":""mejs-"",""stretching"":""responsive"",""audioShortcodeLibrary"":""mediaelement"",""videoShortcodeLibrary"":""mediaelement""};
//# sourceURL=mediaelement-js-extra
 
  
  
  
  
  
  
  
  
  
  
  
  
  
  
  
  
  
  
  
  
  
  
  
  
  
  
  
  
  
  
  
  
 
var mkdfGlobalVars = {""vars"":{""mkdfAddForAdminBar"":0,""mkdfElementAppearAmount"":-150,""mkdfFinishedMessage"":""No more posts"",""mkdfMessage"":""Loading new posts..."",""mkdfTopBarHeight"":42,""mkdfStickyHeaderHeight"":0,""mkdfStickyHeaderTransparencyHeight"":60,""mkdfLogoAreaHeight"":0,""mkdfMenuAreaHeight"":131,""mkdfMobileHeaderHeight"":100}};
var mkdfPerPageVars = {""vars"":{""mkdfStickyScrollAmount"":450,""mkdfStickyScrollAmountFullScreen"":false,""mkdfHeaderTransparencyHeight"":0}};
//# sourceURL=sienna-mikado-modules-js-extra
 
  
  
  
 
var mkdfLike = {""ajaxurl"":""https://evitp.org/wp-admin/admin-ajax.php""};
//# sourceURL=sienna-mikado-like-js-extra
 
  
 
var GEM = {""thankyou"":""Thank you for signing up!"",""thankyou_suppressed"":""Thank you for signing up! Please check your email to confirm your subscription."",""oops"":""Oops! There was a problem. Please try again."",""email"":""Please enter a valid email address."",""required"":""%s is a required field.""};
//# sourceURL=gem-main-js-extra
 
  
  
  
 
var wpcf7_recaptcha = {
    ""sitekey"": ""6LdAGgcgAAAAALmBeuQZgYH6HTEI3KlPBF86-YxA"",
    ""actions"": {
        ""homepage"": ""homepage"",
        ""contactform"": ""contactform""
    }
};
//# sourceURL=wpcf7-recaptcha-js-before
 
  
 
{""baseUrl"":""https://s.w.org/images/core/emoji/17.0.2/72x72/"",""ext"":"".png"",""svgUrl"":""https://s.w.org/images/core/emoji/17.0.2/svg/"",""svgExt"":"".svg"",""source"":{""concatemoji"":""https://evitp.org/wp-includes/js/wp-emoji-release.min.js?ver=7.0.4""}}
 
 
/*! This file is auto-generated */
var e=""script#wp-emoji-settings"",t=document.querySelector(e);if(!(t instanceof HTMLScriptElement))throw new Error(""Element missing: ""+e);const r=JSON.parse(t.text),s=(window._wpemojiSettings=r,""wpEmojiSettingsSupports""),o=[""flag"",""emoji""];function i(e){try{var t={supportTests:e,timestamp:(new Date).valueOf()};sessionStorage.setItem(s,JSON.stringify(t))}catch(e){}}function c(e,t,n){e.clearRect(0,0,e.canvas.width,e.canvas.height),e.fillText(t,0,0);t=new Uint32Array(e.getImageData(0,0,e.canvas.width,e.canvas.height).data);e.clearRect(0,0,e.canvas.width,e.canvas.height),e.fillText(n,0,0);const r=new Uint32Array(e.getImageData(0,0,e.canvas.width,e.canvas.height).data);return t.every((e,t)=>e===r[t])}function p(e,t){e.clearRect(0,0,e.canvas.width,e.canvas.height),e.fillText(t,0,0);var n=e.getImageData(16,16,1,1);for(let e=0;e {o[e]=t(s,e,n,r)}),o}function a(e){var t=document.createElement(""script"");t.src=e,t.defer=!0,document.head.appendChild(t)}r.supports={everything:!0,everythingExceptFlag:!0},new Promise(t=>{let n=function(){try{var e=JSON.parse(sessionStorage.getItem(s));if(""object""==typeof e&&""number""==typeof e.timestamp&&(new Date).valueOf() {i(n=e.data),a.terminate(),t(n)})}catch(e){}i(n=f(o,u,c,p))}t(n)}).then(e=>{for(const n in e)r.supports[n]=e[n],r.supports.everything=r.supports.everything&&r.supports[n],""flag""!==n&&(r.supports.everythingExceptFlag=r.supports.everythingExceptFlag&&r.supports[n]);var t;r.supports.everythingExceptFlag=r.supports.everythingExceptFlag&&!r.supports.flag,r.supports.everything||((t=r.source||{}).concatemoji?a(t.concatemoji):t.wpemoji&&t.twemoji&&(a(t.twemoji),a(t.wpemoji)))});
//# sourceURL=https://evitp.org/wp-includes/js/wp-emoji-loader.min.js
 
 			  
			 
				/* @v3-js:start */
					let c4wp_onloadCallback = function() {
						for ( var i = 0; i   {
						if ( typeof jQuery !== 'undefined' && jQuery( 'input[id*=""c4wp-wc-checkout""]' ).length ) {
							var element = document.createElement('div');
							var html = '     ';
							element.innerHTML = html;
							jQuery( '[class*=""c4wp-wc-checkout""]' ).append( element );
							jQuery( '[class*=""c4wp-wc-checkout""]' ).find('*').off();
							c4wp_onloadCallback();
						}
					});
				/* @v3-js:end */",https://evitp.org/delaware/listing/vasoli-electric-co-inc,evitp.org,2026-08-31
26.154446,-80.16921,florida,"Advanced Roofing, Inc","1950 Northwest 22nd Street, Fort Lauderdale, FL, 33311, USA",9546144668,sheldonW@agt.com,https://www.agt.com/,Sheldon Waby,https://evitp.org/florida/listing/advanced-roofing,evitp.org,2026-08-31
27.664827,-81.515754,florida,"Aldridge Electric, Inc.","Florida, USA",18472761127,ggiovannetti@aldridgegroup.com,https://www.aldridgegroup.com/,Gina Giovannetti,https://evitp.org/florida/listing/aldridge-electric-inc,evitp.org,2026-08-31
27.664827,-81.515754,florida,Allstate Sales Group,"Florida, USA",7323355588,aabadie@asginc.us,https://www.asginc.us/,Anne Abadie,https://evitp.org/florida/listing/allstate-sales-group,evitp.org,2026-08-31
27.664827,-81.515754,florida,Besco Electrical Corporation,"Florida, USA",17048924200,d.caylor@bescoelectrical.com,https://bescoelectrical.com/,Dan Caylor,https://evitp.org/florida/listing/besco-electrical-corporation,evitp.org,2026-08-31
26.771624,-80.238888,florida,"Billitier Electric, Inc.","Loxahatchee, FL, USA",15854135850,mpfeffer@billitierelectric.com,https://billitierelectric.com/,Matthew Pfeffer,https://evitp.org/florida/listing/billitier-electric-inc,evitp.org,2026-08-31
27.664827,-81.515754,florida,Brytemove Energy,"Florida, USA",7142379200,jkrajniak@brytemove.com,https://www.brytemove.com/,David Krajniak,https://evitp.org/florida/listing/brytemove-energy,evitp.org,2026-08-31
27.664827,-81.515754,florida,"Capital City Electrical Services, LLC","Florida, USA",4044294449,,https://www.ccelect.com/,Jim Johnson,https://evitp.org/florida/listing/capital-city-electrical-services-llc,evitp.org,2026-08-31
28.676637,-81.523235,florida,"Carter Electric, Inc.","450 Marshall Lake Road, Apopka, FL, 32703, USA",4078142677,doug@carter-electric.com,https://www.carter-electric.com/,Doug Carter,https://evitp.org/florida/listing/carter-electric,evitp.org,2026-08-31
27.664827,-81.515754,florida,"Cellectric Electric, LLC","Florida, USA",3153743017,,http://cellectric.net/,"Stephen A, Palladino",https://evitp.org/florida/listing/cellectric-electric-llc,evitp.org,2026-08-31
30.37436,-86.195863,florida,"Coastal Current Electrical Services, LLC","30 Devlieg Ave, Santa Rosa Beach, FL 32459",7082852929,Coastalcurrent30a@gmail.com,,Anthony Valcarcel,https://evitp.org/florida/listing/innovative-electric,evitp.org,2026-08-31
28.59492,-81.361945,florida,"Conti, LLC","Florida, USA",5868551135,jmetzger@conticorporation.com,http://conticorporation.com/,James Metzger,https://evitp.org/florida/listing/conti-llc,evitp.org,2026-08-31
26.554435,-80.072794,florida,"Coral Electric, Inc.","2920 NW Commerce Park Dr, #3 Boynton Beach, FL 33426, USA",5617290601,info@coralelectric.com,https://www.coralelectric.com/,Barry Seifer,https://evitp.org/florida/listing/coral-electric-inc,evitp.org,2026-08-31
26.789184,-81.724966,florida,"Core Power FL, LLC","44197 Frontier Drive, Punta Gorda, FL, 33982, USA",2393597853,ken@corepowerfl.com,https://www.corepowerfl.com,Ken Corr,https://evitp.org/florida/listing/core-ev-llc,evitp.org,2026-08-31
26.688914,-82.009906,florida,CSS Air Conditioning and Electrical,"1719 Northeast 19th Terrace, Cape Coral, FL, 33909, USA",2398290760,maria@cssairconditioning.com,https://www.cssairconditioning.com/,Kenneth Potter,https://evitp.org/florida/listing/css-air-conditioning-and-electrical,evitp.org,2026-08-31
27.664827,-81.515754,florida,DGKP Services,"Florida, USA",4789573960,david@dgkpservices.com,,David Grisham,https://evitp.org/florida/listing/dgkp-services,evitp.org,2026-08-31
26.0762,-80.36717,florida,Dynalectric Florida,"3300 Corporate Avenue, Suite 100, Weston, FL, 33331, USA",9546240000,jrandle@dynafl.com,https://www.dyna-fl.com/,Jeffrey Randle,https://evitp.org/florida/listing/dynalectric-florida,evitp.org,2026-08-31
28.572897,-81.320687,florida,"Electric Solutions Unlimited, LLC.","P.O. Box 140761, Orlando. FL. 32814, USA",3212818075,kurt.durette@goesu.com,http://electricsolutionsunlimited.com/,Kurt Durette,https://evitp.org/florida/listing/electrical-solutions-unlimited-llc,evitp.org,2026-08-31
27.664827,-81.515754,florida,"EMS Electric, Inc.","Florida, USA",13183760976,josh@emselectric.com,http://emselectric.com/,Josh Palmer,https://evitp.org/florida/listing/ems-electric-inc,evitp.org,2026-08-31
28.058194,-82.306769,florida,"Envirospark Energy Solutions, Inc.","Florida, USA",4047369173,info@envirosparkenergy.com,https://envirosparkenergy.com/,Brad Ewing,https://evitp.org/florida/listing/envirospark-energy-solutions-inc,evitp.org,2026-08-31
28.072775,-80.600815,florida,EVPlugz,"2412 Irwin St #50, Melbourne, FL 32901, USA",3215497002,info@evplugz.net,https://evplugz.net/,Nathan Lyon,https://evitp.org/florida/listing/evplugz,evitp.org,2026-08-31
28.412502,-81.451017,florida,"F J Electrical Services, LLC","10616 Whitman Cir, Orlando, FL, 32821, USA",4079276798,jsierra@fjelectricals.com,https://fjelectricals.com/,Jose Antonio Sierra Lespe,https://evitp.org/florida/listing/f-j-electrical-services-llc,evitp.org,2026-08-31
30.517896,-81.58107,florida,"Galaxy Electric Service, LLC","2624 Mahou Road, Lot 1, Jacksonville, FL 32226, USA",9044495670,gf.galaxyelectric@gmail.com,https://galaxy-electric-service-llc.business.site/?utm_source=gmb&amp;utm_medium=referral,Gabriel Ferreira,https://evitp.org/florida/listing/galaxy-electric-service-llc,evitp.org,2026-08-31
25.633815,-80.432174,florida,GiG Electric,"14743 Southwest 143rd Terrace, Miami, FL, 33196, USA",3056102538,,,Tom Hickey,https://evitp.org/florida/listing/gig-electric,evitp.org,2026-08-31
28.641609,-81.448627,florida,"Greenway Electrical Services, LLC.","2718 Pemberton Drive, Apopka, FL, 32703, USA",4075322778,jstgelais@greenwayelecsvc.com,https://www.greenwayelecsvc.com/,Michael Duffield or Jason St. Gelais,https://evitp.org/florida/listing/greenway-electrical-services-llc,evitp.org,2026-08-31
27.664827,-81.515754,florida,"Gulf Electric Co., Inc. of Mobile","Florida, USA",2516660654,bfreeman@gulfelectric.com,http://gulfelec.com/,Brian Freeman,https://evitp.org/florida/listing/gulf-electric-co-inc-of-mobile,evitp.org,2026-08-31
27.894443,-82.299901,florida,"Hancock Power Solutions, Inc.","1402 Moss Laden Ct, Brandon, FL, 33511, USA",8135206098,alanh@hancockpower.com,https://hancockpowersolution.com/index.html,Alan Hancock,https://evitp.org/florida/listing/hancock-power-solutions-inc,evitp.org,2026-08-31
27.664827,-81.515754,florida,"Iteris, Inc.","Florida, USA",6576528288,bakerley@iteris.com,https://www.iteris.com/,Brian Akerley,https://evitp.org/florida/listing/iteris-inc,evitp.org,2026-08-31
28.575626,-81.372931,florida,"J. Ranck Electric, Inc.","Florida, USA",19312074354,swalker@jranck.com,https://www.jranck.com/,Scott Walker,https://evitp.org/florida/listing/j-ranck-electric-inc,evitp.org,2026-08-31
25.829356,-80.225008,florida,"LE Johnson Electric, LLC.","5934 Northwest 17th Avenue, Miami, FL, 33142, USA",3052055419,lejohnsonelectric1@outlook.com,,Lesa E Johnson,https://evitp.org/florida/listing/le-johnson-electric-llc,evitp.org,2026-08-31
27.664827,-81.515754,florida,Lightserve Corp,"Florida, USA",2057323766,andrew.honeycutt@light-serve.com,https://www.light-serve.com/,Andrew Honeycutt,https://evitp.org/florida/listing/lightserve-corp,evitp.org,2026-08-31
28.555857,-81.568942,florida,"Maddox Electric Company, Inc.","710 Garden Commerce Parkway, Winter Garden, FL, 34787, USA",4079348084,cmaddox@mecofl.com,http://www.mecofl.com/,Chad Maddox,https://evitp.org/florida/listing/maddox-electric-company-inc,evitp.org,2026-08-31
27.664827,-81.515754,florida,Matrix NAC,"Florida, USA",6108769292,stevenlamastra@matrixservicecompany.com,https://www.matrixnac.com/,Steven LaMastra,https://evitp.org/florida/listing/matrix-nac,evitp.org,2026-08-31
30.259288,-81.590945,florida,Miller Electric Company,"6805 Southpoint Parkway, Jacksonville, FL, 32216, USA      21820 SE Hawthorne Rd., Gainsville, FL, USA      6805 Southpoint Parkway, Jacksobnville, FL 32216, USA      295 North Drive, Suite B. Melbourne, FL. 32934      528 Northlake Blvd. Suite 1024, Orlando, FL. USA      Tampa, FL. USA      466 SW 12th Avenue, Deerfield, FL. 33442, USA",9048324423,mhall@mecojax.com,https://www.mecojax.com/,Mike Hall,https://evitp.org/florida/listing/miller-electric-company,evitp.org,2026-08-31
27.957629,-82.42278,florida,"MJM Electric, Inc.","3225 East 4th Street, Tampa, FL. 33605, USA",8132481711,mark.mazur@mjmelect.com,https://www.mjmelect.com/,Mark J. Mazur,https://evitp.org/florida/listing/mjm-electric-inc,evitp.org,2026-08-31
27.771836,-82.638933,florida,Monahan Electric,"76 4th Street North, St. Petersburg, FL, 33731, USA",8136063081,jbarrett@monahanelectric.com,,John Barrett,https://evitp.org/florida/listing/monahan-electric,evitp.org,2026-08-31
27.664827,-81.515754,florida,Muska Electric Company,"Florida, USA",6516365820,tolson@muskaelectric.com,https://www.muskacompanies.com/,Ted Olson,https://evitp.org/florida/listing/muska-electric-company,evitp.org,2026-08-31
27.664827,-81.515754,florida,"NEC Group, LLC","Florida, USA",6035028183,kbarnard@necgroup.com,https://www.necgroup.com/,Keith Barnard,https://evitp.org/florida/listing/nec-group-llc,evitp.org,2026-08-31
28.575626,-81.471808,florida,New River Electrical Corporation,"Florida, USA",5405267501,ahartsfield@nrec.net,https://www.newriverelectrical.com/,Jonathan Aaron Hartsfield,https://evitp.org/florida/listing/new-river-electrical-corporation,evitp.org,2026-08-31
25.940446,-80.248797,florida,"Orbit Electric, LLC","18232 NW 27th Ave #197, Miami Gardens, Florida 33056, USA",3053310306,cwilliams@orbitelectricllc.com,,Curtiss Williams,https://evitp.org/florida/listing/orbit-electric-llc,evitp.org,2026-08-31
27.664827,-81.515754,florida,Parsons Electric,"Florida, USA",17635287670,brad.bacon@pecsolutions.com,https://www.pecsolutions.com/,Brad Baon,https://evitp.org/florida/listing/parsons-electric,evitp.org,2026-08-31
25.886208,-80.165142,florida,Prime Electric,"11900 Biscayne Blvd, Miami, FL, 33181, USA",9547898656,info@primeelectric.pro,https://primeelectric.pro/,Igor Shumikhin,https://evitp.org/florida/listing/prime-electric,evitp.org,2026-08-31
27.664827,-81.515754,florida,"Prime Power Solutions, Inc.","Florida, USA",7069705548,eshaffer@primeretailservices.com,https://primeretailservices.com/,Robert E.  Shaffer,https://evitp.org/florida/listing/prime-power-solutions-inc,evitp.org,2026-08-31
30.3941,-81.678002,florida,QB Electric,"1228 Lake Forest Blvd, Jacksonville, FL, 32208, USA",9048992830,qbelectricllc@yahoo.com,,Janelle Hatch,https://evitp.org/florida/listing/qb-electric,evitp.org,2026-08-31
27.664827,-81.515754,florida,"Shaumbaugh and Son, L.P.","Florida, USA",12604877846,dhearld@shambaugh.com,https://shambaugh.com/,Douglas M. Hearld,https://evitp.org/florida/listing/shaumbaugh-and-sons-l-p,evitp.org,2026-08-31
26.559321,-81.807218,florida,"Slack Electrical, LLC","9013 Falcon Pointe Loop, Fort Myers, FL, 33913, USA",2398398762,justin@slackelectrical.com,https://www.slackelectrical.com/,Justin Slack,https://evitp.org/florida/listing/slack-electrical-llc,evitp.org,2026-08-31
28.652782,-81.383918,florida,"Sterling Industrial, LLC","Florida, USA",8124927118,jhayden@sterlingindustrialllc.com,https://www.sterlingindustrialllc.com/,Jeff Hayden,https://evitp.org/florida/listing/sterling-industrial-llc,evitp.org,2026-08-31
27.966015,-82.329633,florida,"T&H Electric, LLC.","1406 Tech Blvd, Tampa, FL, 33619, USA",8135206098,mattp@tandhelectricllc.com,http://tandhelectric.com/,Matt Peacock,https://evitp.org/florida/listing/th-electric-llc,evitp.org,2026-08-31
27.664827,-81.515754,florida,The Oscar W Larson Company,"Florida, USA",8103974757,justin.spence@owlservices.com,https://www.larsonco.com/,Justin Spence,https://evitp.org/florida/listing/the-oscar-w-larson-company,evitp.org,2026-08-31
27.843153,-81.726334,florida,The State Group Industrial (USA) Limited,"Florida, USA",5869921572,Michigan.estimating@stategroup.com,https://stategroup.com/,Gino Robinet – Statewide Coordinator,https://evitp.org/florida/listing/the-state-group-industrial-usa-limited,evitp.org,2026-08-31
27.664827,-81.515754,florida,"Tilson Technology Management, Inc.","Florida, USA",4343901227,jaman@tilsontech.com,https://tilsontech.com/,Jeffrey Aman,https://evitp.org/florida/listing/tilson-technology-management-inc,evitp.org,2026-08-31
26.605166,-81.7128,florida,"Titan Residential and Commercial, Inc.","5619 8th St SW, Lehigh Acres, FL, 33971, USA",2394970607,office@trc-pros.com,https://www.trc-pros.com/,Shawn Luther,https://evitp.org/florida/listing/tital-residential-and-commercial-inc,evitp.org,2026-08-31
27.664827,-81.515754,florida,Treehouse,"Florida, USA",3235776795,hello@treehouse.pro,https://treehouse.pro/,Cullen Peters,https://evitp.org/florida/listing/treehouse,evitp.org,2026-08-31
27.664827,-81.515754,florida,"Unity Works Solutions, LLC","Florida, USA",2057323766,andrew.honeycutt@unityws.com,https://unityworkslighting.com/,Andrew Honeycutt,https://evitp.org/florida/listing/unity-works-solutions-llc,evitp.org,2026-08-31
30.332184,-81.655651,florida,White Electrical Construction Company,"Jacksonville, FL, USA",19126637148,sgraham@white-electrical.com,http://www.white-electrical.com/,,https://evitp.org/florida/listing/white-electrical-construction-company,evitp.org,2026-08-31
28.589715,-81.370163,florida,"Wynn's Electrical Services, Inc.","841 Nicolet Avenue, Suite 3, Winter Park, FL. USA",4072225600,thomas@wynnselectrical.com,https://www.wynnselectrical.com/,"Thomas Wynn              
             
                             
         
     
 
     
     
         
             
                  Redo search when map moved 
             
              
         
     
 
 
 
 
     
         Showing 55 results 
     
  
 
 											 

									 
					 
			 
   
    

	 
		 

			 
	 
		
		 
			 

				
 
			 
			 			  
	   


 
 

 
	   


The Electric Vehicle Infrastructure Training Program (EVITP) provides training and certification for electricians installing electric vehicle supply equipment (EVSE).  
		 		 
			 
					 
			 
			 			  
		 		 
			 
			  Contact Info 			  
	 
		 
			  		 
	 
	  Canada: www.NETCO.org 
 

 
	 
		 
			  		 
	 
	  United States:  EVITP, 811 N. Main Street, Suite 202,                     Royal Oak, MI  48067
 
 

 
	 
		 
			  		 
	 
	   info@evitp.org 
  
		 		 
	 			 
		 
		 
 


 
			 
			 

			
			 

			 
	 
		 Copyright © 2026 EVITP - ALL RIGHTS RESERVED -  TERMS OF USE  	 
	 
			 
 
			 

				 
		 
	 
		 
	 

   
   
 
{""prefetch"":[{""source"":""document"",""where"":{""and"":[{""href_matches"":""/*""},{""not"":{""href_matches"":[""/wp-*.php"",""/wp-admin/*"",""/wp-content/uploads/*"",""/wp-content/*"",""/wp-content/plugins/*"",""/wp-content/themes/siennawp/*"",""/*\\?(.+)""]}},{""not"":{""selector_matches"":""a[rel~=\""nofollow\""]""}},{""not"":{""selector_matches"":"".no-prefetch, .no-prefetch a""}}]},""eagerness"":""conservative""}]}
 
		  
		 
jQuery(document).ready(function($) {
SABAI.init($(""#sabai-content""));
});
   
  
  
  
  
  
  
 
wp.i18n.setLocaleData( { 'text direction\u0004ltr': [ 'ltr' ] } );
//# sourceURL=wp-i18n-js-after
 
  
 
var wpcf7 = {
    ""api"": {
        ""root"": ""https:\/\/evitp.org\/wp-json\/"",
        ""namespace"": ""contact-form-7\/v1""
    }
};
//# sourceURL=contact-form-7-js-before
 
  
 
var cf7appsHoneypotRefill = {""forceRefillOnInit"":""""};
//# sourceURL=cf7apps-honeypot-refill-js-extra
 
  
  
  
 
var mejsL10n = {""language"":""en"",""strings"":{""mejs.download-file"":""Download File"",""mejs.install-flash"":""You are using a browser that does not have Flash player enabled or installed. Please turn on your Flash player plugin or download the latest version from https://get.adobe.com/flashplayer/"",""mejs.fullscreen"":""Fullscreen"",""mejs.play"":""Play"",""mejs.pause"":""Pause"",""mejs.time-slider"":""Time Slider"",""mejs.time-help-text"":""Use Left/Right Arrow keys to advance one second, Up/Down arrows to advance ten seconds."",""mejs.live-broadcast"":""Live Broadcast"",""mejs.volume-help-text"":""Use Up/Down Arrow keys to increase or decrease volume."",""mejs.unmute"":""Unmute"",""mejs.mute"":""Mute"",""mejs.volume-slider"":""Volume Slider"",""mejs.video-player"":""Video Player"",""mejs.audio-player"":""Audio Player"",""mejs.captions-subtitles"":""Captions/Subtitles"",""mejs.captions-chapters"":""Chapters"",""mejs.none"":""None"",""mejs.afrikaans"":""Afrikaans"",""mejs.albanian"":""Albanian"",""mejs.arabic"":""Arabic"",""mejs.belarusian"":""Belarusian"",""mejs.bulgarian"":""Bulgarian"",""mejs.catalan"":""Catalan"",""mejs.chinese"":""Chinese"",""mejs.chinese-simplified"":""Chinese (Simplified)"",""mejs.chinese-traditional"":""Chinese (Traditional)"",""mejs.croatian"":""Croatian"",""mejs.czech"":""Czech"",""mejs.danish"":""Danish"",""mejs.dutch"":""Dutch"",""mejs.english"":""English"",""mejs.estonian"":""Estonian"",""mejs.filipino"":""Filipino"",""mejs.finnish"":""Finnish"",""mejs.french"":""French"",""mejs.galician"":""Galician"",""mejs.german"":""German"",""mejs.greek"":""Greek"",""mejs.haitian-creole"":""Haitian Creole"",""mejs.hebrew"":""Hebrew"",""mejs.hindi"":""Hindi"",""mejs.hungarian"":""Hungarian"",""mejs.icelandic"":""Icelandic"",""mejs.indonesian"":""Indonesian"",""mejs.irish"":""Irish"",""mejs.italian"":""Italian"",""mejs.japanese"":""Japanese"",""mejs.korean"":""Korean"",""mejs.latvian"":""Latvian"",""mejs.lithuanian"":""Lithuanian"",""mejs.macedonian"":""Macedonian"",""mejs.malay"":""Malay"",""mejs.maltese"":""Maltese"",""mejs.norwegian"":""Norwegian"",""mejs.persian"":""Persian"",""mejs.polish"":""Polish"",""mejs.portuguese"":""Portuguese"",""mejs.romanian"":""Romanian"",""mejs.russian"":""Russian"",""mejs.serbian"":""Serbian"",""mejs.slovak"":""Slovak"",""mejs.slovenian"":""Slovenian"",""mejs.spanish"":""Spanish"",""mejs.swahili"":""Swahili"",""mejs.swedish"":""Swedish"",""mejs.tagalog"":""Tagalog"",""mejs.thai"":""Thai"",""mejs.turkish"":""Turkish"",""mejs.ukrainian"":""Ukrainian"",""mejs.vietnamese"":""Vietnamese"",""mejs.welsh"":""Welsh"",""mejs.yiddish"":""Yiddish""}};
//# sourceURL=mediaelement-core-js-before
 
  
  
 
var _wpmejsSettings = {""pluginPath"":""/wp-includes/js/mediaelement/"",""classPrefix"":""mejs-"",""stretching"":""responsive"",""audioShortcodeLibrary"":""mediaelement"",""videoShortcodeLibrary"":""mediaelement""};
//# sourceURL=mediaelement-js-extra
 
  
  
  
  
  
  
  
  
  
  
  
  
  
  
  
  
  
  
  
  
  
  
  
  
  
  
  
  
  
  
  
  
 
var mkdfGlobalVars = {""vars"":{""mkdfAddForAdminBar"":0,""mkdfElementAppearAmount"":-150,""mkdfFinishedMessage"":""No more posts"",""mkdfMessage"":""Loading new posts..."",""mkdfTopBarHeight"":42,""mkdfStickyHeaderHeight"":0,""mkdfStickyHeaderTransparencyHeight"":60,""mkdfLogoAreaHeight"":0,""mkdfMenuAreaHeight"":131,""mkdfMobileHeaderHeight"":100}};
var mkdfPerPageVars = {""vars"":{""mkdfStickyScrollAmount"":450,""mkdfStickyScrollAmountFullScreen"":false,""mkdfHeaderTransparencyHeight"":0}};
//# sourceURL=sienna-mikado-modules-js-extra
 
  
  
  
 
var mkdfLike = {""ajaxurl"":""https://evitp.org/wp-admin/admin-ajax.php""};
//# sourceURL=sienna-mikado-like-js-extra
 
  
 
var GEM = {""thankyou"":""Thank you for signing up!"",""thankyou_suppressed"":""Thank you for signing up! Please check your email to confirm your subscription."",""oops"":""Oops! There was a problem. Please try again."",""email"":""Please enter a valid email address."",""required"":""%s is a required field.""};
//# sourceURL=gem-main-js-extra
 
  
  
  
 
var wpcf7_recaptcha = {
    ""sitekey"": ""6LdAGgcgAAAAALmBeuQZgYH6HTEI3KlPBF86-YxA"",
    ""actions"": {
        ""homepage"": ""homepage"",
        ""contactform"": ""contactform""
    }
};
//# sourceURL=wpcf7-recaptcha-js-before
 
  
 
{""baseUrl"":""https://s.w.org/images/core/emoji/17.0.2/72x72/"",""ext"":"".png"",""svgUrl"":""https://s.w.org/images/core/emoji/17.0.2/svg/"",""svgExt"":"".svg"",""source"":{""concatemoji"":""https://evitp.org/wp-includes/js/wp-emoji-release.min.js?ver=7.0.4""}}
 
 
/*! This file is auto-generated */
var e=""script#wp-emoji-settings"",t=document.querySelector(e);if(!(t instanceof HTMLScriptElement))throw new Error(""Element missing: ""+e);const r=JSON.parse(t.text),s=(window._wpemojiSettings=r,""wpEmojiSettingsSupports""),o=[""flag"",""emoji""];function i(e){try{var t={supportTests:e,timestamp:(new Date).valueOf()};sessionStorage.setItem(s,JSON.stringify(t))}catch(e){}}function c(e,t,n){e.clearRect(0,0,e.canvas.width,e.canvas.height),e.fillText(t,0,0);t=new Uint32Array(e.getImageData(0,0,e.canvas.width,e.canvas.height).data);e.clearRect(0,0,e.canvas.width,e.canvas.height),e.fillText(n,0,0);const r=new Uint32Array(e.getImageData(0,0,e.canvas.width,e.canvas.height).data);return t.every((e,t)=>e===r[t])}function p(e,t){e.clearRect(0,0,e.canvas.width,e.canvas.height),e.fillText(t,0,0);var n=e.getImageData(16,16,1,1);for(let e=0;e {o[e]=t(s,e,n,r)}),o}function a(e){var t=document.createElement(""script"");t.src=e,t.defer=!0,document.head.appendChild(t)}r.supports={everything:!0,everythingExceptFlag:!0},new Promise(t=>{let n=function(){try{var e=JSON.parse(sessionStorage.getItem(s));if(""object""==typeof e&&""number""==typeof e.timestamp&&(new Date).valueOf() {i(n=e.data),a.terminate(),t(n)})}catch(e){}i(n=f(o,u,c,p))}t(n)}).then(e=>{for(const n in e)r.supports[n]=e[n],r.supports.everything=r.supports.everything&&r.supports[n],""flag""!==n&&(r.supports.everythingExceptFlag=r.supports.everythingExceptFlag&&r.supports[n]);var t;r.supports.everythingExceptFlag=r.supports.everythingExceptFlag&&!r.supports.flag,r.supports.everything||((t=r.source||{}).concatemoji?a(t.concatemoji):t.wpemoji&&t.twemoji&&(a(t.twemoji),a(t.wpemoji)))});
//# sourceURL=https://evitp.org/wp-includes/js/wp-emoji-loader.min.js
 
 			  
			 
				/* @v3-js:start */
					let c4wp_onloadCallback = function() {
						for ( var i = 0; i   {
						if ( typeof jQuery !== 'undefined' && jQuery( 'input[id*=""c4wp-wc-checkout""]' ).length ) {
							var element = document.createElement('div');
							var html = '     ';
							element.innerHTML = html;
							jQuery( '[class*=""c4wp-wc-checkout""]' ).append( element );
							jQuery( '[class*=""c4wp-wc-checkout""]' ).find('*').off();
							c4wp_onloadCallback();
						}
					});
				/* @v3-js:end */",https://evitp.org/florida/listing/wynns-electrical-services-inc,evitp.org,2026-08-31
34.026549,-83.91289,georgia,ABEV Power Solutions,"2702 Moss Grove Ct. Dacula, GA. 80019, USA",6785912999,accounts@abevpowersolutions.com,https://abevpowersolutions.com/,Brian Ahearn,https://evitp.org/georgia/listing/abev-power-solutions,evitp.org,2026-08-31
32.165622,-82.900075,georgia,"Aldridge Electric, Inc.","Georgia, USA",18472761127,ggiovannetti@aldridgegroup.com,https://www.aldridgegroup.com/,Gina Giovannetti,https://evitp.org/georgia/listing/aldridge-electric-inc,evitp.org,2026-08-31
33.838473,-84.499441,georgia,"Allison-Smith Company, LLC","1869 S Cobb Industrial Blvd SE, Smyrna, GA, , 30082USA",4043516430,tgrossweiler@allisonsmith.com,https://allisonsmith.com/,Todd Grossweiler,https://evitp.org/georgia/listing/allison-smith-company-llc,evitp.org,2026-08-31
33.836081,-81.163725,georgia,Allstate Sales Group,"Georgia, USA",7323355588,aabadie@asginc.us,https://www.asginc.us/,Anne Abadie,https://evitp.org/georgia/listing/allstate-sales-group,evitp.org,2026-08-31
33.806758,-84.429322,georgia,Apollo Sign and Light,"1238 Logan Circle Northwest, Atlanta, GA, 30318, USA",8644107373,fbullington@apollosign.com,https://apollosign.com/,Frankie Bullington,https://evitp.org/georgia/listing/apollo-sign-and-light,evitp.org,2026-08-31
32.165622,-82.900075,georgia,"Beltline Electric Co., Inc.","Georgia, USA",12709297118,rdaniel@beltlineservices.com,https://beltlineelectric.com/,Roger Daniel,https://evitp.org/georgia/listing/beltline-electric-co-inc,evitp.org,2026-08-31
32.165622,-82.900075,georgia,Besco Electrical Corporation,"Georgia, USA",17048924200,d.caylor@bescoelectrical.com,https://bescoelectrical.com/,,https://evitp.org/georgia/listing/besco-electrical-corporation,evitp.org,2026-08-31
32.157435,-82.907123,georgia,Brytemove Energy,"Georgia, USA",7142379200,jkrajniak@brytemove.com,https://www.brytemove.com/,David Krajniak,https://evitp.org/georgia/listing/brytemove-energy,evitp.org,2026-08-31
33.916215,-84.185876,georgia,"Capital City Electrical Services, LLC","1346 Oakbrook Drive suite 170a, Norcross, GA, 30093, USA",4044294449,,https://www.ccelect.com/,Jim Johnson,https://evitp.org/georgia/listing/capital-city-electrical-services-llc,evitp.org,2026-08-31
33.787971,-84.500178,georgia,Cleveland Electric Company,"1281 Fulton Industrial Boulevard, Atlanta, GA, USA",4045054371,mforrest@clevelandgroup.com,https://www.clevelandelectric.com/,Mike Forrest,https://evitp.org/georgia/listing/cleveland-electric-company,evitp.org,2026-08-31
32.43412,-84.282369,georgia,DGKP Services,"966 Americus Hwy, Butler, GA, 31006 USA",4789573960,david@dgkpservices.com,,David Grisham,https://evitp.org/georgia/listing/dgkp-services,evitp.org,2026-08-31
34.009194,-84.613652,georgia,"DNC Electric, inc.","1900 Cobb International Blvd NW, Kennesaw, GA, 30152 USA",7709199941,jwatson@dnc-electric.com,http://dnc-electric.com/,James Watson,https://evitp.org/georgia/listing/dnc-electric-inc,evitp.org,2026-08-31
33.931702,-84.345432,georgia,"Envirospark Energy Solutions, Inc.","1050 Crown Pointe Pkwy, Suite 500, Atlanta, GA. 30338",4047369173,info@envirosparkenergy.com,https://envirosparkenergy.com/,Brad Ewing,https://evitp.org/georgia/listing/envirospark-energy-solutions-inc,evitp.org,2026-08-31
33.550684,-84.333272,georgia,"Envision Electric, LLC","7458 Mount Zion Boulevard, Jonesboro, GA, 0326, 3USA",4045878263,envisionelectric@bellsouth.net,https://envisionelectricllc.com/,Sulamond Atkins,https://evitp.org/georgia/listing/envision-electric-llc,evitp.org,2026-08-31
33.985163,-84.535118,georgia,EV Geeks,"1655 Canton Road, Marietta, GA, 30066, USA",6783256060,info@ev-geeks.com,https://ev-geeks.com/,Ali Shallouf,https://evitp.org/georgia/listing/ev-geeks,evitp.org,2026-08-31
32.165622,-82.900075,georgia,"Garnet Electric Co., Inc.","Georgia, USA",12563814062,jskipworth@garnetelectric.com,http://garnetelectric.com/,Jerrold Skipworth,https://evitp.org/georgia/listing/garnet-electric-co-inc,evitp.org,2026-08-31
33.953322,-84.135186,georgia,"Georgia Electric, LLC","2180 Satellite Blvd NW suite 400, Duluth, GA, 30097, USA",7707650505,info@ga-electric.com,https://ga-electric.com/,Robert Obregon,https://evitp.org/georgia/listing/georgia-electric-llc,evitp.org,2026-08-31
32.758263,-83.919178,georgia,Georgia Premier Electrical,"4175 Causey Road, Lizella, GA 31052, USA",4783618671,,,Tyler Carter,https://evitp.org/georgia/listing/georgia-premier-electrical,evitp.org,2026-08-31
34.304049,-83.825724,georgia,"Indigo Energy Partners, LLC","P.O. Box 2535, Gainsville, GA 30503-2535, USA",3254288460,,https://www.indigoenergy.com/,Roger Jackson,https://evitp.org/georgia/listing/indigo-energy-partners-llc,evitp.org,2026-08-31
33.822835,-84.490015,georgia,"Inglett & Stubbs, LLC","5200 Riverview Road Southeast, Mableton, GA, 30126, USA",4046672526,gpirot@inglett-stubbs.com,https://www.inglett-stubbs.com/,Bill Elder,https://evitp.org/georgia/listing/inglett-stubbs-llc,evitp.org,2026-08-31
32.165622,-82.900075,georgia,"Iteris, Inc.","Georgia, USA",6576528288,bakerley@iteris.com,https://www.iteris.com/,Brian Akerley,https://evitp.org/georgia/listing/iteris-inc,evitp.org,2026-08-31
33.842367,-84.108571,georgia,"J. Ranck Electric, Inc","Georgia, USA",19312074354,swalker@jranck.com,https://www.jranck.com/,Scott Walker,https://evitp.org/georgia/listing/j-ranck-electric-inc,evitp.org,2026-08-31
33.445559,-84.187256,georgia,"Jayson Taylor Electric, LLC","593 Emporia Loop, McDonough, GA 30253, USA",4047350599,justintaylor0@yahoo.com,,Justin Taylor,https://evitp.org/georgia/listing/jayson-taylor-electric-llc,evitp.org,2026-08-31
32.165622,-82.900075,georgia,KEI Electric,"Georgia, USA",2693722035,fletcherleet@keiecm.com,http://keiecm.com/,Fletcher Leet,https://evitp.org/georgia/listing/kei-electric,evitp.org,2026-08-31
33.774351,-84.384875,georgia,Lit Electrical Consultants,"730 Peachtree Street, Atlanta, GA, 30308 USA",4044936741,robert@litelectricalconsultants.com,https://www.litelectricalconsultants.com/,Robert Williamson,https://evitp.org/georgia/listing/lit-electrical-consultants,evitp.org,2026-08-31
33.929531,-84.4969,georgia,Miller Electric Company,"805 Franklin Court Suite E. Atlanta, GA, 30067 USA",9048324423,mhall@mecojax.com,https://www.mecojax.com/,Mike Hall,https://evitp.org/georgia/listing/miller-electric-company,evitp.org,2026-08-31
33.552075,-84.584486,georgia,"Miller Electrical Services, Inc.","199B Fairburn Industrial Boulevard, Fairburn,  GA 30213, USA",3045504218,Wmcclure@millerelectrical.net,https://millerelectrical.net/,Will McClure,https://evitp.org/georgia/listing/miller-electrical-services-inc,evitp.org,2026-08-31
34.259184,-85.171975,georgia,"Miller Electrical Services, Inc.","24 Bale Street, Rome, GA, U30165, SA",13045504218,Wmcclure@millerelectrical.net,https://millerelectrical.net/,Will McClure,https://evitp.org/georgia/listing/miller-electrical-services-inc-1,evitp.org,2026-08-31
32.181372,-81.231252,georgia,New River Electrical Corporation,"Georgia, USA",5405267501,ahartsfield@nrec.net,https://www.newriverelectrical.com/,Jonathan Aaron Hartsfield,https://evitp.org/georgia/listing/new-river-electrical-corporation,evitp.org,2026-08-31
33.685665,-84.459168,georgia,"Opp Enterprise, Inc.","2556 Lancaster Drive, Atlanta, GA. 30344, USA",4042725272,,https://www.oppenterprise.com/,Vernon E. Crayton III,https://evitp.org/georgia/listing/opp-enterprise-inc,evitp.org,2026-08-31
33.718513,-85.146619,georgia,Optiva Lighting and Electrical Services,"202 Carrollton St, Bremen, GA, 30110, USA",4048897449,michael@optivalighting.com,https://www.optivalighting.com/,Michael Wilborn,https://evitp.org/georgia/listing/optiva-lighting-and-electrical-services,evitp.org,2026-08-31
32.165622,-82.900075,georgia,Parsons Electric,"Georgia, USA",17635287670,brad.bacon@pecsolutions.com,https://www.pecsolutions.com/,Brad Bacon,https://evitp.org/georgia/listing/parsons-electric,evitp.org,2026-08-31
34.024477,-84.582224,georgia,Premier Electrical Solutions,"1055 Big Shanty Road SE, Atlanta, GA 30339, USA",2032574776,glen@pesatl.com,https://pesatl.com/,Glen Liscinsky,https://evitp.org/georgia/listing/premier-electrical-solutions,evitp.org,2026-08-31
34.216554,-83.873174,georgia,"Prime Power Solutions, Inc.","3617 Southland Drive Suite A, Flowery Branch, GA, 30542, USA",7069705548,eshaffer@primeretailservices.com,https://primeretailservices.com/,Robert E. Shaffer,https://evitp.org/georgia/listing/prime-power-solutions-inc,evitp.org,2026-08-31
33.753563,-84.407208,georgia,Sargent Electric Company,"Atlanta, GA, USA",4123947600,info@sargentelectric.com,https://www.sargentelectric.com/,Tim Snyder,https://evitp.org/georgia/listing/sargent-electric-company,evitp.org,2026-08-31
33.748752,-84.387685,georgia,SG Energy Solutions,"Atlanta, GA, USA",3134028816,dsiders@sgenergysolutions.com,https://www.sg-solutionsgroup.com/,Desmen Siders,https://evitp.org/georgia/listing/sg-energy-solutions,evitp.org,2026-08-31
32.165622,-82.900075,georgia,"Shambaugh and Son, L.P.","Georgia, USA",12604877846,dhearld@shambaugh.com,https://shambaugh.com/,Douglas M. Hearld,https://evitp.org/georgia/listing/shambaugh-and-son-l-p,evitp.org,2026-08-31
33.760532,-84.387234,georgia,Southeast Electrical Contractor,"235 Peachtree Str.  NE Ste 400, Atlanta, GA. 30303, USA",6789534685,,,Tony Chalmers,https://evitp.org/georgia/listing/southeast-electrical-contractor,evitp.org,2026-08-31
33.657433,-84.473087,georgia,"TDIR, Inc.","3589 Herschel Road, Atlanta, GA 30337, USA",8434018423,info@tdirinc.com,https://tdirinc.com/,,https://evitp.org/georgia/listing/tdir-inc,evitp.org,2026-08-31
32.157435,-82.907123,georgia,The Oscar W. Larson Company,"Georgia, USA",8103974757,justin.spence@owlservices.com,https://www.larsonco.com/,Justin Spence,https://evitp.org/georgia/listing/the-oscar-w-larson-company,evitp.org,2026-08-31
32.165622,-82.900075,georgia,The State Group Industrial (USA) Limited,"Georgia, USA",5869921572,Michigan.estimating@stategroup.com,https://stategroup.com/,Gino Robinet – Statewide Coordinator,https://evitp.org/georgia/listing/the-state-group-industrial-usa-limited,evitp.org,2026-08-31
33.899245,-84.126449,georgia,"Trublu Service, LLC","4370 Lawrenceville Hwy, Lilburn, GA, 30047-1428, USA",4043721916,estimates28@trubluservicesga.com,https://trubluservicesga.com/,Neville Reid,https://evitp.org/georgia/listing/trublu-service-llc,evitp.org,2026-08-31
34.102291,-84.237968,georgia,"Unity Works Solutions, LLC","4080 McGinnis Ferry Road, Bldg 500, Suite 501, Alpharetta, GA, 30005 USA",2057323766,andrew.honeycutt@unityws.com,https://unityworkslighting.com/,Andrew Honeycutt,https://evitp.org/georgia/listing/unity-works-solutions-llc,evitp.org,2026-08-31
32.157435,-82.907123,georgia,"Unity Works Solutions, LLC","Georgia, USA",2057323766,andrew.honeycutt@unityws.com,https://unityworkslighting.com/,Andrew Honeycutt,https://evitp.org/georgia/listing/unity-works-solutions-llc-1,evitp.org,2026-08-31
34.257038,-85.164673,georgia,White Electrical Construction Company,"Rome, GA, USA",4233268536,rzink@white-electrical.com,http://www.white-electrical.com/,Rod Zink,https://evitp.org/georgia/listing/white-electrical-construction-company-1,evitp.org,2026-08-31
31.149953,-81.491489,georgia,White Electrical Construction Company,"Brunswick, GA, USA",4233268536,rzink@white-electrical.com,http://www.white-electrical.com/,Rod Zink,https://evitp.org/georgia/listing/white-electrical-construction-company-2,evitp.org,2026-08-31
32.080899,-81.091203,georgia,White Electrical Construction Company,"Savannah, GA, USA",4233268536,rzink@white-electrical.com,http://www.white-electrical.com/,Rod Zink,https://evitp.org/georgia/listing/white-electrical-construction-company-3,evitp.org,2026-08-31
33.894165,-84.456072,georgia,"White Electrical Construction, Company","400 Interstate North Parkway, Suite 750,  Atlanta, GA, 30339, USA",4233268536,rzink@white-electrical.com,http://www.white-electrical.com/,Rod Zink,https://evitp.org/georgia/listing/white-electrical-construction-company,evitp.org,2026-08-31
30.827408,-81.654647,georgia,"Wire Biter Electric Pros, LLC","153 Christina Ln, Kingsland, GA, 31548, USA",9126749064,wirebiterelectrical@gmail.com,https://www.wirebiterelectrical.com/,"Ryan Donahue              
             
                             
         
     
 
     
     
         
             
                  Redo search when map moved 
             
              
         
     
 
 
 
 
     
         Showing 49 results 
     
  
 
 											 

									 
					 
			 
   
    

	 
		 

			 
	 
		
		 
			 

				
 
			 
			 			  
	   


 
 

 
	   


The Electric Vehicle Infrastructure Training Program (EVITP) provides training and certification for electricians installing electric vehicle supply equipment (EVSE).  
		 		 
			 
					 
			 
			 			  
		 		 
			 
			  Contact Info 			  
	 
		 
			  		 
	 
	  Canada: www.NETCO.org 
 

 
	 
		 
			  		 
	 
	  United States:  EVITP, 811 N. Main Street, Suite 202,                     Royal Oak, MI  48067
 
 

 
	 
		 
			  		 
	 
	   info@evitp.org 
  
		 		 
	 			 
		 
		 
 


 
			 
			 

			
			 

			 
	 
		 Copyright © 2026 EVITP - ALL RIGHTS RESERVED -  TERMS OF USE  	 
	 
			 
 
			 

				 
		 
	 
		 
	 

   
   
 
{""prefetch"":[{""source"":""document"",""where"":{""and"":[{""href_matches"":""/*""},{""not"":{""href_matches"":[""/wp-*.php"",""/wp-admin/*"",""/wp-content/uploads/*"",""/wp-content/*"",""/wp-content/plugins/*"",""/wp-content/themes/siennawp/*"",""/*\\?(.+)""]}},{""not"":{""selector_matches"":""a[rel~=\""nofollow\""]""}},{""not"":{""selector_matches"":"".no-prefetch, .no-prefetch a""}}]},""eagerness"":""conservative""}]}
 
		  
		 
jQuery(document).ready(function($) {
SABAI.init($(""#sabai-content""));
});
   
  
  
  
  
  
  
 
wp.i18n.setLocaleData( { 'text direction\u0004ltr': [ 'ltr' ] } );
//# sourceURL=wp-i18n-js-after
 
  
 
var wpcf7 = {
    ""api"": {
        ""root"": ""https:\/\/evitp.org\/wp-json\/"",
        ""namespace"": ""contact-form-7\/v1""
    }
};
//# sourceURL=contact-form-7-js-before
 
  
 
var cf7appsHoneypotRefill = {""forceRefillOnInit"":""""};
//# sourceURL=cf7apps-honeypot-refill-js-extra
 
  
  
  
 
var mejsL10n = {""language"":""en"",""strings"":{""mejs.download-file"":""Download File"",""mejs.install-flash"":""You are using a browser that does not have Flash player enabled or installed. Please turn on your Flash player plugin or download the latest version from https://get.adobe.com/flashplayer/"",""mejs.fullscreen"":""Fullscreen"",""mejs.play"":""Play"",""mejs.pause"":""Pause"",""mejs.time-slider"":""Time Slider"",""mejs.time-help-text"":""Use Left/Right Arrow keys to advance one second, Up/Down arrows to advance ten seconds."",""mejs.live-broadcast"":""Live Broadcast"",""mejs.volume-help-text"":""Use Up/Down Arrow keys to increase or decrease volume."",""mejs.unmute"":""Unmute"",""mejs.mute"":""Mute"",""mejs.volume-slider"":""Volume Slider"",""mejs.video-player"":""Video Player"",""mejs.audio-player"":""Audio Player"",""mejs.captions-subtitles"":""Captions/Subtitles"",""mejs.captions-chapters"":""Chapters"",""mejs.none"":""None"",""mejs.afrikaans"":""Afrikaans"",""mejs.albanian"":""Albanian"",""mejs.arabic"":""Arabic"",""mejs.belarusian"":""Belarusian"",""mejs.bulgarian"":""Bulgarian"",""mejs.catalan"":""Catalan"",""mejs.chinese"":""Chinese"",""mejs.chinese-simplified"":""Chinese (Simplified)"",""mejs.chinese-traditional"":""Chinese (Traditional)"",""mejs.croatian"":""Croatian"",""mejs.czech"":""Czech"",""mejs.danish"":""Danish"",""mejs.dutch"":""Dutch"",""mejs.english"":""English"",""mejs.estonian"":""Estonian"",""mejs.filipino"":""Filipino"",""mejs.finnish"":""Finnish"",""mejs.french"":""French"",""mejs.galician"":""Galician"",""mejs.german"":""German"",""mejs.greek"":""Greek"",""mejs.haitian-creole"":""Haitian Creole"",""mejs.hebrew"":""Hebrew"",""mejs.hindi"":""Hindi"",""mejs.hungarian"":""Hungarian"",""mejs.icelandic"":""Icelandic"",""mejs.indonesian"":""Indonesian"",""mejs.irish"":""Irish"",""mejs.italian"":""Italian"",""mejs.japanese"":""Japanese"",""mejs.korean"":""Korean"",""mejs.latvian"":""Latvian"",""mejs.lithuanian"":""Lithuanian"",""mejs.macedonian"":""Macedonian"",""mejs.malay"":""Malay"",""mejs.maltese"":""Maltese"",""mejs.norwegian"":""Norwegian"",""mejs.persian"":""Persian"",""mejs.polish"":""Polish"",""mejs.portuguese"":""Portuguese"",""mejs.romanian"":""Romanian"",""mejs.russian"":""Russian"",""mejs.serbian"":""Serbian"",""mejs.slovak"":""Slovak"",""mejs.slovenian"":""Slovenian"",""mejs.spanish"":""Spanish"",""mejs.swahili"":""Swahili"",""mejs.swedish"":""Swedish"",""mejs.tagalog"":""Tagalog"",""mejs.thai"":""Thai"",""mejs.turkish"":""Turkish"",""mejs.ukrainian"":""Ukrainian"",""mejs.vietnamese"":""Vietnamese"",""mejs.welsh"":""Welsh"",""mejs.yiddish"":""Yiddish""}};
//# sourceURL=mediaelement-core-js-before
 
  
  
 
var _wpmejsSettings = {""pluginPath"":""/wp-includes/js/mediaelement/"",""classPrefix"":""mejs-"",""stretching"":""responsive"",""audioShortcodeLibrary"":""mediaelement"",""videoShortcodeLibrary"":""mediaelement""};
//# sourceURL=mediaelement-js-extra
 
  
  
  
  
  
  
  
  
  
  
  
  
  
  
  
  
  
  
  
  
  
  
  
  
  
  
  
  
  
  
  
  
 
var mkdfGlobalVars = {""vars"":{""mkdfAddForAdminBar"":0,""mkdfElementAppearAmount"":-150,""mkdfFinishedMessage"":""No more posts"",""mkdfMessage"":""Loading new posts..."",""mkdfTopBarHeight"":42,""mkdfStickyHeaderHeight"":0,""mkdfStickyHeaderTransparencyHeight"":60,""mkdfLogoAreaHeight"":0,""mkdfMenuAreaHeight"":131,""mkdfMobileHeaderHeight"":100}};
var mkdfPerPageVars = {""vars"":{""mkdfStickyScrollAmount"":450,""mkdfStickyScrollAmountFullScreen"":false,""mkdfHeaderTransparencyHeight"":0}};
//# sourceURL=sienna-mikado-modules-js-extra
 
  
  
  
 
var mkdfLike = {""ajaxurl"":""https://evitp.org/wp-admin/admin-ajax.php""};
//# sourceURL=sienna-mikado-like-js-extra
 
  
 
var GEM = {""thankyou"":""Thank you for signing up!"",""thankyou_suppressed"":""Thank you for signing up! Please check your email to confirm your subscription."",""oops"":""Oops! There was a problem. Please try again."",""email"":""Please enter a valid email address."",""required"":""%s is a required field.""};
//# sourceURL=gem-main-js-extra
 
  
  
  
 
var wpcf7_recaptcha = {
    ""sitekey"": ""6LdAGgcgAAAAALmBeuQZgYH6HTEI3KlPBF86-YxA"",
    ""actions"": {
        ""homepage"": ""homepage"",
        ""contactform"": ""contactform""
    }
};
//# sourceURL=wpcf7-recaptcha-js-before
 
  
 
{""baseUrl"":""https://s.w.org/images/core/emoji/17.0.2/72x72/"",""ext"":"".png"",""svgUrl"":""https://s.w.org/images/core/emoji/17.0.2/svg/"",""svgExt"":"".svg"",""source"":{""concatemoji"":""https://evitp.org/wp-includes/js/wp-emoji-release.min.js?ver=7.0.4""}}
 
 
/*! This file is auto-generated */
var e=""script#wp-emoji-settings"",t=document.querySelector(e);if(!(t instanceof HTMLScriptElement))throw new Error(""Element missing: ""+e);const r=JSON.parse(t.text),s=(window._wpemojiSettings=r,""wpEmojiSettingsSupports""),o=[""flag"",""emoji""];function i(e){try{var t={supportTests:e,timestamp:(new Date).valueOf()};sessionStorage.setItem(s,JSON.stringify(t))}catch(e){}}function c(e,t,n){e.clearRect(0,0,e.canvas.width,e.canvas.height),e.fillText(t,0,0);t=new Uint32Array(e.getImageData(0,0,e.canvas.width,e.canvas.height).data);e.clearRect(0,0,e.canvas.width,e.canvas.height),e.fillText(n,0,0);const r=new Uint32Array(e.getImageData(0,0,e.canvas.width,e.canvas.height).data);return t.every((e,t)=>e===r[t])}function p(e,t){e.clearRect(0,0,e.canvas.width,e.canvas.height),e.fillText(t,0,0);var n=e.getImageData(16,16,1,1);for(let e=0;e {o[e]=t(s,e,n,r)}),o}function a(e){var t=document.createElement(""script"");t.src=e,t.defer=!0,document.head.appendChild(t)}r.supports={everything:!0,everythingExceptFlag:!0},new Promise(t=>{let n=function(){try{var e=JSON.parse(sessionStorage.getItem(s));if(""object""==typeof e&&""number""==typeof e.timestamp&&(new Date).valueOf() {i(n=e.data),a.terminate(),t(n)})}catch(e){}i(n=f(o,u,c,p))}t(n)}).then(e=>{for(const n in e)r.supports[n]=e[n],r.supports.everything=r.supports.everything&&r.supports[n],""flag""!==n&&(r.supports.everythingExceptFlag=r.supports.everythingExceptFlag&&r.supports[n]);var t;r.supports.everythingExceptFlag=r.supports.everythingExceptFlag&&!r.supports.flag,r.supports.everything||((t=r.source||{}).concatemoji?a(t.concatemoji):t.wpemoji&&t.twemoji&&(a(t.twemoji),a(t.wpemoji)))});
//# sourceURL=https://evitp.org/wp-includes/js/wp-emoji-loader.min.js
 
 			  
			 
				/* @v3-js:start */
					let c4wp_onloadCallback = function() {
						for ( var i = 0; i   {
						if ( typeof jQuery !== 'undefined' && jQuery( 'input[id*=""c4wp-wc-checkout""]' ).length ) {
							var element = document.createElement('div');
							var html = '     ';
							element.innerHTML = html;
							jQuery( '[class*=""c4wp-wc-checkout""]' ).append( element );
							jQuery( '[class*=""c4wp-wc-checkout""]' ).find('*').off();
							c4wp_onloadCallback();
						}
					});
				/* @v3-js:end */",https://evitp.org/georgia/listing/wire-biter-electric-pros-llc,evitp.org,2026-08-31
19.898682,-155.665857,hawaii,Brytemove Energy,"Hawaii, USA",7142379200,jkrajniak@brytemove.com,https://www.brytemove.com/,David Krajniak,https://evitp.org/hawaii/listing/brytemove-energy,evitp.org,2026-08-31
21.341856,-157.892468,hawaii,"Wasa Electrical Services, Inc.","1023 Kikowaena Place, Honolulu, HI, 968419, USA",8088392741,jmcguire@wasahawaii.com,https://wasahawaii.com/,John McGuire,https://evitp.org/hawaii/listing/wasa-electrical-services-inc,evitp.org,2026-08-31
21.495962,-158.029775,hawaii,"S & S Taylan Electric, Inc.","P.O. Box 860459, Wahiawa, HI 96786, USA",8086768611,sosimo@sstaylan.com,,Sosimo D. Taylan,https://evitp.org/hawaii/listing/s-s-taylan-electric-inc,evitp.org,2026-08-31
21.332197,-157.881686,hawaii,"RMH Electric Co., Inc.","727 Bannister Street, Honolulu, HI 96819, USA",8088485130,rhmelectric@hawaii.rr.com,,Gaylen Aoki,https://evitp.org/hawaii/listing/rmh-electric-co-inc,evitp.org,2026-08-31
21.318804,-158.089531,hawaii,"Rambaud Electric, LLC","2118 Lauwiliwili Street, Kapolei, HI, 96707, USA",8083715164,joven@rambaudelectric.com,,Joven S. Rambaud,https://evitp.org/hawaii/listing/rambaud-electric-llc,evitp.org,2026-08-31
21.342552,-157.866674,hawaii,"Progressive Elec Co., Inc.","1722 Akahi Street, Honolulu, HI, 96819, USA",8088451560,progressivejeff@icloud.com,,Jeff Tanaka,https://evitp.org/hawaii/listing/progressive-elec-co-inc,evitp.org,2026-08-31
21.309885,-157.85814,hawaii,"A-1 A-Lectrician, Inc.","P.O. Box 30412, Honolulu, HI. 96820, USA",8088392771,ashley@a-1-a.com,,Gary Omori,https://evitp.org/hawaii/listing/a-1-a-lectrician-inc,evitp.org,2026-08-31
20.851808,-156.489138,hawaii,"Lite Electric, Inc.","275 Manea Place, Wailuku, HI, USA",8082447975,liteelectricinc@gmail.com,,Tammy Ventura,https://evitp.org/hawaii/listing/lite-electric-inc,evitp.org,2026-08-31
21.304427,-157.79981,hawaii,"Howard T. Hakikawa Contr., Inc.","1612 Quincy Place, Honolulu, HI 96816, USA",8085518541,whakikawa@yahoo.com,,Ward Hakikawa,https://evitp.org/hawaii/listing/howard-t-hakikawa-contr-inc,evitp.org,2026-08-31
21.394583,-157.743368,hawaii,"HMS Construction, Inc.","PO Box 1086, Kailua, HI 96734, USA",8088534670,travis@hmsconco.com,https://hmsconco.com/,,https://evitp.org/hawaii/listing/hms-construction-inc,evitp.org,2026-08-31
21.421363,-158.006321,hawaii,"Grantco Pacific, Inc.","94-547 Ukee Place suite 211, Waipahu, HI, 96797, USA",8084540999,derik@grantcopacific.com,,Derik G. Takai,https://evitp.org/hawaii/listing/grantco-pacific-inc,evitp.org,2026-08-31
21.295437,-157.828137,hawaii,"Fairway Electric Co., LLC","2074 Young Street, Honolulu, HI, 96826, USA",8089415356,raymondshige@yahoo.com,,Raymond Shigeta,https://evitp.org/hawaii/listing/fairway-electric-co-llc,evitp.org,2026-08-31
21.451331,-158.015281,hawaii,Electrical Control Innovations,"P.O. Box 894080, Mililani, HI. 96789, USA",8084786724,benjie@ecihawaii.net,,Benjamin Gamboa,https://evitp.org/hawaii/listing/electrical-control-innovations,evitp.org,2026-08-31
19.702853,-155.062079,hawaii,"DWE, Inc.","15 Kukila Street, Hilo, HI, 96720, USA",8089611117,wtoyama@dwehawaii.com,https://dwehawaii.com/,Wayne Toyama,https://evitp.org/hawaii/listing/dme-inc,evitp.org,2026-08-31
21.467809,-158.011864,hawaii,"DM Electric, Inc.","95-318 Waioni Street, Mililani, HI 96789, USA",8086838414,danmaekawa@gmail.com,,Dan Maekawa,https://evitp.org/hawaii/listing/dm-electric-inc,evitp.org,2026-08-31
21.32265,-157.802028,hawaii,"A3 Electric, LLC","3428 Pawaina Street, Honolulu, HI, 96822, USA",8083933709,,,Sam Navarro,https://evitp.org/hawaii/listing/a3-electric-llc,evitp.org,2026-08-31
21.397689,-157.878924,hawaii,Miller Electric Company,"Hawaii, USA",9048324423,mhall@mecojax.com,https://www.mecojax.com/,Mike Hall,https://evitp.org/hawaii/listing/miller-electric-company,evitp.org,2026-08-31
19.960028,-155.588275,hawaii,New River Electrical Corporation,"Hawaii, USA",5405267501,ahartsfield@nrec.net,https://www.newriverelectrical.com/,,https://evitp.org/hawaii/listing/new-river-electrical-corporation,evitp.org,2026-08-31
19.709823,-155.063563,hawaii,"808 Electric & Telecom, LLC.","809 Leilani St, Hilo, HI, 96720, USA",80896674841,dougoki@808electric.com,https://www.808electric.com/,Douglas Oki,https://evitp.org/hawaii/listing/808-electric-telecom-llc,evitp.org,2026-08-31
21.981111,-159.371111,hawaii,"Ron's Electric, Inc.","P.O. Box 311, Lihue, HI. 96766, USA",8082454611,ronsrandy@gmail.com,,,https://evitp.org/hawaii/listing/rons-electric-inc,evitp.org,2026-08-31
21.333195,-157.898383,hawaii,"Electricians, Inc.","2688 Waiwai Loop, Honolulu, HI, 96819, USA",8086953945,rkinningham@electricansinc.com,http://electriciansinc.com/,Racquel Kinningham,https://evitp.org/hawaii/listing/electricians-inc,evitp.org,2026-08-31
21.374578,-158.021382,hawaii,"Elite Electrical Services, LLC","94-135 Leoole Street, Waipahu, HI, 96797, USA",8083760326,doshita@ees-hi.com,https://ees-hi.com/,Derek Oshita,https://evitp.org/hawaii/listing/elite-electrical-services-llc,evitp.org,2026-08-31
19.699857,-155.066993,hawaii,"American Electric Co., LLC.","221 Makaala Street, Hilo, HI, 96720, USA",8087690999,dmoakley@americanelectric.com,https://www.americanelectric.com/,David Moakley,https://evitp.org/hawaii/listing/american-electric-co-llc-2,evitp.org,2026-08-31
21.957078,-159.391628,hawaii,"American Electric Co., LLC","1865 Haleukana Street #A, Lihue, HI, 96766, USA",8082453727,dmoakley@americanelectric.com,https://www.americanelectric.com/,David Moakley,https://evitp.org/hawaii/listing/american-electric-co-llc-1,evitp.org,2026-08-31
20.85024,-156.48858,hawaii,"American Electric Co., LLC.","360 East Uahi Way, Wailuku, HI, 96793, USA",8089860818,dmoakley@americanelectric.com,https://www.americanelectric.com/,David Moakley,https://evitp.org/hawaii/listing/american-electric-co-llc,evitp.org,2026-08-31
21.482339,-158.011473,hawaii,"American Electric Co., LLC.","799 Kahelu Avenue, Mililani, HI, 96789, USA",8082206891,dmoakley@americanelectric.com,https://www.americanelectric.com/,Davit Moakley,https://evitp.org/hawaii/listing/american-electric-co-inc,evitp.org,2026-08-31
21.42488,-157.998217,hawaii,"M. Watanabe Electrical Contractor, Inc.","94-334 Ukeʻe Street, Waipahu, HI 96797, USA",8086716751,kelsey@mwehawaii.com,https://mwehawaii.com/,Kelsey Fukumae,https://evitp.org/hawaii/listing/m-watanabe-electrical-contractor-inc,evitp.org,2026-08-31
21.3723,-157.902016,hawaii,"MK Electric, LLC","99-1392 Koaha Place, Aiea, HI, 96701, USA",8084872977,amy@mkelectricllc.com,https://www.mkelectrichawaii.com/,,https://evitp.org/hawaii/listing/mk-electric-llc,evitp.org,2026-08-31
21.320251,-157.872534,hawaii,"AA Electric, Ltd.","500 Alakawa Street, Honolulu, HI, , 96817USA",8088414131,aaelec-hawaii@yahoo.com,http://aaelectrichawaii.com/,Michael Tanaka,https://evitp.org/hawaii/listing/aa-electric-ltd,evitp.org,2026-08-31
21.296681,-157.851436,hawaii,"D. Suehiro Electric, inc","1009 Kapiolani Boulevard, Honolulu, #2907, HI, 96814, USA",8085918884,daryl@dsehawaii.com,https://www.dsehawaii.com/,"Daryl S. Suehiro              
             
                             
         
     
 
         
     
     
         
             
                  Redo search when map moved 
             
              
         
     
 
 
 
 
     
         Showing 30 results 
     
  
 
 											 

									 
					 
			 
   
    

	 
		 

			 
	 
		
		 
			 

				
 
			 
			 			  
	   


 
 

 
	   


The Electric Vehicle Infrastructure Training Program (EVITP) provides training and certification for electricians installing electric vehicle supply equipment (EVSE).  
		 		 
			 
					 
			 
			 			  
		 		 
			 
			  Contact Info 			  
	 
		 
			  		 
	 
	  Canada: www.NETCO.org 
 

 
	 
		 
			  		 
	 
	  United States:  EVITP, 811 N. Main Street, Suite 202,                     Royal Oak, MI  48067
 
 

 
	 
		 
			  		 
	 
	   info@evitp.org 
  
		 		 
	 			 
		 
		 
 


 
			 
			 

			
			 

			 
	 
		 Copyright © 2026 EVITP - ALL RIGHTS RESERVED -  TERMS OF USE  	 
	 
			 
 
			 

				 
		 
	 
		 
	 

   
   
 
{""prefetch"":[{""source"":""document"",""where"":{""and"":[{""href_matches"":""/*""},{""not"":{""href_matches"":[""/wp-*.php"",""/wp-admin/*"",""/wp-content/uploads/*"",""/wp-content/*"",""/wp-content/plugins/*"",""/wp-content/themes/siennawp/*"",""/*\\?(.+)""]}},{""not"":{""selector_matches"":""a[rel~=\""nofollow\""]""}},{""not"":{""selector_matches"":"".no-prefetch, .no-prefetch a""}}]},""eagerness"":""conservative""}]}
 
		  
		 
jQuery(document).ready(function($) {
SABAI.init($(""#sabai-content""));
});
   
  
  
  
  
  
  
  
  
  
 
wp.i18n.setLocaleData( { 'text direction\u0004ltr': [ 'ltr' ] } );
//# sourceURL=wp-i18n-js-after
 
  
 
var wpcf7 = {
    ""api"": {
        ""root"": ""https:\/\/evitp.org\/wp-json\/"",
        ""namespace"": ""contact-form-7\/v1""
    }
};
//# sourceURL=contact-form-7-js-before
 
  
 
var cf7appsHoneypotRefill = {""forceRefillOnInit"":""""};
//# sourceURL=cf7apps-honeypot-refill-js-extra
 
  
  
  
 
var mejsL10n = {""language"":""en"",""strings"":{""mejs.download-file"":""Download File"",""mejs.install-flash"":""You are using a browser that does not have Flash player enabled or installed. Please turn on your Flash player plugin or download the latest version from https://get.adobe.com/flashplayer/"",""mejs.fullscreen"":""Fullscreen"",""mejs.play"":""Play"",""mejs.pause"":""Pause"",""mejs.time-slider"":""Time Slider"",""mejs.time-help-text"":""Use Left/Right Arrow keys to advance one second, Up/Down arrows to advance ten seconds."",""mejs.live-broadcast"":""Live Broadcast"",""mejs.volume-help-text"":""Use Up/Down Arrow keys to increase or decrease volume."",""mejs.unmute"":""Unmute"",""mejs.mute"":""Mute"",""mejs.volume-slider"":""Volume Slider"",""mejs.video-player"":""Video Player"",""mejs.audio-player"":""Audio Player"",""mejs.captions-subtitles"":""Captions/Subtitles"",""mejs.captions-chapters"":""Chapters"",""mejs.none"":""None"",""mejs.afrikaans"":""Afrikaans"",""mejs.albanian"":""Albanian"",""mejs.arabic"":""Arabic"",""mejs.belarusian"":""Belarusian"",""mejs.bulgarian"":""Bulgarian"",""mejs.catalan"":""Catalan"",""mejs.chinese"":""Chinese"",""mejs.chinese-simplified"":""Chinese (Simplified)"",""mejs.chinese-traditional"":""Chinese (Traditional)"",""mejs.croatian"":""Croatian"",""mejs.czech"":""Czech"",""mejs.danish"":""Danish"",""mejs.dutch"":""Dutch"",""mejs.english"":""English"",""mejs.estonian"":""Estonian"",""mejs.filipino"":""Filipino"",""mejs.finnish"":""Finnish"",""mejs.french"":""French"",""mejs.galician"":""Galician"",""mejs.german"":""German"",""mejs.greek"":""Greek"",""mejs.haitian-creole"":""Haitian Creole"",""mejs.hebrew"":""Hebrew"",""mejs.hindi"":""Hindi"",""mejs.hungarian"":""Hungarian"",""mejs.icelandic"":""Icelandic"",""mejs.indonesian"":""Indonesian"",""mejs.irish"":""Irish"",""mejs.italian"":""Italian"",""mejs.japanese"":""Japanese"",""mejs.korean"":""Korean"",""mejs.latvian"":""Latvian"",""mejs.lithuanian"":""Lithuanian"",""mejs.macedonian"":""Macedonian"",""mejs.malay"":""Malay"",""mejs.maltese"":""Maltese"",""mejs.norwegian"":""Norwegian"",""mejs.persian"":""Persian"",""mejs.polish"":""Polish"",""mejs.portuguese"":""Portuguese"",""mejs.romanian"":""Romanian"",""mejs.russian"":""Russian"",""mejs.serbian"":""Serbian"",""mejs.slovak"":""Slovak"",""mejs.slovenian"":""Slovenian"",""mejs.spanish"":""Spanish"",""mejs.swahili"":""Swahili"",""mejs.swedish"":""Swedish"",""mejs.tagalog"":""Tagalog"",""mejs.thai"":""Thai"",""mejs.turkish"":""Turkish"",""mejs.ukrainian"":""Ukrainian"",""mejs.vietnamese"":""Vietnamese"",""mejs.welsh"":""Welsh"",""mejs.yiddish"":""Yiddish""}};
//# sourceURL=mediaelement-core-js-before
 
  
  
 
var _wpmejsSettings = {""pluginPath"":""/wp-includes/js/mediaelement/"",""classPrefix"":""mejs-"",""stretching"":""responsive"",""audioShortcodeLibrary"":""mediaelement"",""videoShortcodeLibrary"":""mediaelement""};
//# sourceURL=mediaelement-js-extra
 
  
  
  
  
  
  
  
  
  
  
  
  
  
  
  
  
  
  
  
  
  
  
  
  
  
  
  
  
  
  
  
  
 
var mkdfGlobalVars = {""vars"":{""mkdfAddForAdminBar"":0,""mkdfElementAppearAmount"":-150,""mkdfFinishedMessage"":""No more posts"",""mkdfMessage"":""Loading new posts..."",""mkdfTopBarHeight"":42,""mkdfStickyHeaderHeight"":0,""mkdfStickyHeaderTransparencyHeight"":60,""mkdfLogoAreaHeight"":0,""mkdfMenuAreaHeight"":131,""mkdfMobileHeaderHeight"":100}};
var mkdfPerPageVars = {""vars"":{""mkdfStickyScrollAmount"":450,""mkdfStickyScrollAmountFullScreen"":false,""mkdfHeaderTransparencyHeight"":0}};
//# sourceURL=sienna-mikado-modules-js-extra
 
  
  
  
 
var mkdfLike = {""ajaxurl"":""https://evitp.org/wp-admin/admin-ajax.php""};
//# sourceURL=sienna-mikado-like-js-extra
 
  
 
var GEM = {""thankyou"":""Thank you for signing up!"",""thankyou_suppressed"":""Thank you for signing up! Please check your email to confirm your subscription."",""oops"":""Oops! There was a problem. Please try again."",""email"":""Please enter a valid email address."",""required"":""%s is a required field.""};
//# sourceURL=gem-main-js-extra
 
  
  
  
 
var wpcf7_recaptcha = {
    ""sitekey"": ""6LdAGgcgAAAAALmBeuQZgYH6HTEI3KlPBF86-YxA"",
    ""actions"": {
        ""homepage"": ""homepage"",
        ""contactform"": ""contactform""
    }
};
//# sourceURL=wpcf7-recaptcha-js-before
 
  
 
{""baseUrl"":""https://s.w.org/images/core/emoji/17.0.2/72x72/"",""ext"":"".png"",""svgUrl"":""https://s.w.org/images/core/emoji/17.0.2/svg/"",""svgExt"":"".svg"",""source"":{""concatemoji"":""https://evitp.org/wp-includes/js/wp-emoji-release.min.js?ver=7.0.4""}}
 
 
/*! This file is auto-generated */
var e=""script#wp-emoji-settings"",t=document.querySelector(e);if(!(t instanceof HTMLScriptElement))throw new Error(""Element missing: ""+e);const r=JSON.parse(t.text),s=(window._wpemojiSettings=r,""wpEmojiSettingsSupports""),o=[""flag"",""emoji""];function i(e){try{var t={supportTests:e,timestamp:(new Date).valueOf()};sessionStorage.setItem(s,JSON.stringify(t))}catch(e){}}function c(e,t,n){e.clearRect(0,0,e.canvas.width,e.canvas.height),e.fillText(t,0,0);t=new Uint32Array(e.getImageData(0,0,e.canvas.width,e.canvas.height).data);e.clearRect(0,0,e.canvas.width,e.canvas.height),e.fillText(n,0,0);const r=new Uint32Array(e.getImageData(0,0,e.canvas.width,e.canvas.height).data);return t.every((e,t)=>e===r[t])}function p(e,t){e.clearRect(0,0,e.canvas.width,e.canvas.height),e.fillText(t,0,0);var n=e.getImageData(16,16,1,1);for(let e=0;e {o[e]=t(s,e,n,r)}),o}function a(e){var t=document.createElement(""script"");t.src=e,t.defer=!0,document.head.appendChild(t)}r.supports={everything:!0,everythingExceptFlag:!0},new Promise(t=>{let n=function(){try{var e=JSON.parse(sessionStorage.getItem(s));if(""object""==typeof e&&""number""==typeof e.timestamp&&(new Date).valueOf() {i(n=e.data),a.terminate(),t(n)})}catch(e){}i(n=f(o,u,c,p))}t(n)}).then(e=>{for(const n in e)r.supports[n]=e[n],r.supports.everything=r.supports.everything&&r.supports[n],""flag""!==n&&(r.supports.everythingExceptFlag=r.supports.everythingExceptFlag&&r.supports[n]);var t;r.supports.everythingExceptFlag=r.supports.everythingExceptFlag&&!r.supports.flag,r.supports.everything||((t=r.source||{}).concatemoji?a(t.concatemoji):t.wpemoji&&t.twemoji&&(a(t.twemoji),a(t.wpemoji)))});
//# sourceURL=https://evitp.org/wp-includes/js/wp-emoji-loader.min.js
 
 			  
			 
				/* @v3-js:start */
					let c4wp_onloadCallback = function() {
						for ( var i = 0; i   {
						if ( typeof jQuery !== 'undefined' && jQuery( 'input[id*=""c4wp-wc-checkout""]' ).length ) {
							var element = document.createElement('div');
							var html = '     ';
							element.innerHTML = html;
							jQuery( '[class*=""c4wp-wc-checkout""]' ).append( element );
							jQuery( '[class*=""c4wp-wc-checkout""]' ).find('*').off();
							c4wp_onloadCallback();
						}
					});
				/* @v3-js:end */",https://evitp.org/hawaii/listing/d-suehiro-electric-inc,evitp.org,2026-08-31
44.068202,-114.742041,idaho,"A-C Electric, Inc.","Idaho, USA",8013641747,service@a-celectricinc.com,http://a-celectricinc.com/,Justin May,https://evitp.org/idaho/listing/a-c-electric-inc,evitp.org,2026-08-31
44.068202,-114.742041,idaho,"Aldridge Electric, Inc.","Idaho, USA",18472761127,ggiovannetti@aldridgegroup.com,https://www.aldridgegroup.com/,Gina Giovannetti,https://evitp.org/idaho/listing/aldridge-electric-inc,evitp.org,2026-08-31
44.068202,-114.742041,idaho,Anchor Electric Contracting Corp.,"Idaho, USA",4062513166,alex@anchorlt.com,https://www.anchorelectricmt.com/,,https://evitp.org/idaho/listing/anchor-electric-contracting-corp,evitp.org,2026-08-31
42.878713,-112.462521,idaho,"Barin Group, LLC.","2055 Garrett Way, Pocatello, ID, 83201, USA",5037201239,pmiller@barincg.com,https://www.barincg.com/,Paul Miller,https://evitp.org/idaho/listing/barin-group-llc,evitp.org,2026-08-31
43.590857,-116.312015,idaho,"Boise Electric Services, LLC.","10400 West Overland Road, Boise, ID, 83709, USA",2084122374,service@boiseelectric.com,https://boiseelectric.com/,Garrett Collins,https://evitp.org/idaho/listing/boise-electric-services-llc,evitp.org,2026-08-31
44.068202,-114.742041,idaho,Cache Valley Electric,"Idaho, USA",18019086666,mike.neilson@cve.com,https://www.cve.com/,Mike Neilson,https://evitp.org/idaho/listing/cache-valley-electric,evitp.org,2026-08-31
44.068202,-114.742041,idaho,Capstone Solutions,"Idaho, USA",5037072656,cblack@capstoneemail.com,https://www.capstone-sol.com/,Chris Black,https://evitp.org/idaho/listing/capstone-solutions,evitp.org,2026-08-31
43.711915,-116.049414,idaho,Columbia River Electric Maintenance,"Idaho, USA",2536938326,brandon.tobey@brothersecllc.com,https://www.crem-inc.com/,Brandon Tobey,https://evitp.org/idaho/listing/columbia-river-electric-maintenance,evitp.org,2026-08-31
44.068202,-114.742041,idaho,"Decker Electric, Inc.","Idaho, USA",13162658182,bwilson@decker-electric.com,https://www.decker-electric.com/,Ben Wilson,https://evitp.org/idaho/listing/decker-electric-inc,evitp.org,2026-08-31
44.068202,-114.742041,idaho,"Envirospark Energy Solutions, Inc.","Idaho, USA",4047369173,info@envirosparkenergy.com,https://envirosparkenergy.com/,Brad Ewing,https://evitp.org/idaho/listing/envirospark-energy-solutions-inc,evitp.org,2026-08-31
42.599071,-114.759495,idaho,Greenhead Electric,"Buhl, ID 83316, USA",2087512894,greenheadelectric@gmail.com,,Clint McKinnon,https://evitp.org/idaho/listing/greenhead-electric,evitp.org,2026-08-31
43.727795,-116.126318,idaho,"JH Kelly, LLC","Idaho, USA",3609570956,ggourde@jhkelly.com,https://www.jhkelly.com/,Gabriel Gourde,https://evitp.org/idaho/listing/jh-kelly-llc,evitp.org,2026-08-31
43.652326,-116.142798,idaho,Miller Electric Company,"Idaho, USA",9048324423,mhall@mecojax.com,https://www.mecojax.com/,Mike Hall,https://evitp.org/idaho/listing/miller-electric-company,evitp.org,2026-08-31
43.632168,-116.246042,idaho,Mountain Power Electrical Contractors,"305 East 41st Street, Garden City, ID,, 83714 USA",2083773305,seannelson@mtnpwr.com,https://mtnpwr.com/,Sean Nelson,https://evitp.org/idaho/listing/mountain-power-electrical-contractors,evitp.org,2026-08-31
43.202306,-112.404879,idaho,"Nash Electrical, Inc.","39 North 550 West, Blackfoot, ID, 83221, USA",2086845467,calvin@nashelectrical.co,https://nashelectrical.co/,Calvin Nash,https://evitp.org/idaho/listing/nash-electrical-inc,evitp.org,2026-08-31
43.670209,-116.204596,idaho,New River Electrical Corporation,"Idaho, USA",5405267501,ahartsfield@nrec.net,https://www.newriverelectrical.com/,Jonathan Aaron Hartsfield,https://evitp.org/idaho/listing/new-river-electrical-corporation,evitp.org,2026-08-31
44.068202,-114.742041,idaho,Parsons Electric,"Idaho, USA",17635287670,brad.bacon@pecsolutions.com,https://www.pecsolutions.com/,Brad Bacon,https://evitp.org/idaho/listing/parsons-electric,evitp.org,2026-08-31
43.629568,-116.359228,idaho,"Peterson Electric, Inc.","Idaho, USA",5094891950,scott@petersonelectric.com,https://petersonelectric.com/,Scott Lee,https://evitp.org/idaho/listing/peterson-electric-inc,evitp.org,2026-08-31
44.076391,-116.20542,idaho,"Pick Electric, Inc.","Idaho, USA",5095321975111,chris@pickelectric.com,http://pickelectric.com/,Chris Magnuson,https://evitp.org/idaho/listing/pick-electric-inc,evitp.org,2026-08-31
44.068202,-114.742041,idaho,Power City Electric,"Idaho, USA",5095358500,info@powercityelectric.com,https://powercityelectric.com/,Steve Gilbertz,https://evitp.org/idaho/listing/power-city-electric,evitp.org,2026-08-31
43.604565,-116.259256,idaho,"Power Plus, Inc.","25 North Hartman Street, Boise, ID, 83704, USA",2083231506,dkrishnek@pwrplusinc.com,https://www.pwrplusinc.com/,Dan Krishnek,https://evitp.org/idaho/listing/power-plus-inc,evitp.org,2026-08-31
43.615986,-116.247129,idaho,Quality Electric Inc.,"5272 West Irving Street, Boise, ID, 83706, USA",2083751300,larry@qeidaho.com,https://qeidaho.com/,Larry Geyer,https://evitp.org/idaho/listing/quality-electric-inc,evitp.org,2026-08-31
44.068202,-114.742041,idaho,"Shambaugh and Son, L.P.","Idaho, USA",12604877846,dhearld@shambaugh.com,https://shambaugh.com/,Douglas M. Hearld,https://evitp.org/idaho/listing/shambaugh-and-sons-l-p,evitp.org,2026-08-31
44.068202,-114.742041,idaho,The Oscar W. Larson Company,"Idaho, USA",8103974757,justin.spence@owlservices.com,https://www.larsonco.com/,Justin Spence,https://evitp.org/idaho/listing/the-oscar-w-larson-company,evitp.org,2026-08-31
44.068202,-114.742041,idaho,The State Group Industrial (USA) Limited,"Idaho, USA",5869921572,Michigan.estimating@stategroup.com,https://stategroup.com/,Gino Robinet – Statewide Coordinator,https://evitp.org/idaho/listing/the-state-group-industrial-usa-limited,evitp.org,2026-08-31
43.578248,-116.278663,idaho,"Tri State Electric, Inc","7790 West Mossy Cup Street, Boise, ID, 83709 USA",2083624636,daric@tristateelec.com,http://tristateelectric.org/,Daric Stith,https://evitp.org/idaho/listing/tri-state-electric-inc,evitp.org,2026-08-31
43.602942,-116.593533,idaho,VECA Electric & Technologies,"1010 West Finch Drive, Nampa, ID, 83651, USA",3606036445,john.morrow@veca.com,https://www.veca.com/,"John Morrow              
             
                             
         
     
 
     
     
         
             
                  Redo search when map moved 
             
              
         
     
 
 
 
 
     
         Showing 27 results 
     
  
 
 											 

									 
					 
			 
   
    

	 
		 

			 
	 
		
		 
			 

				
 
			 
			 			  
	   


 
 

 
	   


The Electric Vehicle Infrastructure Training Program (EVITP) provides training and certification for electricians installing electric vehicle supply equipment (EVSE).  
		 		 
			 
					 
			 
			 			  
		 		 
			 
			  Contact Info 			  
	 
		 
			  		 
	 
	  Canada: www.NETCO.org 
 

 
	 
		 
			  		 
	 
	  United States:  EVITP, 811 N. Main Street, Suite 202,                     Royal Oak, MI  48067
 
 

 
	 
		 
			  		 
	 
	   info@evitp.org 
  
		 		 
	 			 
		 
		 
 


 
			 
			 

			
			 

			 
	 
		 Copyright © 2026 EVITP - ALL RIGHTS RESERVED -  TERMS OF USE  	 
	 
			 
 
			 

				 
		 
	 
		 
	 

   
   
 
{""prefetch"":[{""source"":""document"",""where"":{""and"":[{""href_matches"":""/*""},{""not"":{""href_matches"":[""/wp-*.php"",""/wp-admin/*"",""/wp-content/uploads/*"",""/wp-content/*"",""/wp-content/plugins/*"",""/wp-content/themes/siennawp/*"",""/*\\?(.+)""]}},{""not"":{""selector_matches"":""a[rel~=\""nofollow\""]""}},{""not"":{""selector_matches"":"".no-prefetch, .no-prefetch a""}}]},""eagerness"":""conservative""}]}
 
		  
		 
jQuery(document).ready(function($) {
SABAI.init($(""#sabai-content""));
});
   
  
  
  
  
  
  
 
wp.i18n.setLocaleData( { 'text direction\u0004ltr': [ 'ltr' ] } );
//# sourceURL=wp-i18n-js-after
 
  
 
var wpcf7 = {
    ""api"": {
        ""root"": ""https:\/\/evitp.org\/wp-json\/"",
        ""namespace"": ""contact-form-7\/v1""
    }
};
//# sourceURL=contact-form-7-js-before
 
  
 
var cf7appsHoneypotRefill = {""forceRefillOnInit"":""""};
//# sourceURL=cf7apps-honeypot-refill-js-extra
 
  
  
  
 
var mejsL10n = {""language"":""en"",""strings"":{""mejs.download-file"":""Download File"",""mejs.install-flash"":""You are using a browser that does not have Flash player enabled or installed. Please turn on your Flash player plugin or download the latest version from https://get.adobe.com/flashplayer/"",""mejs.fullscreen"":""Fullscreen"",""mejs.play"":""Play"",""mejs.pause"":""Pause"",""mejs.time-slider"":""Time Slider"",""mejs.time-help-text"":""Use Left/Right Arrow keys to advance one second, Up/Down arrows to advance ten seconds."",""mejs.live-broadcast"":""Live Broadcast"",""mejs.volume-help-text"":""Use Up/Down Arrow keys to increase or decrease volume."",""mejs.unmute"":""Unmute"",""mejs.mute"":""Mute"",""mejs.volume-slider"":""Volume Slider"",""mejs.video-player"":""Video Player"",""mejs.audio-player"":""Audio Player"",""mejs.captions-subtitles"":""Captions/Subtitles"",""mejs.captions-chapters"":""Chapters"",""mejs.none"":""None"",""mejs.afrikaans"":""Afrikaans"",""mejs.albanian"":""Albanian"",""mejs.arabic"":""Arabic"",""mejs.belarusian"":""Belarusian"",""mejs.bulgarian"":""Bulgarian"",""mejs.catalan"":""Catalan"",""mejs.chinese"":""Chinese"",""mejs.chinese-simplified"":""Chinese (Simplified)"",""mejs.chinese-traditional"":""Chinese (Traditional)"",""mejs.croatian"":""Croatian"",""mejs.czech"":""Czech"",""mejs.danish"":""Danish"",""mejs.dutch"":""Dutch"",""mejs.english"":""English"",""mejs.estonian"":""Estonian"",""mejs.filipino"":""Filipino"",""mejs.finnish"":""Finnish"",""mejs.french"":""French"",""mejs.galician"":""Galician"",""mejs.german"":""German"",""mejs.greek"":""Greek"",""mejs.haitian-creole"":""Haitian Creole"",""mejs.hebrew"":""Hebrew"",""mejs.hindi"":""Hindi"",""mejs.hungarian"":""Hungarian"",""mejs.icelandic"":""Icelandic"",""mejs.indonesian"":""Indonesian"",""mejs.irish"":""Irish"",""mejs.italian"":""Italian"",""mejs.japanese"":""Japanese"",""mejs.korean"":""Korean"",""mejs.latvian"":""Latvian"",""mejs.lithuanian"":""Lithuanian"",""mejs.macedonian"":""Macedonian"",""mejs.malay"":""Malay"",""mejs.maltese"":""Maltese"",""mejs.norwegian"":""Norwegian"",""mejs.persian"":""Persian"",""mejs.polish"":""Polish"",""mejs.portuguese"":""Portuguese"",""mejs.romanian"":""Romanian"",""mejs.russian"":""Russian"",""mejs.serbian"":""Serbian"",""mejs.slovak"":""Slovak"",""mejs.slovenian"":""Slovenian"",""mejs.spanish"":""Spanish"",""mejs.swahili"":""Swahili"",""mejs.swedish"":""Swedish"",""mejs.tagalog"":""Tagalog"",""mejs.thai"":""Thai"",""mejs.turkish"":""Turkish"",""mejs.ukrainian"":""Ukrainian"",""mejs.vietnamese"":""Vietnamese"",""mejs.welsh"":""Welsh"",""mejs.yiddish"":""Yiddish""}};
//# sourceURL=mediaelement-core-js-before
 
  
  
 
var _wpmejsSettings = {""pluginPath"":""/wp-includes/js/mediaelement/"",""classPrefix"":""mejs-"",""stretching"":""responsive"",""audioShortcodeLibrary"":""mediaelement"",""videoShortcodeLibrary"":""mediaelement""};
//# sourceURL=mediaelement-js-extra
 
  
  
  
  
  
  
  
  
  
  
  
  
  
  
  
  
  
  
  
  
  
  
  
  
  
  
  
  
  
  
  
  
 
var mkdfGlobalVars = {""vars"":{""mkdfAddForAdminBar"":0,""mkdfElementAppearAmount"":-150,""mkdfFinishedMessage"":""No more posts"",""mkdfMessage"":""Loading new posts..."",""mkdfTopBarHeight"":42,""mkdfStickyHeaderHeight"":0,""mkdfStickyHeaderTransparencyHeight"":60,""mkdfLogoAreaHeight"":0,""mkdfMenuAreaHeight"":131,""mkdfMobileHeaderHeight"":100}};
var mkdfPerPageVars = {""vars"":{""mkdfStickyScrollAmount"":450,""mkdfStickyScrollAmountFullScreen"":false,""mkdfHeaderTransparencyHeight"":0}};
//# sourceURL=sienna-mikado-modules-js-extra
 
  
  
  
 
var mkdfLike = {""ajaxurl"":""https://evitp.org/wp-admin/admin-ajax.php""};
//# sourceURL=sienna-mikado-like-js-extra
 
  
 
var GEM = {""thankyou"":""Thank you for signing up!"",""thankyou_suppressed"":""Thank you for signing up! Please check your email to confirm your subscription."",""oops"":""Oops! There was a problem. Please try again."",""email"":""Please enter a valid email address."",""required"":""%s is a required field.""};
//# sourceURL=gem-main-js-extra
 
  
  
  
 
var wpcf7_recaptcha = {
    ""sitekey"": ""6LdAGgcgAAAAALmBeuQZgYH6HTEI3KlPBF86-YxA"",
    ""actions"": {
        ""homepage"": ""homepage"",
        ""contactform"": ""contactform""
    }
};
//# sourceURL=wpcf7-recaptcha-js-before
 
  
 
{""baseUrl"":""https://s.w.org/images/core/emoji/17.0.2/72x72/"",""ext"":"".png"",""svgUrl"":""https://s.w.org/images/core/emoji/17.0.2/svg/"",""svgExt"":"".svg"",""source"":{""concatemoji"":""https://evitp.org/wp-includes/js/wp-emoji-release.min.js?ver=7.0.4""}}
 
 
/*! This file is auto-generated */
var e=""script#wp-emoji-settings"",t=document.querySelector(e);if(!(t instanceof HTMLScriptElement))throw new Error(""Element missing: ""+e);const r=JSON.parse(t.text),s=(window._wpemojiSettings=r,""wpEmojiSettingsSupports""),o=[""flag"",""emoji""];function i(e){try{var t={supportTests:e,timestamp:(new Date).valueOf()};sessionStorage.setItem(s,JSON.stringify(t))}catch(e){}}function c(e,t,n){e.clearRect(0,0,e.canvas.width,e.canvas.height),e.fillText(t,0,0);t=new Uint32Array(e.getImageData(0,0,e.canvas.width,e.canvas.height).data);e.clearRect(0,0,e.canvas.width,e.canvas.height),e.fillText(n,0,0);const r=new Uint32Array(e.getImageData(0,0,e.canvas.width,e.canvas.height).data);return t.every((e,t)=>e===r[t])}function p(e,t){e.clearRect(0,0,e.canvas.width,e.canvas.height),e.fillText(t,0,0);var n=e.getImageData(16,16,1,1);for(let e=0;e {o[e]=t(s,e,n,r)}),o}function a(e){var t=document.createElement(""script"");t.src=e,t.defer=!0,document.head.appendChild(t)}r.supports={everything:!0,everythingExceptFlag:!0},new Promise(t=>{let n=function(){try{var e=JSON.parse(sessionStorage.getItem(s));if(""object""==typeof e&&""number""==typeof e.timestamp&&(new Date).valueOf() {i(n=e.data),a.terminate(),t(n)})}catch(e){}i(n=f(o,u,c,p))}t(n)}).then(e=>{for(const n in e)r.supports[n]=e[n],r.supports.everything=r.supports.everything&&r.supports[n],""flag""!==n&&(r.supports.everythingExceptFlag=r.supports.everythingExceptFlag&&r.supports[n]);var t;r.supports.everythingExceptFlag=r.supports.everythingExceptFlag&&!r.supports.flag,r.supports.everything||((t=r.source||{}).concatemoji?a(t.concatemoji):t.wpemoji&&t.twemoji&&(a(t.twemoji),a(t.wpemoji)))});
//# sourceURL=https://evitp.org/wp-includes/js/wp-emoji-loader.min.js
 
 			  
			 
				/* @v3-js:start */
					let c4wp_onloadCallback = function() {
						for ( var i = 0; i   {
						if ( typeof jQuery !== 'undefined' && jQuery( 'input[id*=""c4wp-wc-checkout""]' ).length ) {
							var element = document.createElement('div');
							var html = '     ';
							element.innerHTML = html;
							jQuery( '[class*=""c4wp-wc-checkout""]' ).append( element );
							jQuery( '[class*=""c4wp-wc-checkout""]' ).find('*').off();
							c4wp_onloadCallback();
						}
					});
				/* @v3-js:end */",https://evitp.org/idaho/listing/veca-electric-technologies,evitp.org,2026-08-31
41.870276,-87.73228,illinois,"ABCO Electrical Construction & Design, LLC","817 S Kildare Ave, Chicago, IL 60624, USA",8476481620,jbosque@abcoelectric.com,https://abcoelectric.com/,Juan Bosque Jr.,https://evitp.org/illinois/listing/abco-electrical-construction-design-llc,evitp.org,2026-08-31
41.787109,-88.226699,illinois,Advanced Data Technologies,"1075 Shore Road, Naperville, IL, 60563, USA",6304171232,tleo@webadt.com,https://webadt.com/,William Leo,https://evitp.org/illinois/listing/advanced-data-technologies,evitp.org,2026-08-31
42.27782,-87.940756,illinois,"Aldridge Electric, Inc.","844 East Rockland Road, Libertyville, IL, 60048, USA",8472761127,ggiovannetti@aldridgegroup.com,https://www.aldridgegroup.com/,Gina Giovannetti,https://evitp.org/illinois/listing/aldridge-electric-inc,evitp.org,2026-08-31
42.213405,-88.287246,illinois,Althoff Industries,"8001 South Route 31, Crystal Lake, IL, 60014, USA",8473049000,markz@althoffind.com,https://www.althoffind.com/,Mark Zyskowski,https://evitp.org/illinois/listing/althoff-industries,evitp.org,2026-08-31
39.713401,-89.648215,illinois,Anderson Electric,"3501 South 6th Street Frontage Road West, Springfield, Illinois, 62703 USA      1921 Oak Avenue, Mattoon, Illinois 61938      815 Voorhees, Danville, Illinois 61832      1609 S. Morris Avenue, Bloomington, Illinois, 61701",2172600738,adamb@anderson-electric.com,https://www.anderson-electric.com/,Adam Buhs,https://evitp.org/illinois/listing/anderson-electric,evitp.org,2026-08-31
40.709844,-89.387984,illinois,"B & L Electric Contractor, Inc.","1309 Knollcrest Drive, Washington, IL, 61571, USA",3094442742,blelectric@gmail.com,https://blelectric.com/,Tom Reeder,https://evitp.org/illinois/listing/b-l-electric-contractor-inc,evitp.org,2026-08-31
39.774853,-89.609725,illinois,"B&B Electric, Inc.","3000 Reilly Drive, Springfield, IL. 62712, USA",2175289666,steve@bnbelectric.net,https://www.bnbelectric.net/,Stephen Trutter,https://evitp.org/illinois/listing/bb-electric-inc,evitp.org,2026-08-31
40.633125,-89.398528,illinois,"Beltline Electric Co., inc.","Illinois, USA",12709297118,rdaniel@beltlineservices.com,https://beltlineelectric.com/,,https://evitp.org/illinois/listing/beltline-electric-co-inc,evitp.org,2026-08-31
42.071523,-88.300837,illinois,"Bernardoni Electric, Inc.","830 Tollgate Road, Elgin, IL, 60123, USA",8476972600,zach@bernardonielectric.com,https://www.bernardonielectric.com/,Zach Bernardoni,https://evitp.org/illinois/listing/bernardoni-electric-inc,evitp.org,2026-08-31
38.832758,-90.022337,illinois,"Bickle Electric Contracting Co., Inc.","4795 Section Line Road, Edwardsville, IL, 62025, USA",6182594499,rob@bickleelectric.com,https://bickleelectric.com/,Robert Bickle,https://evitp.org/illinois/listing/bickle-electric-contracting-co-inc,evitp.org,2026-08-31
41.96607,-87.838081,illinois,"Blade Electric & Technologies, LLC","4740 North Cumberland Avenue, #380, Chicago, IL, 60656, USA",3124880222,mike@blade-electric.com,https://blade-electric.com/,Mike Bosco,https://evitp.org/illinois/listing/blade-electric-technologies-llc,evitp.org,2026-08-31
42.010689,-87.799618,illinois,"Block Electric Co., Inc.","7107 North Milwaukee Avenue, Niles, IL, 60714, USA",8476474030,info@blockelectric.com,http://www.blockelectric.com/,Scott Block,https://evitp.org/illinois/listing/block-electric-co-inc,evitp.org,2026-08-31
39.861571,-88.927392,illinois,Bodine Electric of Decatur,"1845 North 22nd Street, Decatur, IL, 62526, USA",2175211439,rbeery@bodinemail.com,https://www.bodinedecatur.com/,Robert Beery,https://evitp.org/illinois/listing/bodine-electric-of-decatur,evitp.org,2026-08-31
41.723347,-87.647245,illinois,"Candor Electric, Inc.","940 West 94th Street, Chicago, IL, 60620 USA",7737782626201,vjdifiore@candorelectric.com,https://www.candorelectric.com/,Vince DiFiore,https://evitp.org/illinois/listing/candor-electric-inc,evitp.org,2026-08-31
41.812509,-87.973772,illinois,Canino Electric Co.,"41 Plaza Drive, Unit A. Westmont, IL, 60559, USA",7086812800,timcanino@caninoelectric.com,http://caninoelectric.com/,Timothy C. Canino,https://evitp.org/illinois/listing/canino-electric-co,evitp.org,2026-08-31
40.634705,-89.661011,illinois,Central Illinois Electrical Services,"4600 Enterprise Drive, Bartonville, IL, 61607, USA",3096336900,brock@cieselectric.com,https://cieselectric.com/,Brock Yeske,https://evitp.org/illinois/listing/central-illinois-electrical-services,evitp.org,2026-08-31
38.153401,-88.909463,illinois,"Clinton Electric, Inc.","P.O. Box 117, Ina, IL.  62846, USA",6184375607,owena@clintonelectricinc.com,https://www.clintonelectricinc.com/,Owen Allen,https://evitp.org/illinois/listing/clinton-electric-inc,evitp.org,2026-08-31
39.475329,-88.37473,illinois,"Commercial Electric, INC.","720 South 17th Street, P.O. Box 1157,Mattoon, IL, 61938, USA",2172350616,mark@cei1969.com,,Mark T. O’Dell,https://evitp.org/illinois/listing/commercial-electric-inc,evitp.org,2026-08-31
41.926028,-87.989442,illinois,Connelly Electric,"40 South Addison Road suite 100, Addison, IL, 60101, USA",3312560115,nick.pupich@connellyelectric.com,https://connellyelectric.com/,Nick Pupich,https://evitp.org/illinois/listing/connelly-electric,evitp.org,2026-08-31
41.849827,-87.940603,illinois,Continental Electrical Construction Co.,"815 Commerce Drive, Suite 100, Oak Brook, IL, 60523, USA",6307748874,jjburke@cecco.com,https://cecco.com/,John Burke,https://evitp.org/illinois/listing/continental-electrical-construction-co,evitp.org,2026-08-31
40.633125,-89.398528,illinois,"Decker Electric, Inc.","Illinois, USA",13162658182,bwilson@decker-electric.com,https://www.decker-electric.com/,,https://evitp.org/illinois/listing/decker-electric-inc,evitp.org,2026-08-31
41.658232,-87.73923,illinois,"Dynamic Electric, Inc.","12800 South Cicero Avenue, Alsip, IL 60803, USA",7085976500,johnh@dynamicelectric.com,https://www.dynamicelectric.com/,John Haberkorn,https://evitp.org/illinois/listing/dynamic-electric-inc,evitp.org,2026-08-31
41.895617,-88.458632,illinois,Electric Conduit Construction,"816 Hicks Drive, Elburn, IL, USA",8476523159,criggs@electricconduitconstruction.com,https://www.electricconduitconstruction.com/,Corbin Riggs,https://evitp.org/illinois/listing/electric-conduit-contractors,evitp.org,2026-08-31
40.666455,-89.552527,illinois,Fleming Electric,"325 Meadow Ave. Peoria, IL. 61611, USA",3096946277,stevegray@flemingelectric.net,,,https://evitp.org/illinois/listing/fleming-electric,evitp.org,2026-08-31
38.012848,-88.912252,illinois,FW  Electric,"151 Industrial Park Road, Benton, IL, 62812 USA",6184389191,shannon@fwelectric.com,http://fwelectric.com/,Shannon Perry,https://evitp.org/illinois/listing/fw-electric,evitp.org,2026-08-31
41.545657,-87.858121,illinois,"G.S. Electric Co., Inc.","9910 W. 190th Street, Suite I, Mokena, IL. 60448, USA",7083264610,gsojka@gselectricco.com,https://gselectricco.com/,Gary Sojka,https://evitp.org/illinois/listing/g-s-electric-co-inc,evitp.org,2026-08-31
41.828071,-88.036996,illinois,"Gibson Electric Co., Inc.","3100 Woodcreek Drive, Downers Grove, IL, 60515, USA",6302883859,mkelly@gibsonelec.com,,Matt Kelly,https://evitp.org/illinois/listing/gibson-electric-co-inc,evitp.org,2026-08-31
41.891046,-87.688681,illinois,Grand Kahn Electric,"2455 West Grand Avenue, Chicago, IL, USA",3122981510,mjdonnellan@grandkahn.com,http://grandkahn.com/,Michael Donnellan,https://evitp.org/illinois/listing/grand-kahn-electric,evitp.org,2026-08-31
38.893786,-90.062071,illinois,GRP / Wegman,"1 Mechanical Drive, Bethalto, IL, 62010 USA",6182589277,abuhs@grpwegman.com,https://www.grpwegman.com/,Adam M. Buhs,https://evitp.org/illinois/listing/grp-wegman,evitp.org,2026-08-31
41.907745,-87.651909,illinois,GULLN Energy LLC,"1440 N. Kingsbury St. Suites 110-111, Chicago, IL. 60642, USA",7733641595,info@gulln.com,http://www.gullnenergy.com/,Angel Guillen,https://evitp.org/illinois/listing/inchargee-llc,evitp.org,2026-08-31
41.950183,-87.71404,illinois,Hardt Electric,"49490 North Elston Avenue, Chicago, IL, USA",7739836718,n.jelaca@hardtelectric.com,https://www.hardtelectric.com/,Nenad Jelaca,https://evitp.org/illinois/listing/hardt-electric,evitp.org,2026-08-31
41.969952,-87.742721,illinois,Hardt Electric Inc.,"4909 North Elston Avenue, Chicago, IL, 60630, USA",7733722047,a.fernandez@hardtelectric.com,https://www.hardtelectric.com/,Arturo Fernandez,https://evitp.org/illinois/listing/hardt-electric-inc,evitp.org,2026-08-31
42.032958,-87.976431,illinois,"Hartmann Electric Company, Inc.","750 Lee Street, Elk Grove Village, IL, 60007, USA",8477341260,jhartmann@hartmannelectric.com,https://www.hartmannelectric.com/,John Hartmann,https://evitp.org/illinois/listing/hartmann-electric-company-inc,evitp.org,2026-08-31
41.915304,-88.308723,illinois,"High Voltage Electric Testing & Maintenance, inc.","102 North 5th Avenue, St. Charles, IL, 60174, USA",6305842485,jstark@highvoltageelectric.com,https://www.highvoltageelectric.com/,Jessica Stark,https://evitp.org/illinois/listing/high-voltage-electric-testing-maintenance-inc,evitp.org,2026-08-31
41.642272,-87.733318,illinois,Hy-Power Electric Company,"13760 Kenton Avenue, Crestwood, IL, 60418, USA",7084305510,jerryk@hypowerelectric.com,https://hypowerelectric.com/,Gerald Kosteck,https://evitp.org/illinois/listing/hy-power-electric-company,evitp.org,2026-08-31
41.509477,-90.578748,illinois,"J. Ranck Electric, inc.","Rock Island, IL, USA",19312074354,swalker@jranck.com,https://www.jranck.com/,Scott Walker,https://evitp.org/illinois/listing/j-ranck-electric-inc,evitp.org,2026-08-31
38.7929,-90.068138,illinois,"J.F. Electric, Inc.","100 Lakefront Parkway, Edwardsville, IL, 62025, USA",6187975353,estimating@jfelectric.com,https://www.jfelectric.com/,Les Benton,https://evitp.org/illinois/listing/j-f-electric-inc,evitp.org,2026-08-31
42.148803,-87.857337,illinois,"Jamerson & Bauwens Electrical Contractors, Inc.","3160 MacArthur Blvd, Northbrook, IL 60062, USA",8472912000,rjamerson@jbelectric.com,http://www.jbelectric.com,,https://evitp.org/illinois/listing/jamerson-bauwens-electrical-contractors-inc,evitp.org,2026-08-31
42.05554,-88.057625,illinois,"JMS Electric, inc.","871 East State Parkway, Schaumburg, IL, 60173, USA",8473523070,nsantoro@jmselectric.com,http://jmselectric.com/,Nick Santoro,https://evitp.org/illinois/listing/jms-electric-inc,evitp.org,2026-08-31
42.058091,-88.016817,illinois,Kelso-Burnett Co.,"5200 Newport Road, Rolling meadows, IL. 60008, USA",8474833859,sgourley@kelso-burnett.com,https://kelso-burnett.com/#home,Steve Gourley,https://evitp.org/illinois/listing/kelso-burnett-co,evitp.org,2026-08-31
42.13411,-87.995481,illinois,"Kroeschell Engineering Co., Inc","3222 North Kennicott Avenue, Arlington Heights, IL, 60004 USA",3126497980,mike.mcdonough@kroeschell.com,https://www.kroeschell.com/,Michael E. McDonough,https://evitp.org/illinois/listing/kroeschell-engineering-co-inc,evitp.org,2026-08-31
42.001297,-87.817456,illinois,"LaCrosse Electric, Co.","6659 North Avondale Avenue, Chicago, IL 60631, USA",6305950200,info@lacrosse-electric.com,,,https://evitp.org/illinois/listing/lacrosse-electric-co,evitp.org,2026-08-31
41.612044,-87.791589,illinois,"Linear Electric, Inc.","15346 South 70th Court, Orland Park, IL, 60462, USA",7086878850,robertf@linearelec.com,http://linearelec.com/,,https://evitp.org/illinois/listing/linear-electric-inc,evitp.org,2026-08-31
42.361267,-87.913512,illinois,LLD Electrical Co.,"P.O. Box 228, Gurnee, IL. 60031, USA",8478561553,chad@lldelectric.com,https://www.lldelectric.com/,,https://evitp.org/illinois/listing/lld-electrical-co,evitp.org,2026-08-31
41.951575,-88.124353,illinois,"Lombardi Electric, inc.","161 Covington Drive, Bloomingdale, IL 60108, USA",6308250223,estimator@lombardielectric.com,https://lombardielectric.com/,Estimating Department,https://evitp.org/illinois/listing/lombardi-electric-inc,evitp.org,2026-08-31
38.69172,-90.019749,illinois,Lowry Electric Company,"926 McDonough Lake Drive, Collinsville, IL. 62010, USA",6182589000,gbland@lowryelect.com,https://www.grpwegman.com/,Gary Bland,https://evitp.org/illinois/listing/lowry-electric-company,evitp.org,2026-08-31
42.015858,-87.762725,illinois,"Malko Communication Services, LLC.","5401 Fargo Avenue, Skokie, IL, 60077, USA",8476266506,drewm@mcs-llc.com,https://www.malko.solutions/,Drew Montgomery,https://evitp.org/illinois/listing/malko-communication-services-llc,evitp.org,2026-08-31
41.87713,-87.642672,illinois,Maron Electric,"328 South Jefferson Street, Chicago, IL, 60601, USA",8476266500,jbohr@maronelectric.com,https://www.maronelectric.com/,Jim Bohr,https://evitp.org/illinois/listing/maron-electric,evitp.org,2026-08-31
42.000835,-88.108771,illinois,"McWilliams Electric Company, inc.","1401 Rodenburg Road, Schaumburg, IL 60193, USA",8473012600,jerry@mcwelec.com,http://www.mcwilliamselectric.com/,Jerry McGlynn,https://evitp.org/illinois/listing/mcwilliams-electric-company-inc,evitp.org,2026-08-31
41.755359,-87.938088,illinois,Meade Industries,"625 Willowbrook Center Parkway, Willowbrook, IL 60527, USA",7085886262,jc@meade100.com,https://meade100.com/,John Crilly,https://evitp.org/illinois/listing/meade-industries,evitp.org,2026-08-31
38.453569,-90.204864,illinois,"MEI Electric, Inc","436 Terry Drive, Columbia, IL, 62236, USA",6187892381,info@meielectricinc.com,https://www.meielectricinc.com/,Cari Maloney,https://evitp.org/illinois/listing/mei-electric-inc,evitp.org,2026-08-31
41.706354,-87.667305,illinois,Midwest Interstate Electrical Construction/Technologies,"1801 West 103rd Street, Chicago, IL, 60643, USA",7735177036,msr@miecc.net,https://www.midwestinterstate.com/,Michael S. Reynolds,https://evitp.org/illinois/listing/midwest-interstate-electric,evitp.org,2026-08-31
41.198463,-90.761537,illinois,Miller Electric Company,"466 Southwest 12th Avenue, Aledo, Illinois, USA",9048324423,mhall@mecojax.com,https://www.mecojax.com/,Mike Hall,https://evitp.org/illinois/listing/miller-electric-company,evitp.org,2026-08-31
41.729116,-87.701702,illinois,MJ Electric,"9015 S Kedzie Ave, Chicago, IL 60652, USA",9062396130,john.fimbianti@mjelectric.com,,John Fimbianti,https://evitp.org/illinois/listing/mj-electric,evitp.org,2026-08-31
41.663807,-87.745615,illinois,Moran Electrical Contracting,"12549 South Holiday Drive, Alsip, IL, 60803, USA",7085979011,emoran@moranelec.com,https://www.moranelectrical.com/,Eileen Moran,https://evitp.org/illinois/listing/moran-electrical-contracting,evitp.org,2026-08-31
41.509477,-90.578748,illinois,Muska Electric Company,"Rock Island, IL, USA",16516365820,tolson@muskaelectric.com,https://www.muskacompanies.com/,,https://evitp.org/illinois/listing/muska-electric-company,evitp.org,2026-08-31
41.886573,-87.675816,illinois,"MZI Group, Inc.","1937 West Fulton Street, Chicago, IL, 60612, USA",7733153742,dfetzer@mzigroup.com,http://www.mzigroup.com/,Danny Fetzer,https://evitp.org/illinois/listing/mzi-group-inc,evitp.org,2026-08-31
42.018355,-87.768532,illinois,National Retrofitting Group LLC,"5617 West Howard Street, Niles, IL, 60714, USA",3129578700,cpoland@nrgllc.com,https://www.nrgroup-llc.com/,Edwin Poloand,https://evitp.org/illinois/listing/national-retrofitting-group-llc,evitp.org,2026-08-31
41.846668,-87.862993,illinois,Nesko Design/Build Electric,"3111 South 26th Avenue, Broadview, IL, 60155, USA",7082233282,m.anderson@nesko.com,https://www.nesko.com/,Matthew Anderson,https://evitp.org/illinois/listing/nesko-design-build-electric,evitp.org,2026-08-31
41.637336,-87.725997,illinois,"Palos Electric Co., Inc.","14030 Kildare Ave, Crestwood, IL, 60418 USA",3129645233,cmanning@paloselectric.com,http://paloselectric.com/,Chris Manning,https://evitp.org/illinois/listing/palos-electric-co-inc,evitp.org,2026-08-31
39.115158,-90.315221,illinois,"Pointer Electric, Inc.","P.O. Box 119, 525 Mound Street, Jerseyville, IL. 62052, USA",6184982333,pointerelectric@gtec.com,,Eric Pointer or Dave Burns,https://evitp.org/illinois/listing/pointer-electric-inc,evitp.org,2026-08-31
41.92339,-87.865559,illinois,"Premier Electric Co., Inc.","2424 Rose Street, Franklin Park, IL 60131, USA",7737757555,margaret@premierelectricco.net,http://www.premierelectriccoinc.com/,Margaret Martin,https://evitp.org/illinois/listing/premier-electric-co-inc,evitp.org,2026-08-31
40.633125,-89.398528,illinois,"Premiere Electric, Inc.","Illinois, USA",8124291122,dave@premierelectricinc.us,https://premierelectricinc.net/,David J. White,https://evitp.org/illinois/listing/premiere-electric-inc,evitp.org,2026-08-31
40.633125,-89.398528,illinois,PrimeTech Automation,"Illinois, USA",5804301514,jonnier@primetechtx.com,https://primetechtx.com/,,https://evitp.org/illinois/listing/primetech-automation,evitp.org,2026-08-31
38.600326,-89.971119,illinois,Pyramid Electrical,"300 Monticello Place, Fairview Heights, IL, USA",6185142274,dlange@pyramidelectrical.com,https://pyramidelectrical.com/,Dave Lange,https://evitp.org/illinois/listing/pyramid-electrical,evitp.org,2026-08-31
41.91927,-87.684751,illinois,"Rise Electric, LLC.","2057 North Oakley Avenue, Chicago, IL, 60647, USA",7083050075,dannissen@riseelec.com,,Dan Nissen,https://evitp.org/illinois/listing/rise-electric-llc,evitp.org,2026-08-31
41.705316,-87.681967,illinois,Rocha Electric Company,"10336 South Western Avenue, Chicago, IL, 60643, USA",7086551996,alberto@rocha-electric.com,https://www.rocha-electric.com/,Alberto Rocha,https://evitp.org/illinois/listing/rocha-electric-company,evitp.org,2026-08-31
39.840315,-88.9548,illinois,"Ruyle Mechanical Services, Inc","Decatur, IL, USA",13092670838,gclark@ruylecorp.com,https://ruylecorp.com/,Gary J Clark,https://evitp.org/illinois/listing/ruyle-mechanical-services-inc-3,evitp.org,2026-08-31
40.700104,-89.574889,illinois,"Ruyle Mechanical Services, Inc.","201 Spring Street, Suite B., Peoria, IL,61603 USA",3092670838,gclark@ruylecorp.com,https://ruylecorp.com/,Gary J. Clark,https://evitp.org/illinois/listing/ruyle-mechanical-services-inc,evitp.org,2026-08-31
40.567539,-89.640658,illinois,"Ruyle Mechanical Services, Inc.","Pekin, IL, USA",3092670838,gclark@ruylecorp.com,https://ruylecorp.com/,Gary J Clark,https://evitp.org/illinois/listing/ruyle-mechanical-services-inc-1,evitp.org,2026-08-31
40.484203,-88.993687,illinois,"Ruyle Mechanical Services, Inc.","Bloomington, IL, USA",13092670838,gclark@ruylecorp.com,https://ruylecorp.com/,Gary J Clark,https://evitp.org/illinois/listing/ruyle-mechanical-services-inc-2,evitp.org,2026-08-31
41.878114,-87.761634,illinois,Sargent Electric Company,"Chicago, Illinois, USA",4123947600,info@sargentelectric.com,https://www.sargentelectric.com/,Tim Snyder,https://evitp.org/illinois/listing/sargent-electric-company,evitp.org,2026-08-31
42.009327,-87.877585,illinois,"Sentinel Electrical Solution, Inc.","2418 Birch Street, Des Plaines, IL 60018, USA",7738958853,sentinelelectricalsolution@gmail.com,,Bartlomiej Cetnarowski,https://evitp.org/illinois/listing/sentinel-electrical-solution-inc,evitp.org,2026-08-31
42.017055,-87.967755,illinois,"Shamrock Electric , Co. Inc.","1281 Brummel Avenue, Elk Grove Village, IL, 60007, USA",8475936070,jbassel@shamrockelectric.com,https://shamrockelectric.com/,,https://evitp.org/illinois/listing/shamrock-electric-co-inc,evitp.org,2026-08-31
41.729694,-87.548177,illinois,Sharlen Electric Company,"9101 South Baltimore Avenue, Chicago, IL, 60617, USA",7737210700,wjc@sharlen.com,https://www.sharlen.com/,"William J. Cullen, III",https://evitp.org/illinois/listing/sharlen-electric-company,evitp.org,2026-08-31
41.779617,-87.70911,illinois,"StayLitt Electric, LLC","3427 W 62nd Pl, Chicago, IL, 60629, USA",8886636634,staylittc@yahoo.com,https://staylittelectric.com/,Christopher Garza,https://evitp.org/illinois/listing/staylitt-electric-llc,evitp.org,2026-08-31
42.116962,-87.860442,illinois,"Sterling Industrial, LLC","Illinois, USA",8124927118,jhayden@sterlingindustrialllc.com,https://www.sterlingindustrialllc.com/,Jeff Hayden,https://evitp.org/illinois/listing/sterling-industrial-llc,evitp.org,2026-08-31
41.895433,-87.733809,illinois,"Super Electric Construction, Co.","4300 W Chicago Ave, Chicago, IL 60651, USA",7734894400,kkarrasch@superelec.com,http://superelec.com/,Karl Karrasch,https://evitp.org/illinois/listing/super-electric-construction-co,evitp.org,2026-08-31
42.188935,-88.220638,illinois,Swanson's Home Preservation,"402 Lexington Ave, Fox River Grove, IL 60021, USA",3312289044,turboswan77@icloud.com,https://swansonshomepreservation.com/,Alexander Swanson,https://evitp.org/illinois/listing/swansons-home-preservation,evitp.org,2026-08-31
41.752918,-87.585354,illinois,Taylor Electric Company,"7811 South Stony Island Avenue, Chicago, IL, 60649, USA",7733465658,,http://taylorelectricco.com/,Christopher Warke,https://evitp.org/illinois/listing/taylor-electric-company,evitp.org,2026-08-31
41.602832,-87.610885,illinois,The BarTech Group,"236 East 161st Place, South Holland, IL, 60473, USA",7734102566,d.camacho@barttechgroup.biz,http://www.thebartechgroup.biz/,David Camacho,https://evitp.org/illinois/listing/the-bartech-group,evitp.org,2026-08-31
40.633125,-89.398528,illinois,The Oscar W. Larson Company,"Illinois, USA",8103974757,justin.spence@owlservices.com,https://www.larsonco.com/,Justin Spence,https://evitp.org/illinois/listing/the-oscar-w-larson-company,evitp.org,2026-08-31
40.633125,-89.398528,illinois,The State Group Industrial (USA) Limited,"Illinois, USA",5869921572,Michigan.estimating@stategroup.com,https://stategroup.com/,Gino Robinet – Statewide Coordinator,https://evitp.org/illinois/listing/the-state-group-industrial-usa-limited,evitp.org,2026-08-31
41.878114,-87.629798,illinois,"Tilson Technology Management, Inc.","Chicago, IL, USA",4343901227,jaman@tilsontech.com,https://tilsontech.com/,Jeffrey Aman,https://evitp.org/illinois/listing/tilson-technology-management-inc,evitp.org,2026-08-31
40.633125,-89.398528,illinois,Treehouse,"Illinois, USA",3235776795,hello@treehouse.pro,https://treehouse.pro/,Cullen Peters,https://evitp.org/illinois/listing/treehouse,evitp.org,2026-08-31
41.985318,-88.204081,illinois,"Tri-State Electric, LLC","7N647 Illinois Route 59, Bartlett, IL, 60103, USA",2247032600,office@tristateelectric.net,,William Mayer,https://evitp.org/illinois/listing/tri-state-electric-llc,evitp.org,2026-08-31
40.501731,-89.023795,illinois,"Wilcox Electric & Service, Inc.","1833 West Hovey Avenue, Normal, IL, 61761 USA",3094527099,jeremy@wilcoxelectric.com,https://wilcoxelectric.com/,Jeremy Wilcox,https://evitp.org/illinois/listing/wilcox-electric-service-inc,evitp.org,2026-08-31
42.26859,-89.090573,illinois,Wilson Electric Company,"113 South Madison Street, Rockford, IL, 61104, USA",8158476269,ftarara@wilsonelectricco.com,https://www.wilsonelectricco.com/,Francesco Tarara,https://evitp.org/illinois/listing/wilson-electric-company,evitp.org,2026-08-31
40.620392,-89.277899,illinois,"Zeller Electric, Inc.","7 Legacy Drive, Goodfield, IL, 61742, USA",3092632353204,brieke@zeller-electric.com,https://www.zeller-electric.com/,"Brian Rieke              
             
                             
         
     
 
     
     
         
             
                  Redo search when map moved 
             
              
         
     
 
 
 
 
     
         Showing 89 results 
     
  
 
 											 

									 
					 
			 
   
    

	 
		 

			 
	 
		
		 
			 

				
 
			 
			 			  
	   


 
 

 
	   


The Electric Vehicle Infrastructure Training Program (EVITP) provides training and certification for electricians installing electric vehicle supply equipment (EVSE).  
		 		 
			 
					 
			 
			 			  
		 		 
			 
			  Contact Info 			  
	 
		 
			  		 
	 
	  Canada: www.NETCO.org 
 

 
	 
		 
			  		 
	 
	  United States:  EVITP, 811 N. Main Street, Suite 202,                     Royal Oak, MI  48067
 
 

 
	 
		 
			  		 
	 
	   info@evitp.org 
  
		 		 
	 			 
		 
		 
 


 
			 
			 

			
			 

			 
	 
		 Copyright © 2026 EVITP - ALL RIGHTS RESERVED -  TERMS OF USE  	 
	 
			 
 
			 

				 
		 
	 
		 
	 

   
   
 
{""prefetch"":[{""source"":""document"",""where"":{""and"":[{""href_matches"":""/*""},{""not"":{""href_matches"":[""/wp-*.php"",""/wp-admin/*"",""/wp-content/uploads/*"",""/wp-content/*"",""/wp-content/plugins/*"",""/wp-content/themes/siennawp/*"",""/*\\?(.+)""]}},{""not"":{""selector_matches"":""a[rel~=\""nofollow\""]""}},{""not"":{""selector_matches"":"".no-prefetch, .no-prefetch a""}}]},""eagerness"":""conservative""}]}
 
		  
		 
jQuery(document).ready(function($) {
SABAI.init($(""#sabai-content""));
});
   
  
  
  
  
  
  
 
wp.i18n.setLocaleData( { 'text direction\u0004ltr': [ 'ltr' ] } );
//# sourceURL=wp-i18n-js-after
 
  
 
var wpcf7 = {
    ""api"": {
        ""root"": ""https:\/\/evitp.org\/wp-json\/"",
        ""namespace"": ""contact-form-7\/v1""
    }
};
//# sourceURL=contact-form-7-js-before
 
  
 
var cf7appsHoneypotRefill = {""forceRefillOnInit"":""""};
//# sourceURL=cf7apps-honeypot-refill-js-extra
 
  
  
  
 
var mejsL10n = {""language"":""en"",""strings"":{""mejs.download-file"":""Download File"",""mejs.install-flash"":""You are using a browser that does not have Flash player enabled or installed. Please turn on your Flash player plugin or download the latest version from https://get.adobe.com/flashplayer/"",""mejs.fullscreen"":""Fullscreen"",""mejs.play"":""Play"",""mejs.pause"":""Pause"",""mejs.time-slider"":""Time Slider"",""mejs.time-help-text"":""Use Left/Right Arrow keys to advance one second, Up/Down arrows to advance ten seconds."",""mejs.live-broadcast"":""Live Broadcast"",""mejs.volume-help-text"":""Use Up/Down Arrow keys to increase or decrease volume."",""mejs.unmute"":""Unmute"",""mejs.mute"":""Mute"",""mejs.volume-slider"":""Volume Slider"",""mejs.video-player"":""Video Player"",""mejs.audio-player"":""Audio Player"",""mejs.captions-subtitles"":""Captions/Subtitles"",""mejs.captions-chapters"":""Chapters"",""mejs.none"":""None"",""mejs.afrikaans"":""Afrikaans"",""mejs.albanian"":""Albanian"",""mejs.arabic"":""Arabic"",""mejs.belarusian"":""Belarusian"",""mejs.bulgarian"":""Bulgarian"",""mejs.catalan"":""Catalan"",""mejs.chinese"":""Chinese"",""mejs.chinese-simplified"":""Chinese (Simplified)"",""mejs.chinese-traditional"":""Chinese (Traditional)"",""mejs.croatian"":""Croatian"",""mejs.czech"":""Czech"",""mejs.danish"":""Danish"",""mejs.dutch"":""Dutch"",""mejs.english"":""English"",""mejs.estonian"":""Estonian"",""mejs.filipino"":""Filipino"",""mejs.finnish"":""Finnish"",""mejs.french"":""French"",""mejs.galician"":""Galician"",""mejs.german"":""German"",""mejs.greek"":""Greek"",""mejs.haitian-creole"":""Haitian Creole"",""mejs.hebrew"":""Hebrew"",""mejs.hindi"":""Hindi"",""mejs.hungarian"":""Hungarian"",""mejs.icelandic"":""Icelandic"",""mejs.indonesian"":""Indonesian"",""mejs.irish"":""Irish"",""mejs.italian"":""Italian"",""mejs.japanese"":""Japanese"",""mejs.korean"":""Korean"",""mejs.latvian"":""Latvian"",""mejs.lithuanian"":""Lithuanian"",""mejs.macedonian"":""Macedonian"",""mejs.malay"":""Malay"",""mejs.maltese"":""Maltese"",""mejs.norwegian"":""Norwegian"",""mejs.persian"":""Persian"",""mejs.polish"":""Polish"",""mejs.portuguese"":""Portuguese"",""mejs.romanian"":""Romanian"",""mejs.russian"":""Russian"",""mejs.serbian"":""Serbian"",""mejs.slovak"":""Slovak"",""mejs.slovenian"":""Slovenian"",""mejs.spanish"":""Spanish"",""mejs.swahili"":""Swahili"",""mejs.swedish"":""Swedish"",""mejs.tagalog"":""Tagalog"",""mejs.thai"":""Thai"",""mejs.turkish"":""Turkish"",""mejs.ukrainian"":""Ukrainian"",""mejs.vietnamese"":""Vietnamese"",""mejs.welsh"":""Welsh"",""mejs.yiddish"":""Yiddish""}};
//# sourceURL=mediaelement-core-js-before
 
  
  
 
var _wpmejsSettings = {""pluginPath"":""/wp-includes/js/mediaelement/"",""classPrefix"":""mejs-"",""stretching"":""responsive"",""audioShortcodeLibrary"":""mediaelement"",""videoShortcodeLibrary"":""mediaelement""};
//# sourceURL=mediaelement-js-extra
 
  
  
  
  
  
  
  
  
  
  
  
  
  
  
  
  
  
  
  
  
  
  
  
  
  
  
  
  
  
  
  
  
 
var mkdfGlobalVars = {""vars"":{""mkdfAddForAdminBar"":0,""mkdfElementAppearAmount"":-150,""mkdfFinishedMessage"":""No more posts"",""mkdfMessage"":""Loading new posts..."",""mkdfTopBarHeight"":42,""mkdfStickyHeaderHeight"":0,""mkdfStickyHeaderTransparencyHeight"":60,""mkdfLogoAreaHeight"":0,""mkdfMenuAreaHeight"":131,""mkdfMobileHeaderHeight"":100}};
var mkdfPerPageVars = {""vars"":{""mkdfStickyScrollAmount"":450,""mkdfStickyScrollAmountFullScreen"":false,""mkdfHeaderTransparencyHeight"":0}};
//# sourceURL=sienna-mikado-modules-js-extra
 
  
  
  
 
var mkdfLike = {""ajaxurl"":""https://evitp.org/wp-admin/admin-ajax.php""};
//# sourceURL=sienna-mikado-like-js-extra
 
  
 
var GEM = {""thankyou"":""Thank you for signing up!"",""thankyou_suppressed"":""Thank you for signing up! Please check your email to confirm your subscription."",""oops"":""Oops! There was a problem. Please try again."",""email"":""Please enter a valid email address."",""required"":""%s is a required field.""};
//# sourceURL=gem-main-js-extra
 
  
  
  
 
var wpcf7_recaptcha = {
    ""sitekey"": ""6LdAGgcgAAAAALmBeuQZgYH6HTEI3KlPBF86-YxA"",
    ""actions"": {
        ""homepage"": ""homepage"",
        ""contactform"": ""contactform""
    }
};
//# sourceURL=wpcf7-recaptcha-js-before
 
  
 
{""baseUrl"":""https://s.w.org/images/core/emoji/17.0.2/72x72/"",""ext"":"".png"",""svgUrl"":""https://s.w.org/images/core/emoji/17.0.2/svg/"",""svgExt"":"".svg"",""source"":{""concatemoji"":""https://evitp.org/wp-includes/js/wp-emoji-release.min.js?ver=7.0.4""}}
 
 
/*! This file is auto-generated */
var e=""script#wp-emoji-settings"",t=document.querySelector(e);if(!(t instanceof HTMLScriptElement))throw new Error(""Element missing: ""+e);const r=JSON.parse(t.text),s=(window._wpemojiSettings=r,""wpEmojiSettingsSupports""),o=[""flag"",""emoji""];function i(e){try{var t={supportTests:e,timestamp:(new Date).valueOf()};sessionStorage.setItem(s,JSON.stringify(t))}catch(e){}}function c(e,t,n){e.clearRect(0,0,e.canvas.width,e.canvas.height),e.fillText(t,0,0);t=new Uint32Array(e.getImageData(0,0,e.canvas.width,e.canvas.height).data);e.clearRect(0,0,e.canvas.width,e.canvas.height),e.fillText(n,0,0);const r=new Uint32Array(e.getImageData(0,0,e.canvas.width,e.canvas.height).data);return t.every((e,t)=>e===r[t])}function p(e,t){e.clearRect(0,0,e.canvas.width,e.canvas.height),e.fillText(t,0,0);var n=e.getImageData(16,16,1,1);for(let e=0;e {o[e]=t(s,e,n,r)}),o}function a(e){var t=document.createElement(""script"");t.src=e,t.defer=!0,document.head.appendChild(t)}r.supports={everything:!0,everythingExceptFlag:!0},new Promise(t=>{let n=function(){try{var e=JSON.parse(sessionStorage.getItem(s));if(""object""==typeof e&&""number""==typeof e.timestamp&&(new Date).valueOf() {i(n=e.data),a.terminate(),t(n)})}catch(e){}i(n=f(o,u,c,p))}t(n)}).then(e=>{for(const n in e)r.supports[n]=e[n],r.supports.everything=r.supports.everything&&r.supports[n],""flag""!==n&&(r.supports.everythingExceptFlag=r.supports.everythingExceptFlag&&r.supports[n]);var t;r.supports.everythingExceptFlag=r.supports.everythingExceptFlag&&!r.supports.flag,r.supports.everything||((t=r.source||{}).concatemoji?a(t.concatemoji):t.wpemoji&&t.twemoji&&(a(t.twemoji),a(t.wpemoji)))});
//# sourceURL=https://evitp.org/wp-includes/js/wp-emoji-loader.min.js
 
 			  
			 
				/* @v3-js:start */
					let c4wp_onloadCallback = function() {
						for ( var i = 0; i   {
						if ( typeof jQuery !== 'undefined' && jQuery( 'input[id*=""c4wp-wc-checkout""]' ).length ) {
							var element = document.createElement('div');
							var html = '     ';
							element.innerHTML = html;
							jQuery( '[class*=""c4wp-wc-checkout""]' ).append( element );
							jQuery( '[class*=""c4wp-wc-checkout""]' ).find('*').off();
							c4wp_onloadCallback();
						}
					});
				/* @v3-js:end */",https://evitp.org/illinois/listing/zeller-electric-inc,evitp.org,2026-08-31
41.521013,-87.419155,indiana,"Austgen Electric, Inc.","801 East Main Street, Griffith, IN, 46319, USA",2199247528,evcharging@austgen.com,https://www.austgen.com/,Lucas Howard,https://evitp.org/indiana/listing/austgen-electric-inc,evitp.org,2026-08-31
40.267194,-86.134902,indiana,"Beltline Electric Co., Inc.","Indiana, USA",12709297118,rdaniel@beltlineservices.com,https://beltlineelectric.com/,Roger Daniel,https://evitp.org/indiana/listing/beltline-electric-co-inc,evitp.org,2026-08-31
37.966291,-87.493318,indiana,Completely Wired Inc.,"4720 Bayard Park Drive, Evansville, IN 47714, USA",8124769473,office@completelywiredinc.com,http://completelywiredinc.com/,Brittany Elliot,https://evitp.org/indiana/listing/completely-wired-inc,evitp.org,2026-08-31
40.267194,-86.134902,indiana,"Decker Electric, Inc.","Indiana, USA",13162658182,bwilson@decker-electric.com,https://www.decker-electric.com/,Ben Wilson,https://evitp.org/indiana/listing/decker-electric-inc,evitp.org,2026-08-31
40.267194,-86.134902,indiana,Delta Services,"Indiana, USA",5026646199,,https://deltaservicesllc.com/,Greg Simpson,https://evitp.org/indiana/listing/delta-services,evitp.org,2026-08-31
32.322874,-86.911911,indiana,"Doleac Electric Company, Inc.","Alabama, USA",6015442052,larryd@deolac.com,http://doleac.com/,Larry Doleac,https://evitp.org/indiana/listing/doleac-electric-company-inc,evitp.org,2026-08-31
41.636045,-87.047164,indiana,"Ellis Electric, Inc.","1495 N Tremont Rd, Chesterton, IN, 46304, USA",2199267400,erron@elliselectricnwi.com,https://www.elliselectricnwi.com/,Erron Ellis,https://evitp.org/indiana/listing/ellis-electric-inc,evitp.org,2026-08-31
41.558003,-87.46477,indiana,"Emcor Hyre Electric Company of Indiana, inc.","2655 Garfield Avenue, Highland, IN, 46322, USA",2199236100,msummers@emcorhyre.com,https://emcorhyre.com/,Matt Summers,https://evitp.org/indiana/listing/emcor-hyre-electric-company-of-indiana-inc,evitp.org,2026-08-31
41.104506,-85.182846,indiana,Hi-Tech Electric Company,"3103 Cannongate Drive, Fort Wayne, IN, 46808 USA",2693304857,bodonnell@hi-techelectric.net,https://www.hi-techelectric.net/,Brian O’Donnell,https://evitp.org/indiana/listing/hi-tech-electric-company,evitp.org,2026-08-31
41.093262,-85.023346,indiana,"J Ranck Electric, Inc.","Allen County, IN, USA      Indianapolis, IN, USA      Lafayette, IN, USA      South Bend, IN, USA",19312074354,swalker@jranck.com,https://www.jranck.com/,Scott Walker,https://evitp.org/indiana/listing/j-ranck-electric-inc,evitp.org,2026-08-31
39.798582,-86.138445,indiana,"M&M Service Station Equipment Specialist, Inc.","2228 Yandes Street, Indianapolis, IN, 46205, USA",8597810402,jay.frisk@mid-valleysupply.com,https://mid-valleysupply.com/,,https://evitp.org/indiana/listing/mm-service-station-equipment-specialist-inc,evitp.org,2026-08-31
39.829875,-86.151381,indiana,Miller Electric Company,"Indiana, USA",9048324423,mhall@mecojax.com,https://www.mecojax.com/,Mike Hall,https://evitp.org/indiana/listing/miller-electric-company,evitp.org,2026-08-31
37.991863,-87.524458,indiana,"Morton Electric, LLC","2166 East Morgan Avenue, Evansville, IN, 47711, USA",8124020900105,,https://www.mortonsolar.com/,Hannah Jaramillo,https://evitp.org/indiana/listing/morton-electric-llc,evitp.org,2026-08-31
40.267194,-86.134902,indiana,Muska Electric Company,"Indiana, USA",16516365820,tolson@muskaelectric.com,https://www.muskacompanies.com/,Ted Olson,https://evitp.org/indiana/listing/muska-electric-company,evitp.org,2026-08-31
37.994002,-87.540783,indiana,Premier Electric Inc.,"1274 Maxwell Avenue, Evansville, IN, 47711, USA",8124291122,dave@premierelectricinc.us,https://premierelectricinc.net/,,https://evitp.org/indiana/listing/premier-electric-inc,evitp.org,2026-08-31
41.628984,-87.465505,indiana,Sargent Electric Company,"601 East Chicago Avenue, East Chicago, IN, 46312,  USA",4123947600,info@sargentelectric.com,https://www.sargentelectric.com/,Tim Snyder,https://evitp.org/indiana/listing/sargent-electric-company,evitp.org,2026-08-31
39.897337,-86.134902,indiana,SG Energy Solutions,"Indiana, USA",3134028816,dsiders@sgenergysolutions.com,https://www.sg-solutionsgroup.com/,Desmen Siders,https://evitp.org/indiana/listing/sg-energy-solutions,evitp.org,2026-08-31
41.14939,-85.147288,indiana,"Shambaugh and Son, L.P.","7614 Opportunity Drive, Fort Wayne, IN, 46805USA",2604877846,dhearld@shambaugh.com,https://shambaugh.com/,Douglas M. Hearld,https://evitp.org/indiana/listing/shambaugh-and-son-l-p,evitp.org,2026-08-31
37.988502,-87.57518,indiana,"Sims Electrical, Plumbing and Mechanical","1122 North First Avenue, Evansville, IN, 47710, USA",8126479990,jhoward@simselco.com,https://www.simselectriccompany.com/,Joe Howard,https://evitp.org/indiana/listing/sims-electrical-plumbing-and-mechanical,evitp.org,2026-08-31
38.668927,-87.529693,indiana,"Skill Electric, LLC","1236 Bayou St, Vincennes, IN, 47591 USA",8128824344,cy@skillelectric.com,http://www.skillelectric.com/,Clark Young,https://evitp.org/indiana/listing/skill-electric-llc,evitp.org,2026-08-31
40.267194,-86.134902,indiana,"State Electric Company, Inc.","Indiana, USA",8669768890,gregc@statecontractingus.com,https://www.stateelectriccompany.net/,,https://evitp.org/indiana/listing/state-electric-company-inc,evitp.org,2026-08-31
37.989549,-87.478,indiana,"Sterling Industrial, LLC.","1420 Kimber Lane, P.O. Box 8004 Evansville, IN. 47715, USA",8124927118,jhayden@sterlingindustrialllc.com,https://www.sterlingindustrialllc.com/,Jeff Hayden,https://evitp.org/indiana/listing/sterling-industrial-llc,evitp.org,2026-08-31
41.451933,-87.318774,indiana,"Sweney Electric Company, Inc.","9111 Louisiana Street, Merrillville, IN 46410, USA",2194696007,eseverson@sweneyelectric.com,https://sweneyelectric.com/,Eric Severson,https://evitp.org/indiana/listing/sweney-electric-company-inc,evitp.org,2026-08-31
39.491967,-87.382149,indiana,Team Tech,"2367 Maple Avenue, Terre Haute, IN, 47804 USA",8127738326,shawn@teamtech1.com,https://teamtech1.com/,Shawn White,https://evitp.org/indiana/listing/team-tech,evitp.org,2026-08-31
39.768403,-86.158068,indiana,The Oscar W Larson Company,"Indiana, USA",8103974757,justin.spence@owlservices.com,https://www.larsonco.com/,Justin Spence,https://evitp.org/indiana/listing/the-oscar-w-larson-company,evitp.org,2026-08-31
40.267194,-86.134902,indiana,The State Group Industrial (USA) Limited,"Indiana, USA",5869921572,Michigan.estimating@stategroup.com,https://stategroup.com/,Gino Robinet – Statewide Coordinator,https://evitp.org/indiana/listing/the-state-group,evitp.org,2026-08-31
40.267194,-86.134902,indiana,"Whitehead Electric Co., Inc.","Indiana, USA",2709522307,robertw@whitehead-electric.com,http://whitehead-electric.com/,"Robert Whitehead              
             
                             
         
     
 
         
     
     
         
             
                  Redo search when map moved 
             
              
         
     
 
 
 
 
     
         Showing 27 results 
     
  
 
 											 

									 
					 
			 
   
    

	 
		 

			 
	 
		
		 
			 

				
 
			 
			 			  
	   


 
 

 
	   


The Electric Vehicle Infrastructure Training Program (EVITP) provides training and certification for electricians installing electric vehicle supply equipment (EVSE).  
		 		 
			 
					 
			 
			 			  
		 		 
			 
			  Contact Info 			  
	 
		 
			  		 
	 
	  Canada: www.NETCO.org 
 

 
	 
		 
			  		 
	 
	  United States:  EVITP, 811 N. Main Street, Suite 202,                     Royal Oak, MI  48067
 
 

 
	 
		 
			  		 
	 
	   info@evitp.org 
  
		 		 
	 			 
		 
		 
 


 
			 
			 

			
			 

			 
	 
		 Copyright © 2026 EVITP - ALL RIGHTS RESERVED -  TERMS OF USE  	 
	 
			 
 
			 

				 
		 
	 
		 
	 

   
   
 
{""prefetch"":[{""source"":""document"",""where"":{""and"":[{""href_matches"":""/*""},{""not"":{""href_matches"":[""/wp-*.php"",""/wp-admin/*"",""/wp-content/uploads/*"",""/wp-content/*"",""/wp-content/plugins/*"",""/wp-content/themes/siennawp/*"",""/*\\?(.+)""]}},{""not"":{""selector_matches"":""a[rel~=\""nofollow\""]""}},{""not"":{""selector_matches"":"".no-prefetch, .no-prefetch a""}}]},""eagerness"":""conservative""}]}
 
		  
		 
jQuery(document).ready(function($) {
SABAI.init($(""#sabai-content""));
});
   
  
  
  
  
  
  
 
wp.i18n.setLocaleData( { 'text direction\u0004ltr': [ 'ltr' ] } );
//# sourceURL=wp-i18n-js-after
 
  
 
var wpcf7 = {
    ""api"": {
        ""root"": ""https:\/\/evitp.org\/wp-json\/"",
        ""namespace"": ""contact-form-7\/v1""
    }
};
//# sourceURL=contact-form-7-js-before
 
  
 
var cf7appsHoneypotRefill = {""forceRefillOnInit"":""""};
//# sourceURL=cf7apps-honeypot-refill-js-extra
 
  
  
  
 
var mejsL10n = {""language"":""en"",""strings"":{""mejs.download-file"":""Download File"",""mejs.install-flash"":""You are using a browser that does not have Flash player enabled or installed. Please turn on your Flash player plugin or download the latest version from https://get.adobe.com/flashplayer/"",""mejs.fullscreen"":""Fullscreen"",""mejs.play"":""Play"",""mejs.pause"":""Pause"",""mejs.time-slider"":""Time Slider"",""mejs.time-help-text"":""Use Left/Right Arrow keys to advance one second, Up/Down arrows to advance ten seconds."",""mejs.live-broadcast"":""Live Broadcast"",""mejs.volume-help-text"":""Use Up/Down Arrow keys to increase or decrease volume."",""mejs.unmute"":""Unmute"",""mejs.mute"":""Mute"",""mejs.volume-slider"":""Volume Slider"",""mejs.video-player"":""Video Player"",""mejs.audio-player"":""Audio Player"",""mejs.captions-subtitles"":""Captions/Subtitles"",""mejs.captions-chapters"":""Chapters"",""mejs.none"":""None"",""mejs.afrikaans"":""Afrikaans"",""mejs.albanian"":""Albanian"",""mejs.arabic"":""Arabic"",""mejs.belarusian"":""Belarusian"",""mejs.bulgarian"":""Bulgarian"",""mejs.catalan"":""Catalan"",""mejs.chinese"":""Chinese"",""mejs.chinese-simplified"":""Chinese (Simplified)"",""mejs.chinese-traditional"":""Chinese (Traditional)"",""mejs.croatian"":""Croatian"",""mejs.czech"":""Czech"",""mejs.danish"":""Danish"",""mejs.dutch"":""Dutch"",""mejs.english"":""English"",""mejs.estonian"":""Estonian"",""mejs.filipino"":""Filipino"",""mejs.finnish"":""Finnish"",""mejs.french"":""French"",""mejs.galician"":""Galician"",""mejs.german"":""German"",""mejs.greek"":""Greek"",""mejs.haitian-creole"":""Haitian Creole"",""mejs.hebrew"":""Hebrew"",""mejs.hindi"":""Hindi"",""mejs.hungarian"":""Hungarian"",""mejs.icelandic"":""Icelandic"",""mejs.indonesian"":""Indonesian"",""mejs.irish"":""Irish"",""mejs.italian"":""Italian"",""mejs.japanese"":""Japanese"",""mejs.korean"":""Korean"",""mejs.latvian"":""Latvian"",""mejs.lithuanian"":""Lithuanian"",""mejs.macedonian"":""Macedonian"",""mejs.malay"":""Malay"",""mejs.maltese"":""Maltese"",""mejs.norwegian"":""Norwegian"",""mejs.persian"":""Persian"",""mejs.polish"":""Polish"",""mejs.portuguese"":""Portuguese"",""mejs.romanian"":""Romanian"",""mejs.russian"":""Russian"",""mejs.serbian"":""Serbian"",""mejs.slovak"":""Slovak"",""mejs.slovenian"":""Slovenian"",""mejs.spanish"":""Spanish"",""mejs.swahili"":""Swahili"",""mejs.swedish"":""Swedish"",""mejs.tagalog"":""Tagalog"",""mejs.thai"":""Thai"",""mejs.turkish"":""Turkish"",""mejs.ukrainian"":""Ukrainian"",""mejs.vietnamese"":""Vietnamese"",""mejs.welsh"":""Welsh"",""mejs.yiddish"":""Yiddish""}};
//# sourceURL=mediaelement-core-js-before
 
  
  
 
var _wpmejsSettings = {""pluginPath"":""/wp-includes/js/mediaelement/"",""classPrefix"":""mejs-"",""stretching"":""responsive"",""audioShortcodeLibrary"":""mediaelement"",""videoShortcodeLibrary"":""mediaelement""};
//# sourceURL=mediaelement-js-extra
 
  
  
  
  
  
  
  
  
  
  
  
  
  
  
  
  
  
  
  
  
  
  
  
  
  
  
  
  
  
  
  
  
 
var mkdfGlobalVars = {""vars"":{""mkdfAddForAdminBar"":0,""mkdfElementAppearAmount"":-150,""mkdfFinishedMessage"":""No more posts"",""mkdfMessage"":""Loading new posts..."",""mkdfTopBarHeight"":42,""mkdfStickyHeaderHeight"":0,""mkdfStickyHeaderTransparencyHeight"":60,""mkdfLogoAreaHeight"":0,""mkdfMenuAreaHeight"":131,""mkdfMobileHeaderHeight"":100}};
var mkdfPerPageVars = {""vars"":{""mkdfStickyScrollAmount"":450,""mkdfStickyScrollAmountFullScreen"":false,""mkdfHeaderTransparencyHeight"":0}};
//# sourceURL=sienna-mikado-modules-js-extra
 
  
  
  
 
var mkdfLike = {""ajaxurl"":""https://evitp.org/wp-admin/admin-ajax.php""};
//# sourceURL=sienna-mikado-like-js-extra
 
  
 
var GEM = {""thankyou"":""Thank you for signing up!"",""thankyou_suppressed"":""Thank you for signing up! Please check your email to confirm your subscription."",""oops"":""Oops! There was a problem. Please try again."",""email"":""Please enter a valid email address."",""required"":""%s is a required field.""};
//# sourceURL=gem-main-js-extra
 
  
  
  
 
var wpcf7_recaptcha = {
    ""sitekey"": ""6LdAGgcgAAAAALmBeuQZgYH6HTEI3KlPBF86-YxA"",
    ""actions"": {
        ""homepage"": ""homepage"",
        ""contactform"": ""contactform""
    }
};
//# sourceURL=wpcf7-recaptcha-js-before
 
  
 
{""baseUrl"":""https://s.w.org/images/core/emoji/17.0.2/72x72/"",""ext"":"".png"",""svgUrl"":""https://s.w.org/images/core/emoji/17.0.2/svg/"",""svgExt"":"".svg"",""source"":{""concatemoji"":""https://evitp.org/wp-includes/js/wp-emoji-release.min.js?ver=7.0.4""}}
 
 
/*! This file is auto-generated */
var e=""script#wp-emoji-settings"",t=document.querySelector(e);if(!(t instanceof HTMLScriptElement))throw new Error(""Element missing: ""+e);const r=JSON.parse(t.text),s=(window._wpemojiSettings=r,""wpEmojiSettingsSupports""),o=[""flag"",""emoji""];function i(e){try{var t={supportTests:e,timestamp:(new Date).valueOf()};sessionStorage.setItem(s,JSON.stringify(t))}catch(e){}}function c(e,t,n){e.clearRect(0,0,e.canvas.width,e.canvas.height),e.fillText(t,0,0);t=new Uint32Array(e.getImageData(0,0,e.canvas.width,e.canvas.height).data);e.clearRect(0,0,e.canvas.width,e.canvas.height),e.fillText(n,0,0);const r=new Uint32Array(e.getImageData(0,0,e.canvas.width,e.canvas.height).data);return t.every((e,t)=>e===r[t])}function p(e,t){e.clearRect(0,0,e.canvas.width,e.canvas.height),e.fillText(t,0,0);var n=e.getImageData(16,16,1,1);for(let e=0;e {o[e]=t(s,e,n,r)}),o}function a(e){var t=document.createElement(""script"");t.src=e,t.defer=!0,document.head.appendChild(t)}r.supports={everything:!0,everythingExceptFlag:!0},new Promise(t=>{let n=function(){try{var e=JSON.parse(sessionStorage.getItem(s));if(""object""==typeof e&&""number""==typeof e.timestamp&&(new Date).valueOf() {i(n=e.data),a.terminate(),t(n)})}catch(e){}i(n=f(o,u,c,p))}t(n)}).then(e=>{for(const n in e)r.supports[n]=e[n],r.supports.everything=r.supports.everything&&r.supports[n],""flag""!==n&&(r.supports.everythingExceptFlag=r.supports.everythingExceptFlag&&r.supports[n]);var t;r.supports.everythingExceptFlag=r.supports.everythingExceptFlag&&!r.supports.flag,r.supports.everything||((t=r.source||{}).concatemoji?a(t.concatemoji):t.wpemoji&&t.twemoji&&(a(t.twemoji),a(t.wpemoji)))});
//# sourceURL=https://evitp.org/wp-includes/js/wp-emoji-loader.min.js
 
 			  
			 
				/* @v3-js:start */
					let c4wp_onloadCallback = function() {
						for ( var i = 0; i   {
						if ( typeof jQuery !== 'undefined' && jQuery( 'input[id*=""c4wp-wc-checkout""]' ).length ) {
							var element = document.createElement('div');
							var html = '     ';
							element.innerHTML = html;
							jQuery( '[class*=""c4wp-wc-checkout""]' ).append( element );
							jQuery( '[class*=""c4wp-wc-checkout""]' ).find('*').off();
							c4wp_onloadCallback();
						}
					});
				/* @v3-js:end */",https://evitp.org/indiana/listing/whitehead-electric-co-inc,evitp.org,2026-08-31
41.878003,-93.097702,iowa,"Ace Electrical Contractors, Inc.","Iowa, USA",7636948800,palml@aceelectrical.net,http://aceelectrical.net/,Parry Palm,https://evitp.org/iowa/listing/ace-electrical-contractors-inc,evitp.org,2026-08-31
41.888454,-91.682703,iowa,Acme Electric Company,"1060 Capital Drive Southwest, Cedar Rapids, IA 52404, USA",3194311394,jfeltes@acmeelectric.com,https://acmeelectric.com/,John Feltes,https://evitp.org/iowa/listing/acme-electric-company,evitp.org,2026-08-31
41.878003,-93.097702,iowa,"Aldridge Electric, Inc.","Iowa, USA",18472761127,ggiovannetti@aldridgegroup.com,https://www.aldridgegroup.com/,Gina Giovannetti,https://evitp.org/iowa/listing/aldridge-electric-inc,evitp.org,2026-08-31
41.575516,-93.613018,iowa,"Baker Electric, Inc.","111 Jackson Avenue, Des Moines, IA, USA",5152886774,lbeard@bakerelectric.com,https://bakerelectric.com/,Jeremy Soenen,https://evitp.org/iowa/listing/baker-electric-inc,evitp.org,2026-08-31
41.878003,-93.097702,iowa,"Decker Electric, Inc.","Iowa, USA",13162658182,bwilson@decker-electric.com,https://www.decker-electric.com/,Ben Wilson,https://evitp.org/iowa/listing/decker-electric-inc,evitp.org,2026-08-31
41.586835,-93.624959,iowa,Egan Company,"Des Moines, IA, USA",7635444131,mat@eganco.com,https://www.eganco.com/,Michael Tengwall,https://evitp.org/iowa/listing/egan-company,evitp.org,2026-08-31
41.974943,-91.662216,iowa,"Justice Electric, Co.","312 7th Street, Cedar Rapids, IA. 52401, USA",3193661546,info@justiceelectric.com,https://justiceelectric.com/,Joe Justice,https://evitp.org/iowa/listing/justice-electric-co,evitp.org,2026-08-31
41.41781,-91.053619,iowa,Kilburn Electric,"716 W 3rd St, Muscatine, IA 52761",5635544396,kilburnelectric@gmail.com,https://kilburnelectric.co/,Jacob Kilburn,https://evitp.org/iowa/listing/kilburn-electric,evitp.org,2026-08-31
41.618168,-93.602524,iowa,Miller Electric Company,"IA, USA",9048324423,mhall@mecojax.com,https://www.mecojax.com/,Mike Hall,https://evitp.org/iowa/listing/miller-electric-company,evitp.org,2026-08-31
41.463478,-75.64224,iowa,Munson Electric,"1704 Commerce Blvd, Hiawatha, IA USA, 52233",3194318251,mfeltman@munsonelectric.com,https://munsonelectric.com/,Michael Feltman,https://evitp.org/iowa/listing/munson-electric,evitp.org,2026-08-31
41.878003,-93.097702,iowa,Muska Electric Company,"Iowa, USA",16516365820,tolson@muskaelectric.com,https://www.muskacompanies.com/,Ted Olson,https://evitp.org/iowa/listing/muska-electric-company,evitp.org,2026-08-31
42.496342,-96.404941,iowa,Muska Electric Company,"Sioux Falls, Iowa, USA",16516365820,tolson@muskaelectric.com,https://www.muskacompanies.com/,Ted Olson,https://evitp.org/iowa/listing/muska-electric-company-1,evitp.org,2026-08-31
41.878003,-93.097702,iowa,NEI Electric,"Iowa, USA",6512873137,vmathson@neielectric.com,http://www.neielectric.com/,Van Mathson,https://evitp.org/iowa/listing/nei-electric,evitp.org,2026-08-31
41.96364,-91.678081,iowa,"Nelson Electric, Co.","618 14th Ave SW, Cedar Rapids, IA, USA",3193666257,info@nelsonelectric.com,https://www.nelsonelectric.com/,Justin Kress,https://evitp.org/iowa/listing/nelson-electric-co,evitp.org,2026-08-31
41.650602,-93.629165,iowa,New River Electrical Corporation,"Iowa, USA",5405267501,ahartsfield@nrec.net,https://www.newriverelectrical.com/,Jonathon Aaron Hartsfield,https://evitp.org/iowa/listing/new-river-electrical-corporation,evitp.org,2026-08-31
41.878003,-93.097702,iowa,P1 Construction,"Iowa, USA",17858432910,glen.herring@p1group.com,https://p1group.com/,Glen Herring,https://evitp.org/iowa/listing/p1-construction,evitp.org,2026-08-31
41.878003,-93.097702,iowa,Parsons Electric,"Iowa, USA",17635287670,brad.bacon@pecsolutions.com,https://www.pecsolutions.com/,Brad Bacon,https://evitp.org/iowa/listing/parsons-electric,evitp.org,2026-08-31
41.681379,-93.636032,iowa,RCE Lighting Energy Technology,"Iowa, USA",8165649135,randys.rce@gmail.com,https://solo.to/randys.rce,Randy Scarborough,https://evitp.org/iowa/listing/rce-lighting-energy-technology,evitp.org,2026-08-31
41.878003,-93.097702,iowa,Retrofit Electric,"Iowa, USA",5074145160,wfry@retrofitcompanies.com,https://retrofitcompanies.com/,Wendy Fry,https://evitp.org/iowa/listing/retrofit-electric,evitp.org,2026-08-31
41.613536,-93.601613,iowa,Sargent Electric Company,"Des Moines, IA, USA",4123947600,info@sargentelectric.com,https://www.sargentelectric.com/,,https://evitp.org/iowa/listing/sargent-electric-company,evitp.org,2026-08-31
41.878003,-93.097702,iowa,"Sun Electric, Inc.","Iowa, USA",17012819140,twanzek@suninc.us,http://www.sunelectricnd.com/,Tyler Wanzek,https://evitp.org/iowa/listing/sun-electric-inc,evitp.org,2026-08-31
41.878003,-93.097702,iowa,The State Group Industrial (USA) Limited,"Iowa, USA",5869921572,Michigan.estimating@stategroup.com,https://stategroup.com/,Gino Robinet – Statewide Coordinator,https://evitp.org/iowa/listing/the-state-group-industrial-usa-limited,evitp.org,2026-08-31
42.497204,-96.379707,iowa,Thompson Electric,"2300 7th Street, Sioux City, IA, 51105, USA",7122524221,brian.spader@thompsonknows.com,https://www.thompsonknows.com/,Brian Spader,https://evitp.org/iowa/listing/thompson-electric,evitp.org,2026-08-31
41.583721,-90.567305,iowa,Tri-City Electric of Iowa,"6225 North Brady Street, Davenport, IA, 52806, USA",5633227181,apalmer@tricityelectric.com,https://www.tricityelectric.com/,Andrew Palmer,https://evitp.org/iowa/listing/tri-city-electric-of-iowa,evitp.org,2026-08-31
41.878003,-93.097702,iowa,Vinco,"Iowa, USA",6514403616,dmcclellan@vinco-inc.com,https://www.vinco-inc.com/,,https://evitp.org/iowa/listing/vinco,evitp.org,2026-08-31
39.554226,-97.890232,kansas,AC Customs LLC,"1704 20th Rd, Jamestown, KS, 66948, USA",7855455629,,https://accustomssolar.com/,Andrew Clark,https://evitp.org/kansas/listing/ac-customs-llc,evitp.org,2026-08-31
37.666059,-97.394122,kansas,"Decker Electric, Inc.","4500 West Harry Street, Wichita, KS, 67209, USA",3162658182,bwilson@decker-electric.com,https://www.decker-electric.com/,Ben Wilson,https://evitp.org/kansas/listing/decker-electric-inc,evitp.org,2026-08-31
38.994506,-95.695972,kansas,DL Smith Electric,"1405 Southwest 41st Street, Topeka, KS, 66609, USA",7852674920,shane.davin@dlsmith.com,https://dlsmith.com/,Shane Davin,https://evitp.org/kansas/listing/dl-smith-electric,evitp.org,2026-08-31
39.011902,-98.484247,kansas,"Dynamic EVC, LLC","Kansas, USA      Johnson County, Kansas      Miami County, Kansas      Emporia, Kansas      Topeka, Kansas      Salina, Kansas      Manhattan, Kansas      Winfield, Kansas",8166828414,nate@dynamicevc.com,https://dynamicevc.com/,Nate Fleener,https://evitp.org/kansas/listing/dynamic-evc-llc,evitp.org,2026-08-31
39.165393,-94.737909,kansas,Joplin Industrial Electric,"Kansas, USA",4179527246,jeff@joplinelectric.com,https://www.joplinelectric.com/,Jeff Cartright,https://evitp.org/kansas/listing/joplin-industrial-electric,evitp.org,2026-08-31
37.698716,-97.337858,kansas,"Linder & Associates, inc.","840 North Main Street, Wichita, KS, 67203, USA",3162651616,bill@linderandassociates.com,https://www.linderandassociates.com/,William Quaney,https://evitp.org/kansas/listing/linder-associates-inc,evitp.org,2026-08-31
39.097369,-94.606981,kansas,Mark One,"1414 Genessee Street, Kansas City, MO 64102, USA",8168427023,joe.privitera@markone.com,http://www.markone.com,Joe Privitera,https://evitp.org/kansas/listing/mark-one,evitp.org,2026-08-31
39.006852,-95.686805,kansas,"McElroy Electric, Inc.","3300 Southwest Topeka Boulevard, Topeka, KS, 66611, USA",7856409429,devan@mcelroys.com,https://mcelroyelectric.com/,Devan Will,https://evitp.org/kansas/listing/mcelroy-electric-inc,evitp.org,2026-08-31
38.845412,-94.852064,kansas,"McElroy Electric, inc.","Johnson County, Kansas, USA",7856409429,devan@mcelroys.com,https://mcelroyelectric.com/,Davan Will,https://evitp.org/kansas/listing/mcelroy-electric-inc-1,evitp.org,2026-08-31
39.465272,-95.736372,kansas,"McElroy Electric, Inc.","Holton, Kansas, USA",17856409429,devan@mcelroys.com,https://mcelroyelectric.com/,Devan Will,https://evitp.org/kansas/listing/mcelroy-electric-inc-2,evitp.org,2026-08-31
39.852503,-95.535816,kansas,"McElroy Electric, Inc.","Hiawatha, Kansas, USA",17856409429,devan@mcelroys.com,https://mcelroyelectric.com/,Devan Will,https://evitp.org/kansas/listing/mcelroy-electric-inc-3,evitp.org,2026-08-31
37.89347,-97.319696,kansas,Miller Electric Company,"Kansas, USA",9048324423,mhall@mecojax.com,https://www.mecojax.com/,Mike Hall,https://evitp.org/kansas/listing/miller-electric-company,evitp.org,2026-08-31
39.011902,-98.484247,kansas,"Noralta Technologies USA, Inc.","Kansas, USA",4053122648,,https://noralta.com/,,https://evitp.org/kansas/listing/noralta-technologies-usa-inc,evitp.org,2026-08-31
38.944749,-95.225852,kansas,P1 Construction,"2151 Haskell Ave, Lawrence, KS, 66046,",7858432910,glen.herring@p1group.com,https://p1group.com/,Glen Herring,https://evitp.org/kansas/listing/p1-construction,evitp.org,2026-08-31
39.563052,-95.121636,kansas,P1 Construction,"Atchison, KS, USA",17858432910,glen.herring@p1group.com,https://p1group.com/,Glen Herring,https://evitp.org/kansas/listing/p1-construction-1,evitp.org,2026-08-31
38.403903,-96.181663,kansas,P1 Construction,"Emporia, KS, USA",17858432910,glen.herring@p1group.com,https://p1group.com/,Glen Herring,https://evitp.org/kansas/listing/p1-construction-2,evitp.org,2026-08-31
39.852503,-95.535816,kansas,P1 Construction,"Hiawatha, KS, USA",17858432910,glen.herring@p1group.com,https://p1group.com/,Glen Herring,https://evitp.org/kansas/listing/p1-construction-3,evitp.org,2026-08-31
37.92448,-95.399981,kansas,P1 Construction,"Iola, KS, USA",17858432910,glen.herring@p1group.com,https://p1group.com/,Glen Herring,https://evitp.org/kansas/listing/p1-construction-4,evitp.org,2026-08-31
38.845412,-94.852064,kansas,P1 Construction,"Johnson County, KS, USA",17858432910,glen.herring@p1group.com,https://p1group.com/,Glen Herring,https://evitp.org/kansas/listing/p1-construction-5,evitp.org,2026-08-31
39.311111,-94.922464,kansas,P1 Construction,"Leavenworth, KS, USA",17858432910,glen.herring@p1group.com,https://p1group.com/,,https://evitp.org/kansas/listing/p1-construction-6,evitp.org,2026-08-31
39.183608,-96.571669,kansas,P1 Construction,"Manhattan, KS, USA",17858432910,glen.herring@p1group.com,https://p1group.com/,,https://evitp.org/kansas/listing/p1-construction-7,evitp.org,2026-08-31
38.615768,-95.268637,kansas,P1 Construction,"Ottawa, KS, USA",17858432910,glen.herring@p1group.com,https://p1group.com/,Glen Herring,https://evitp.org/kansas/listing/p1-construction-8,evitp.org,2026-08-31
37.340338,-95.261084,kansas,P1 Construction,"Parsons, KS, USA",17858432910,glen.herring@p1group.com,https://p1group.com/,,https://evitp.org/kansas/listing/p1-construction-9,evitp.org,2026-08-31
37.221014,-100.89031,kansas,P1 Construction,"Seward County, KS, USA",17858432910,glen.herring@p1group.com,https://p1group.com/,Glen Herring,https://evitp.org/kansas/listing/p1-construction-10,evitp.org,2026-08-31
39.047345,-95.675158,kansas,P1 Construction,"Topeka, KS, USA",17858432910,glen.herring@p1group.com,https://p1group.com/,Glen Herring,https://evitp.org/kansas/listing/p1-construction-11,evitp.org,2026-08-31
39.201941,-96.304998,kansas,P1 Construction,"Wamego, KS, USA",17858432910,glen.herring@p1group.com,https://p1group.com/,Glen Herring,https://evitp.org/kansas/listing/p1-construction-12,evitp.org,2026-08-31
37.2653,-97.371712,kansas,P1 Construction,"Wellington, KS, USA",17858432910,glen.herring@p1group.com,https://p1group.com/,Glen Herring,https://evitp.org/kansas/listing/p1-construction-13,evitp.org,2026-08-31
37.687176,-97.330053,kansas,P1 Construction,"Wichita, Sedgwick, KS, USA",17858432910,glen.herring@p1group.com,https://p1group.com/,Glen Herring,https://evitp.org/kansas/listing/p1-construction-14,evitp.org,2026-08-31
39.098681,-94.769159,kansas,P1 Construction,"Wyandotte, KS, USA",17858432910,glen.herring@p1group.com,https://p1group.com/,Glen Herring,https://evitp.org/kansas/listing/p1-construction-15,evitp.org,2026-08-31
38.845412,-94.852064,kansas,Parsons Electric,"Johnson County, KS, USA",17635287670,brad.bacon@pecsolutions.com,https://www.pecsolutions.com/,Brad Bacon,https://evitp.org/kansas/listing/parsons-electric,evitp.org,2026-08-31
39.059726,-94.883575,kansas,"Pro Electric, LC","Bonner Springs, KS, USA",19134618157,jessew@proelect.com,https://www.proelectriclc.com/,Jesse Wade,https://evitp.org/kansas/listing/pro-electric-lc-1,evitp.org,2026-08-31
39.061115,-94.819685,kansas,"Pro Electric, LC","Edwardsville, KS, USA",19134618157,jessew@proelect.com,https://www.proelectriclc.com/,Jesse Wade,https://evitp.org/kansas/listing/pro-electric-lc-3,evitp.org,2026-08-31
39.183608,-96.571669,kansas,"Pro Electric, LC","Manhattan, KS, USA",19134618157,jessew@proelect.com,https://www.proelectriclc.com/,Jesse Wade,https://evitp.org/kansas/listing/pro-electric-lc-9,evitp.org,2026-08-31
39.022849,-94.715187,kansas,"Pro Electric, LC","Shawnee, KS, USA",19134618157,jessew@proelect.com,https://www.proelectriclc.com/,Jesse Wade,https://evitp.org/kansas/listing/pro-electric-lc-14,evitp.org,2026-08-31
37.679214,-95.457203,kansas,"Pro Electric, LC.","Chanute, KS, USA",19134618157,jessew@proelect.com,https://www.proelectriclc.com/,Jesse Wade,https://evitp.org/kansas/listing/pro-electric-lc-2,evitp.org,2026-08-31
38.76473,-95.008022,kansas,"Pro Electric, LC.","Edgerton, KS, USA",19134618157,jessew@proelect.com,https://www.proelectriclc.com/,Jesse Wade,https://evitp.org/kansas/listing/pro-electric-lc-4,evitp.org,2026-08-31
39.248613,-94.900241,kansas,"Pro Electric, LC.","Lansing, KS, USA",19134618157,jessew@proelect.com,,Jesse Wade,https://evitp.org/kansas/listing/pro-electric-lc-5,evitp.org,2026-08-31
39.314445,-94.851907,kansas,"Pro Electric, LC.","Leavenworth, KS. USA",19134618157,jessew@proelect.com,https://www.proelectriclc.com/,Jesse Wade,https://evitp.org/kansas/listing/pro-electric-lc-6,evitp.org,2026-08-31
38.966673,-94.616901,kansas,"Pro Electric, LC.","Leawood, KS, USA",19134618157,jessew@proelect.com,https://www.proelectriclc.com/,Jesse Wade,https://evitp.org/kansas/listing/pro-electric-lc-7,evitp.org,2026-08-31
38.953617,-94.733571,kansas,"Pro Electric, LC.","Lenexa, KS, USA",19134618157,jessew@proelect.com,https://www.proelectriclc.com/,Jesse Wade,https://evitp.org/kansas/listing/pro-electric-lc-8,evitp.org,2026-08-31
39.023617,-94.69357,kansas,"Pro Electric, LC.","Merriam, KS, USA",19134618157,jessew@proelect.com,https://www.proelectriclc.com/,Jesse Wade,https://evitp.org/kansas/listing/pro-electric-lc-10,evitp.org,2026-08-31
38.638169,-94.810596,kansas,"Pro Electric, LC.","Miami County, KS, USA",19134618157,jessew@proelect.com,https://www.proelectriclc.com/,Jesse Wade,https://evitp.org/kansas/listing/pro-electric-lc-11,evitp.org,2026-08-31
38.991673,-94.633568,kansas,"Pro Electric, LC.","Prairie Village, KS, USA",19134618157,jessew@proelect.com,https://www.proelectriclc.com/,Jesse Wade,https://evitp.org/kansas/listing/pro-electric-lc-12,evitp.org,2026-08-31
39.037505,-94.63218,kansas,"Pro Electric, LC.","Roeland Park, KS, USA",19134618157,jessew@proelect.com,https://www.proelectriclc.com/,Jesse Wade,https://evitp.org/kansas/listing/pro-electric-lc-13,evitp.org,2026-08-31
39.047345,-95.675158,kansas,"Pro Electric, LC.","Topeka, KS, USA",19134618157,jessew@proelect.com,https://www.proelectriclc.com/,Jesse Wade,https://evitp.org/kansas/listing/pro-electric-lc-15,evitp.org,2026-08-31
39.098681,-94.769159,kansas,"Pro Electric, LC.","Wyandotte County, KS, USA",19134618157,jessew@proelect.com,https://www.proelectriclc.com/,Jesse Wade,https://evitp.org/kansas/listing/pro-electric-lc-16,evitp.org,2026-08-31
39.097596,-94.701809,kansas,"Pro Electric, LC.","5320 Speaker Road, Kansas City, KS, 66106, USA",9134618157,jessew@proelect.com,https://www.proelectriclc.com/,Jesse Wade,https://evitp.org/kansas/listing/pro-electric-lc,evitp.org,2026-08-31
39.115531,-94.626787,kansas,RCE Lighting Energy Technology,"Kansas City, KS, USA",8165649135,randys.rce@gmail.com,https://solo.to/randys.rce,Randy Scarborough,https://evitp.org/kansas/listing/rce-lighting-energy-technology,evitp.org,2026-08-31
37.640637,-97.384791,kansas,"Shelley Electric, Inc.","3619 West 29th Street South, Wichita, KS, 67217, USA",3169458311,curtis@shelleyelectric.com,https://www.shelleyelectric.com/,Curtis Mitchell,https://evitp.org/kansas/listing/shelley-electric-inc,evitp.org,2026-08-31
34.083855,-117.349551,kansas,Solartronics USA,"1449 West Linville Lane, Colton, CA, 92324, USA",9098217580,,https://solartronicsusa.com/,Anthony S. Ababat,https://evitp.org/kansas/listing/solartronics-usa,evitp.org,2026-08-31
37.688239,-97.317609,kansas,"Southwestern Electrical Co., Inc.","1638 East 1st Street, Wichita, KS. 67214, USA",3162631264,krvinr@sw-electric.com,http://sw-electric.com/,Kevin Rau,https://evitp.org/kansas/listing/southwestern-electrical-co-inc,evitp.org,2026-08-31
37.928141,-97.352655,kansas,"Sterling Industrial, LLC","Kansas, USA",8124927118,jhayden@sterlingindustrialllc.com,https://www.sterlingindustrialllc.com/,Jeff Hayden,https://evitp.org/kansas/listing/sterling-industrial-llc,evitp.org,2026-08-31
38.089514,-97.904437,kansas,"T&B Electric, LLC","3201 North Lorraine Street, Hutchinson, KS, 67502, USA",6208990781,office@tbelectric.com,https://www.tb-electric.com/,Travis Kinast or Blaine Barnes,https://evitp.org/kansas/listing/tb-electric-llc,evitp.org,2026-08-31
39.011902,-98.484247,kansas,The State Group Industrial (USA) Limited,"Kansas, USA",5869921572,Michigan.estimating@stategroup.com,https://stategroup.com/,Gino Robinet – Statewide Coordinator,https://evitp.org/kansas/listing/the-state-group-industrial-usa-limited,evitp.org,2026-08-31
32.354668,-89.398528,kansas,"Unity Works Solutions, LLC","Mississippi, USA",2057323766,andrew.honeycutt@unityws.com,https://unityworkslighting.com/,"Andrew Honeycutt              
             
                             
         
     
 
         
     
     
         
             
                  Redo search when map moved 
             
              
         
     
 
 
 
 
     
         Showing 55 results 
     
  
 
 											 

									 
					 
			 
   
    

	 
		 

			 
	 
		
		 
			 

				
 
			 
			 			  
	   


 
 

 
	   


The Electric Vehicle Infrastructure Training Program (EVITP) provides training and certification for electricians installing electric vehicle supply equipment (EVSE).  
		 		 
			 
					 
			 
			 			  
		 		 
			 
			  Contact Info 			  
	 
		 
			  		 
	 
	  Canada: www.NETCO.org 
 

 
	 
		 
			  		 
	 
	  United States:  EVITP, 811 N. Main Street, Suite 202,                     Royal Oak, MI  48067
 
 

 
	 
		 
			  		 
	 
	   info@evitp.org 
  
		 		 
	 			 
		 
		 
 


 
			 
			 

			
			 

			 
	 
		 Copyright © 2026 EVITP - ALL RIGHTS RESERVED -  TERMS OF USE  	 
	 
			 
 
			 

				 
		 
	 
		 
	 

   
   
 
{""prefetch"":[{""source"":""document"",""where"":{""and"":[{""href_matches"":""/*""},{""not"":{""href_matches"":[""/wp-*.php"",""/wp-admin/*"",""/wp-content/uploads/*"",""/wp-content/*"",""/wp-content/plugins/*"",""/wp-content/themes/siennawp/*"",""/*\\?(.+)""]}},{""not"":{""selector_matches"":""a[rel~=\""nofollow\""]""}},{""not"":{""selector_matches"":"".no-prefetch, .no-prefetch a""}}]},""eagerness"":""conservative""}]}
 
		  
		 
jQuery(document).ready(function($) {
SABAI.init($(""#sabai-content""));
});
   
  
  
  
  
  
  
 
wp.i18n.setLocaleData( { 'text direction\u0004ltr': [ 'ltr' ] } );
//# sourceURL=wp-i18n-js-after
 
  
 
var wpcf7 = {
    ""api"": {
        ""root"": ""https:\/\/evitp.org\/wp-json\/"",
        ""namespace"": ""contact-form-7\/v1""
    }
};
//# sourceURL=contact-form-7-js-before
 
  
 
var cf7appsHoneypotRefill = {""forceRefillOnInit"":""""};
//# sourceURL=cf7apps-honeypot-refill-js-extra
 
  
  
  
 
var mejsL10n = {""language"":""en"",""strings"":{""mejs.download-file"":""Download File"",""mejs.install-flash"":""You are using a browser that does not have Flash player enabled or installed. Please turn on your Flash player plugin or download the latest version from https://get.adobe.com/flashplayer/"",""mejs.fullscreen"":""Fullscreen"",""mejs.play"":""Play"",""mejs.pause"":""Pause"",""mejs.time-slider"":""Time Slider"",""mejs.time-help-text"":""Use Left/Right Arrow keys to advance one second, Up/Down arrows to advance ten seconds."",""mejs.live-broadcast"":""Live Broadcast"",""mejs.volume-help-text"":""Use Up/Down Arrow keys to increase or decrease volume."",""mejs.unmute"":""Unmute"",""mejs.mute"":""Mute"",""mejs.volume-slider"":""Volume Slider"",""mejs.video-player"":""Video Player"",""mejs.audio-player"":""Audio Player"",""mejs.captions-subtitles"":""Captions/Subtitles"",""mejs.captions-chapters"":""Chapters"",""mejs.none"":""None"",""mejs.afrikaans"":""Afrikaans"",""mejs.albanian"":""Albanian"",""mejs.arabic"":""Arabic"",""mejs.belarusian"":""Belarusian"",""mejs.bulgarian"":""Bulgarian"",""mejs.catalan"":""Catalan"",""mejs.chinese"":""Chinese"",""mejs.chinese-simplified"":""Chinese (Simplified)"",""mejs.chinese-traditional"":""Chinese (Traditional)"",""mejs.croatian"":""Croatian"",""mejs.czech"":""Czech"",""mejs.danish"":""Danish"",""mejs.dutch"":""Dutch"",""mejs.english"":""English"",""mejs.estonian"":""Estonian"",""mejs.filipino"":""Filipino"",""mejs.finnish"":""Finnish"",""mejs.french"":""French"",""mejs.galician"":""Galician"",""mejs.german"":""German"",""mejs.greek"":""Greek"",""mejs.haitian-creole"":""Haitian Creole"",""mejs.hebrew"":""Hebrew"",""mejs.hindi"":""Hindi"",""mejs.hungarian"":""Hungarian"",""mejs.icelandic"":""Icelandic"",""mejs.indonesian"":""Indonesian"",""mejs.irish"":""Irish"",""mejs.italian"":""Italian"",""mejs.japanese"":""Japanese"",""mejs.korean"":""Korean"",""mejs.latvian"":""Latvian"",""mejs.lithuanian"":""Lithuanian"",""mejs.macedonian"":""Macedonian"",""mejs.malay"":""Malay"",""mejs.maltese"":""Maltese"",""mejs.norwegian"":""Norwegian"",""mejs.persian"":""Persian"",""mejs.polish"":""Polish"",""mejs.portuguese"":""Portuguese"",""mejs.romanian"":""Romanian"",""mejs.russian"":""Russian"",""mejs.serbian"":""Serbian"",""mejs.slovak"":""Slovak"",""mejs.slovenian"":""Slovenian"",""mejs.spanish"":""Spanish"",""mejs.swahili"":""Swahili"",""mejs.swedish"":""Swedish"",""mejs.tagalog"":""Tagalog"",""mejs.thai"":""Thai"",""mejs.turkish"":""Turkish"",""mejs.ukrainian"":""Ukrainian"",""mejs.vietnamese"":""Vietnamese"",""mejs.welsh"":""Welsh"",""mejs.yiddish"":""Yiddish""}};
//# sourceURL=mediaelement-core-js-before
 
  
  
 
var _wpmejsSettings = {""pluginPath"":""/wp-includes/js/mediaelement/"",""classPrefix"":""mejs-"",""stretching"":""responsive"",""audioShortcodeLibrary"":""mediaelement"",""videoShortcodeLibrary"":""mediaelement""};
//# sourceURL=mediaelement-js-extra
 
  
  
  
  
  
  
  
  
  
  
  
  
  
  
  
  
  
  
  
  
  
  
  
  
  
  
  
  
  
  
  
  
 
var mkdfGlobalVars = {""vars"":{""mkdfAddForAdminBar"":0,""mkdfElementAppearAmount"":-150,""mkdfFinishedMessage"":""No more posts"",""mkdfMessage"":""Loading new posts..."",""mkdfTopBarHeight"":42,""mkdfStickyHeaderHeight"":0,""mkdfStickyHeaderTransparencyHeight"":60,""mkdfLogoAreaHeight"":0,""mkdfMenuAreaHeight"":131,""mkdfMobileHeaderHeight"":100}};
var mkdfPerPageVars = {""vars"":{""mkdfStickyScrollAmount"":450,""mkdfStickyScrollAmountFullScreen"":false,""mkdfHeaderTransparencyHeight"":0}};
//# sourceURL=sienna-mikado-modules-js-extra
 
  
  
  
 
var mkdfLike = {""ajaxurl"":""https://evitp.org/wp-admin/admin-ajax.php""};
//# sourceURL=sienna-mikado-like-js-extra
 
  
 
var GEM = {""thankyou"":""Thank you for signing up!"",""thankyou_suppressed"":""Thank you for signing up! Please check your email to confirm your subscription."",""oops"":""Oops! There was a problem. Please try again."",""email"":""Please enter a valid email address."",""required"":""%s is a required field.""};
//# sourceURL=gem-main-js-extra
 
  
  
  
 
var wpcf7_recaptcha = {
    ""sitekey"": ""6LdAGgcgAAAAALmBeuQZgYH6HTEI3KlPBF86-YxA"",
    ""actions"": {
        ""homepage"": ""homepage"",
        ""contactform"": ""contactform""
    }
};
//# sourceURL=wpcf7-recaptcha-js-before
 
  
 
{""baseUrl"":""https://s.w.org/images/core/emoji/17.0.2/72x72/"",""ext"":"".png"",""svgUrl"":""https://s.w.org/images/core/emoji/17.0.2/svg/"",""svgExt"":"".svg"",""source"":{""concatemoji"":""https://evitp.org/wp-includes/js/wp-emoji-release.min.js?ver=7.0.4""}}
 
 
/*! This file is auto-generated */
var e=""script#wp-emoji-settings"",t=document.querySelector(e);if(!(t instanceof HTMLScriptElement))throw new Error(""Element missing: ""+e);const r=JSON.parse(t.text),s=(window._wpemojiSettings=r,""wpEmojiSettingsSupports""),o=[""flag"",""emoji""];function i(e){try{var t={supportTests:e,timestamp:(new Date).valueOf()};sessionStorage.setItem(s,JSON.stringify(t))}catch(e){}}function c(e,t,n){e.clearRect(0,0,e.canvas.width,e.canvas.height),e.fillText(t,0,0);t=new Uint32Array(e.getImageData(0,0,e.canvas.width,e.canvas.height).data);e.clearRect(0,0,e.canvas.width,e.canvas.height),e.fillText(n,0,0);const r=new Uint32Array(e.getImageData(0,0,e.canvas.width,e.canvas.height).data);return t.every((e,t)=>e===r[t])}function p(e,t){e.clearRect(0,0,e.canvas.width,e.canvas.height),e.fillText(t,0,0);var n=e.getImageData(16,16,1,1);for(let e=0;e {o[e]=t(s,e,n,r)}),o}function a(e){var t=document.createElement(""script"");t.src=e,t.defer=!0,document.head.appendChild(t)}r.supports={everything:!0,everythingExceptFlag:!0},new Promise(t=>{let n=function(){try{var e=JSON.parse(sessionStorage.getItem(s));if(""object""==typeof e&&""number""==typeof e.timestamp&&(new Date).valueOf() {i(n=e.data),a.terminate(),t(n)})}catch(e){}i(n=f(o,u,c,p))}t(n)}).then(e=>{for(const n in e)r.supports[n]=e[n],r.supports.everything=r.supports.everything&&r.supports[n],""flag""!==n&&(r.supports.everythingExceptFlag=r.supports.everythingExceptFlag&&r.supports[n]);var t;r.supports.everythingExceptFlag=r.supports.everythingExceptFlag&&!r.supports.flag,r.supports.everything||((t=r.source||{}).concatemoji?a(t.concatemoji):t.wpemoji&&t.twemoji&&(a(t.twemoji),a(t.wpemoji)))});
//# sourceURL=https://evitp.org/wp-includes/js/wp-emoji-loader.min.js
 
 			  
			 
				/* @v3-js:start */
					let c4wp_onloadCallback = function() {
						for ( var i = 0; i   {
						if ( typeof jQuery !== 'undefined' && jQuery( 'input[id*=""c4wp-wc-checkout""]' ).length ) {
							var element = document.createElement('div');
							var html = '     ';
							element.innerHTML = html;
							jQuery( '[class*=""c4wp-wc-checkout""]' ).append( element );
							jQuery( '[class*=""c4wp-wc-checkout""]' ).find('*').off();
							c4wp_onloadCallback();
						}
					});
				/* @v3-js:end */",https://evitp.org/kansas/listing/unity-works-solutions-llc,evitp.org,2026-08-31
37.839333,-84.270018,kentucky,"Aldridge Electric, Inc.","Kentucky, USA",18472761127,ggiovannetti@aldridgegroup.com,https://www.aldridgegroup.com/,Gina Giovannetti,https://evitp.org/kentucky/listing/aldridge-electric-inc,evitp.org,2026-08-31
38.026137,-84.452472,kentucky,Amteck,"1387 East New Circle Road, Lexington, KY, 40324USA",8595513317,crogers@amteck.com,https://www.amteck.com/,Curtis Rogers,https://evitp.org/kentucky/listing/amteck,evitp.org,2026-08-31
38.182881,-85.693322,kentucky,"Beltline Electric Co., Inc.","4520 Mason Dixon Lane, Suite 200, Louisville, Kentucky, 40213-2333, USA",5028173799,dswintosky@beltlineservices.com,https://beltlineelectric.com/,Daniel Swintosky,https://evitp.org/kentucky/listing/beltline-electric-co-inc,evitp.org,2026-08-31
37.773087,-87.118516,kentucky,"Beltline Electric Co., Inc.","300 Walnut Street, Owensboro, KY, 42301, USA",2709297118,rdaniel@beltlineservices.com,https://beltlineelectric.com/,Roger Daniel,https://evitp.org/kentucky/listing/beltline-electric-co-inc-1,evitp.org,2026-08-31
37.839333,-84.270018,kentucky,"Capital City Electrical Services, LLC","Kentucky, USA",4044294449,,https://www.ccelect.com/,Jim Johnson,https://evitp.org/kentucky/listing/capital-city-electrical-services-llc,evitp.org,2026-08-31
37.839333,-84.270018,kentucky,"Cincy Electrical Solutions, LLC","Kentucky, USA",5132377681,sfedorov@cincyelectricalsolutions.com,https://cincyelectricalsolutions.com/,Sergey Fedorov,https://evitp.org/kentucky/listing/cincy-electrical-solutions-llc,evitp.org,2026-08-31
37.839333,-84.270018,kentucky,Completely Wired Inc.,"Kentucky, USA",8124769473,office@completelywiredinc.com,http://completelywiredinc.com/,Brittany Elliot,https://evitp.org/kentucky/listing/completely-wired-inc,evitp.org,2026-08-31
37.957691,-84.37692,kentucky,"Davis H Elliot Co, Inc.","673 Blue Sky Parkway, Lexington, KY, 40509, USA",8592635148,bbrake@dhec.com,https://dhec.com/,Brandon Brake,https://evitp.org/kentucky/listing/davis-h-elliot-co-inc,evitp.org,2026-08-31
37.839333,-84.270018,kentucky,"Decker Electric, Inc.","Kentucky, USA",13162658182,bwilson@decker-electric.com,https://www.decker-electric.com/,Ben Wilson,https://evitp.org/kentucky/listing/decker-electric-inc,evitp.org,2026-08-31
37.839333,-84.270018,kentucky,"DELTA Electrical Contractors, LTD","Kentucky, USA",5134217744,erics@deltaelectrical.us,https://www.delta-electrical.com/,Eric Scheidt,https://evitp.org/kentucky/listing/delta-electrical-contractors-ltd,evitp.org,2026-08-31
38.185011,-85.68404,kentucky,Delta Services,"4676 Jennings Lane, Louisville, KY, 40218 USA",5026646199,,https://deltaservicesllc.com/,Greg Simpson,https://evitp.org/kentucky/listing/delta-services,evitp.org,2026-08-31
37.839333,-84.270018,kentucky,"Dixon Electrical Systems and Contracting, Inc.","Kentucky, USA",3045232712,nathan@dixonelectrical.com,https://www.dixonelectrical.com/,Nathan Bowen,https://evitp.org/kentucky/listing/dixon-electrical-systems-and-contracting-inc,evitp.org,2026-08-31
37.839333,-84.270018,kentucky,"EMS Electric, LLC.","Kentucky, USA",13183760976,josh@emselectric.com,http://emselectric.com/,Josh Palmer,https://evitp.org/kentucky/listing/ems-electric-llc,evitp.org,2026-08-31
37.839333,-84.270018,kentucky,"Envirospark Energy Solutions, Inc","Kentucky, USA",4047369173,info@envirosparkenergy.com,https://envirosparkenergy.com/,Brad Ewing,https://evitp.org/kentucky/listing/envirospark-energy-solutions-inc,evitp.org,2026-08-31
37.839333,-84.270018,kentucky,"Garnet Electric Co., inc.","Kentucky, USA",2563814062,jskipworth@garnetelectric.com,http://garnetelectric.com/,Jerrold Skipworth,https://evitp.org/kentucky/listing/garnet-electric-co-inc,evitp.org,2026-08-31
38.866304,-84.635895,kentucky,"Glenwood Electric, Inc.","12250 Chandler Drive, Walton, KY, 41094, USA",8594853700,pat@glenwoodelectric.com,https://www.glenwoodelectric.com/,Phil Thaman,https://evitp.org/kentucky/listing/glenwood-electric-inc,evitp.org,2026-08-31
37.609922,-87.34917,kentucky,"IES Kentucky, LLC.","7001 HWY 136 W., Calhoun, KY, 42327, USA",2709938203,kurtis@ies-ky.com,http://www.ies-ky.com/,Kurtis Frederick,https://evitp.org/kentucky/listing/ies-kentucky-llc,evitp.org,2026-08-31
38.077545,-84.473265,kentucky,"J. Ranck Electric, Inc.","Kentucky, USA",19312074354,swalker@jranck.com,https://www.jranck.com/,Scott Walker,https://evitp.org/kentucky/listing/j-ranck-electric-inc,evitp.org,2026-08-31
37.839333,-84.270018,kentucky,"Laibe Electric, Co.","Kentucky, USA",14197248200,mikedeaton@laibe.com,https://laibe.com/,Michael A. Deaton,https://evitp.org/kentucky/listing/laibe-electric-co,evitp.org,2026-08-31
39.074176,-84.501817,kentucky,"M&M Service Station Equipment Specialist, Inc.","315 East 15th Street, Covington, KY, 41011, USA",8597810402,hailie.newman@mid-valleysupply.com,https://mid-valleysupply.com/,,https://evitp.org/kentucky/listing/mm-service-station-equipment-specialist-inc,evitp.org,2026-08-31
38.090516,-84.528197,kentucky,Miller Electric Company,"Kentucky, USA",9048324423,mhall@mecojax.com,https://www.mecojax.com/,Mike Hall,https://evitp.org/kentucky/listing/miller-electric-company,evitp.org,2026-08-31
38.066733,-84.444426,kentucky,New River Electrical Corporation,"Kentucky, USA",5405267501,ahartsfield@nrec.net,https://www.newriverelectrical.com/,Jonathan Aaron Hartsfield,https://evitp.org/kentucky/listing/new-river-electrical-corporation,evitp.org,2026-08-31
37.839333,-84.270018,kentucky,Paff Electric,"Kentucky, USA",5134511061,nickwilliams@paffelectricandsolar.com,https://www.paffelectricandsolar.com/,Nick Williams,https://evitp.org/kentucky/listing/paff-electric,evitp.org,2026-08-31
37.839333,-84.270018,kentucky,Parsons Electric,"Kentucky, USA",17635287670,brad.bacon@pecsolutions.com,https://www.pecsolutions.com/,Brad Bacon,https://evitp.org/kentucky/listing/parsons-electric,evitp.org,2026-08-31
37.839333,-84.270018,kentucky,"Premiere Electric, Inc.","Kentucky, USA",18124291122,dave@premierelectricinc.us,https://premierelectricinc.net/,,https://evitp.org/kentucky/listing/premiere-electric-inc,evitp.org,2026-08-31
37.839333,-84.270018,kentucky,Royal Electric Company,"Kentucky, USA",9166965744,jeffc@royalelect.com,https://www.royalelect.com/,Jeff Cavanagh,https://evitp.org/kentucky/listing/royal-electric-company,evitp.org,2026-08-31
38.051399,-84.470757,kentucky,Sargent Electric Company,"Lexington, Kentucky, USA",4123947600,info@sargentelectric.com,https://www.sargentelectric.com/,,https://evitp.org/kentucky/listing/sargent-electric-company,evitp.org,2026-08-31
38.060246,-84.42932,kentucky,SG Energy Solutions,"Kentucky, USA",3134028816,dsiders@sgenergysolutions.com,https://www.sg-solutionsgroup.com/,Desmen Siders,https://evitp.org/kentucky/listing/sg-energy-solutions,evitp.org,2026-08-31
37.839333,-84.270018,kentucky,"Shambaugh and Son, L.P.","Kentucky, USA",12604877846,dhearld@shambaugh.com,https://shambaugh.com/,,https://evitp.org/kentucky/listing/shambaugh-and-sons-l-p,evitp.org,2026-08-31
38.081869,-84.489744,kentucky,"Sterling Industrial, LLC.","Kentucky, USA",8124927118,jhayden@sterlingindustrialllc.com,https://www.sterlingindustrialllc.com/,Jeff Hayden,https://evitp.org/kentucky/listing/sterling-industrial-llc,evitp.org,2026-08-31
37.839333,-84.270018,kentucky,The State Group Industrial (USA) Limited,"Kentucky, USA",5869921572,Michigan.estimating@stategroup.com,https://stategroup.com/,Gino Robinet – Statewide Coordinator,https://evitp.org/kentucky/listing/the-state-group-industrial-usa-limited,evitp.org,2026-08-31
37.839333,-84.270018,kentucky,White Electrical Construction Company,"Kentucky, USA",19126637148,sgraham@white-electrical.com,http://www.white-electrical.com/,Scott Graham,https://evitp.org/kentucky/listing/white-electrical-construction-company,evitp.org,2026-08-31
36.841685,-87.452675,kentucky,"Whitehead Electric Co., Inc.","880 North Cherokee Trace Boulevard, Hopkinsville, KY, 42240, USA",2709522307,robertw@whitehead-electric.com,http://whitehead-electric.com/,"Robert Whitehead              
             
                             
         
     
 
         
     
     
         
             
                  Redo search when map moved 
             
              
         
     
 
 
 
 
     
         Showing 33 results 
     
  
 
 											 

									 
					 
			 
   
    

	 
		 

			 
	 
		
		 
			 

				
 
			 
			 			  
	   


 
 

 
	   


The Electric Vehicle Infrastructure Training Program (EVITP) provides training and certification for electricians installing electric vehicle supply equipment (EVSE).  
		 		 
			 
					 
			 
			 			  
		 		 
			 
			  Contact Info 			  
	 
		 
			  		 
	 
	  Canada: www.NETCO.org 
 

 
	 
		 
			  		 
	 
	  United States:  EVITP, 811 N. Main Street, Suite 202,                     Royal Oak, MI  48067
 
 

 
	 
		 
			  		 
	 
	   info@evitp.org 
  
		 		 
	 			 
		 
		 
 


 
			 
			 

			
			 

			 
	 
		 Copyright © 2026 EVITP - ALL RIGHTS RESERVED -  TERMS OF USE  	 
	 
			 
 
			 

				 
		 
	 
		 
	 

   
   
 
{""prefetch"":[{""source"":""document"",""where"":{""and"":[{""href_matches"":""/*""},{""not"":{""href_matches"":[""/wp-*.php"",""/wp-admin/*"",""/wp-content/uploads/*"",""/wp-content/*"",""/wp-content/plugins/*"",""/wp-content/themes/siennawp/*"",""/*\\?(.+)""]}},{""not"":{""selector_matches"":""a[rel~=\""nofollow\""]""}},{""not"":{""selector_matches"":"".no-prefetch, .no-prefetch a""}}]},""eagerness"":""conservative""}]}
 
		  
		 
jQuery(document).ready(function($) {
SABAI.init($(""#sabai-content""));
});
   
  
  
  
  
  
  
 
wp.i18n.setLocaleData( { 'text direction\u0004ltr': [ 'ltr' ] } );
//# sourceURL=wp-i18n-js-after
 
  
 
var wpcf7 = {
    ""api"": {
        ""root"": ""https:\/\/evitp.org\/wp-json\/"",
        ""namespace"": ""contact-form-7\/v1""
    }
};
//# sourceURL=contact-form-7-js-before
 
  
 
var cf7appsHoneypotRefill = {""forceRefillOnInit"":""""};
//# sourceURL=cf7apps-honeypot-refill-js-extra
 
  
  
  
 
var mejsL10n = {""language"":""en"",""strings"":{""mejs.download-file"":""Download File"",""mejs.install-flash"":""You are using a browser that does not have Flash player enabled or installed. Please turn on your Flash player plugin or download the latest version from https://get.adobe.com/flashplayer/"",""mejs.fullscreen"":""Fullscreen"",""mejs.play"":""Play"",""mejs.pause"":""Pause"",""mejs.time-slider"":""Time Slider"",""mejs.time-help-text"":""Use Left/Right Arrow keys to advance one second, Up/Down arrows to advance ten seconds."",""mejs.live-broadcast"":""Live Broadcast"",""mejs.volume-help-text"":""Use Up/Down Arrow keys to increase or decrease volume."",""mejs.unmute"":""Unmute"",""mejs.mute"":""Mute"",""mejs.volume-slider"":""Volume Slider"",""mejs.video-player"":""Video Player"",""mejs.audio-player"":""Audio Player"",""mejs.captions-subtitles"":""Captions/Subtitles"",""mejs.captions-chapters"":""Chapters"",""mejs.none"":""None"",""mejs.afrikaans"":""Afrikaans"",""mejs.albanian"":""Albanian"",""mejs.arabic"":""Arabic"",""mejs.belarusian"":""Belarusian"",""mejs.bulgarian"":""Bulgarian"",""mejs.catalan"":""Catalan"",""mejs.chinese"":""Chinese"",""mejs.chinese-simplified"":""Chinese (Simplified)"",""mejs.chinese-traditional"":""Chinese (Traditional)"",""mejs.croatian"":""Croatian"",""mejs.czech"":""Czech"",""mejs.danish"":""Danish"",""mejs.dutch"":""Dutch"",""mejs.english"":""English"",""mejs.estonian"":""Estonian"",""mejs.filipino"":""Filipino"",""mejs.finnish"":""Finnish"",""mejs.french"":""French"",""mejs.galician"":""Galician"",""mejs.german"":""German"",""mejs.greek"":""Greek"",""mejs.haitian-creole"":""Haitian Creole"",""mejs.hebrew"":""Hebrew"",""mejs.hindi"":""Hindi"",""mejs.hungarian"":""Hungarian"",""mejs.icelandic"":""Icelandic"",""mejs.indonesian"":""Indonesian"",""mejs.irish"":""Irish"",""mejs.italian"":""Italian"",""mejs.japanese"":""Japanese"",""mejs.korean"":""Korean"",""mejs.latvian"":""Latvian"",""mejs.lithuanian"":""Lithuanian"",""mejs.macedonian"":""Macedonian"",""mejs.malay"":""Malay"",""mejs.maltese"":""Maltese"",""mejs.norwegian"":""Norwegian"",""mejs.persian"":""Persian"",""mejs.polish"":""Polish"",""mejs.portuguese"":""Portuguese"",""mejs.romanian"":""Romanian"",""mejs.russian"":""Russian"",""mejs.serbian"":""Serbian"",""mejs.slovak"":""Slovak"",""mejs.slovenian"":""Slovenian"",""mejs.spanish"":""Spanish"",""mejs.swahili"":""Swahili"",""mejs.swedish"":""Swedish"",""mejs.tagalog"":""Tagalog"",""mejs.thai"":""Thai"",""mejs.turkish"":""Turkish"",""mejs.ukrainian"":""Ukrainian"",""mejs.vietnamese"":""Vietnamese"",""mejs.welsh"":""Welsh"",""mejs.yiddish"":""Yiddish""}};
//# sourceURL=mediaelement-core-js-before
 
  
  
 
var _wpmejsSettings = {""pluginPath"":""/wp-includes/js/mediaelement/"",""classPrefix"":""mejs-"",""stretching"":""responsive"",""audioShortcodeLibrary"":""mediaelement"",""videoShortcodeLibrary"":""mediaelement""};
//# sourceURL=mediaelement-js-extra
 
  
  
  
  
  
  
  
  
  
  
  
  
  
  
  
  
  
  
  
  
  
  
  
  
  
  
  
  
  
  
  
  
 
var mkdfGlobalVars = {""vars"":{""mkdfAddForAdminBar"":0,""mkdfElementAppearAmount"":-150,""mkdfFinishedMessage"":""No more posts"",""mkdfMessage"":""Loading new posts..."",""mkdfTopBarHeight"":42,""mkdfStickyHeaderHeight"":0,""mkdfStickyHeaderTransparencyHeight"":60,""mkdfLogoAreaHeight"":0,""mkdfMenuAreaHeight"":131,""mkdfMobileHeaderHeight"":100}};
var mkdfPerPageVars = {""vars"":{""mkdfStickyScrollAmount"":450,""mkdfStickyScrollAmountFullScreen"":false,""mkdfHeaderTransparencyHeight"":0}};
//# sourceURL=sienna-mikado-modules-js-extra
 
  
  
  
 
var mkdfLike = {""ajaxurl"":""https://evitp.org/wp-admin/admin-ajax.php""};
//# sourceURL=sienna-mikado-like-js-extra
 
  
 
var GEM = {""thankyou"":""Thank you for signing up!"",""thankyou_suppressed"":""Thank you for signing up! Please check your email to confirm your subscription."",""oops"":""Oops! There was a problem. Please try again."",""email"":""Please enter a valid email address."",""required"":""%s is a required field.""};
//# sourceURL=gem-main-js-extra
 
  
  
  
 
var wpcf7_recaptcha = {
    ""sitekey"": ""6LdAGgcgAAAAALmBeuQZgYH6HTEI3KlPBF86-YxA"",
    ""actions"": {
        ""homepage"": ""homepage"",
        ""contactform"": ""contactform""
    }
};
//# sourceURL=wpcf7-recaptcha-js-before
 
  
 
{""baseUrl"":""https://s.w.org/images/core/emoji/17.0.2/72x72/"",""ext"":"".png"",""svgUrl"":""https://s.w.org/images/core/emoji/17.0.2/svg/"",""svgExt"":"".svg"",""source"":{""concatemoji"":""https://evitp.org/wp-includes/js/wp-emoji-release.min.js?ver=7.0.4""}}
 
 
/*! This file is auto-generated */
var e=""script#wp-emoji-settings"",t=document.querySelector(e);if(!(t instanceof HTMLScriptElement))throw new Error(""Element missing: ""+e);const r=JSON.parse(t.text),s=(window._wpemojiSettings=r,""wpEmojiSettingsSupports""),o=[""flag"",""emoji""];function i(e){try{var t={supportTests:e,timestamp:(new Date).valueOf()};sessionStorage.setItem(s,JSON.stringify(t))}catch(e){}}function c(e,t,n){e.clearRect(0,0,e.canvas.width,e.canvas.height),e.fillText(t,0,0);t=new Uint32Array(e.getImageData(0,0,e.canvas.width,e.canvas.height).data);e.clearRect(0,0,e.canvas.width,e.canvas.height),e.fillText(n,0,0);const r=new Uint32Array(e.getImageData(0,0,e.canvas.width,e.canvas.height).data);return t.every((e,t)=>e===r[t])}function p(e,t){e.clearRect(0,0,e.canvas.width,e.canvas.height),e.fillText(t,0,0);var n=e.getImageData(16,16,1,1);for(let e=0;e {o[e]=t(s,e,n,r)}),o}function a(e){var t=document.createElement(""script"");t.src=e,t.defer=!0,document.head.appendChild(t)}r.supports={everything:!0,everythingExceptFlag:!0},new Promise(t=>{let n=function(){try{var e=JSON.parse(sessionStorage.getItem(s));if(""object""==typeof e&&""number""==typeof e.timestamp&&(new Date).valueOf() {i(n=e.data),a.terminate(),t(n)})}catch(e){}i(n=f(o,u,c,p))}t(n)}).then(e=>{for(const n in e)r.supports[n]=e[n],r.supports.everything=r.supports.everything&&r.supports[n],""flag""!==n&&(r.supports.everythingExceptFlag=r.supports.everythingExceptFlag&&r.supports[n]);var t;r.supports.everythingExceptFlag=r.supports.everythingExceptFlag&&!r.supports.flag,r.supports.everything||((t=r.source||{}).concatemoji?a(t.concatemoji):t.wpemoji&&t.twemoji&&(a(t.twemoji),a(t.wpemoji)))});
//# sourceURL=https://evitp.org/wp-includes/js/wp-emoji-loader.min.js
 
 			  
			 
				/* @v3-js:start */
					let c4wp_onloadCallback = function() {
						for ( var i = 0; i   {
						if ( typeof jQuery !== 'undefined' && jQuery( 'input[id*=""c4wp-wc-checkout""]' ).length ) {
							var element = document.createElement('div');
							var html = '     ';
							element.innerHTML = html;
							jQuery( '[class*=""c4wp-wc-checkout""]' ).append( element );
							jQuery( '[class*=""c4wp-wc-checkout""]' ).find('*').off();
							c4wp_onloadCallback();
						}
					});
				/* @v3-js:end */",https://evitp.org/kentucky/listing/whitehead-electric-co-inc,evitp.org,2026-08-31
30.984298,-91.962333,louisiana,"Aldridge Electric, Inc.","Louisiana, USA",18472761127,ggiovannetti@aldridgegroup.com,https://www.aldridgegroup.com/,Gina Giovannetti,https://evitp.org/louisiana/listing/aldridge-electric-inc,evitp.org,2026-08-31
30.960888,-91.98513,louisiana,"Beltline Electric Co., Inc.","Louisiana, USA",12709297118,rdaniel@beltlineservices.com,https://beltlineelectric.com/,Roger Daniel,https://evitp.org/louisiana/listing/beltline-electric-co-inc,evitp.org,2026-08-31
30.59115,-91.165822,louisiana,"Buffalo Electric, Inc.","3207 Jefferson Street, Baker, LA, 70714, USA",2257758290,patmilton@buffaloelectric.net,https://www.buffaloelectric.com/,Pat Milton,https://evitp.org/louisiana/listing/buffalo-electric-inc,evitp.org,2026-08-31
32.281825,-93.82407,louisiana,"Caddo Electrical, LLC","P.O. Box 512, Stonewall, LA. 71078, USA",3187161054,sp@caddoelectrical.com,https://www.caddoelectrical.com/,Shaun Pendleton,https://evitp.org/louisiana/listing/caddo-electrical-llc,evitp.org,2026-08-31
32.412376,-93.768708,louisiana,"Camus Electric Company, Inc.","605 Mount Zion Road, Shreveport, LA, 71106, USA",3186871420,jwallace@camuselectric.com,http://camuselectric.com/,John D. Wallace,https://evitp.org/louisiana/listing/camus-electric-company-inc,evitp.org,2026-08-31
30.206506,-93.21616,louisiana,"Chiasson Electric, Inc.","2600 Hodges Street, Lake Charles, LA, 70601 USA",2259334572,Keith@chiassonelectric.com,,Jessica Core,https://evitp.org/louisiana/listing/chiasson-electric-inc,evitp.org,2026-08-31
29.946336,-90.176387,louisiana,Deubler Electric,"5143 River Road, Harahan, LA, 70123, USA",5047331990,amyd@deublerelectric.com,https://www.deublerelectric.com/,Brian Tarantino,https://evitp.org/louisiana/listing/deubler-electric,evitp.org,2026-08-31
30.991361,-91.852469,louisiana,"Doleac Electric Company, Inc.","Louisiana, USA",6015442052,larryd@doleac.com,http://doleac.com/wordpress/,,https://evitp.org/louisiana/listing/doleac-electric-company-inc,evitp.org,2026-08-31
32.516496,-92.284085,louisiana,"EMS Electric, LLC.","905 Industrial Parkway, West Monroe, LA, 71291, USA",3183760976,josh@emselectric.com,http://emselectric.com/,Josh Palmer,https://evitp.org/louisiana/listing/ems-electric-llc,evitp.org,2026-08-31
30.984298,-91.962333,louisiana,Envirospark Energy Solutions,"Louisiana, USA",4047369173,info@envirosparkenergy.com,https://envirosparkenergy.com/,Brad Ewing,https://evitp.org/louisiana/listing/envirospark-energy-solutions,evitp.org,2026-08-31
29.955451,-90.063422,louisiana,"Frischhertz Electric Co., Inc.","42 Toulouse St, New Orleans, LA, 70119 USA",5044821146,eddie@frischhertz.com,https://www.frischhertz.com/,Eddie Pemberton,https://evitp.org/louisiana/listing/frischhertz-electric-co-inc,evitp.org,2026-08-31
32.463946,-93.737539,louisiana,"Haynie Electric Company, LLC","403 Monrovia Street, Shreveport, LA 71106, USA",3182206988,thomas@haynieelectric.com,,Richard Haynie,https://evitp.org/louisiana/listing/haynie-electric-company-llc,evitp.org,2026-08-31
32.523762,-93.753389,louisiana,HMR Electrical Contracting LLC,"221 Simms Street, Shreveport, LA, 71107, USA",3182264510,wirenut0194@aol.com,,Richard Roberts,https://evitp.org/louisiana/listing/hmr-electrical-contracting-llc,evitp.org,2026-08-31
32.412245,-93.752557,louisiana,Hope Contractors of Shreveport,"P.O. Box 3726, Shreveport, LA, 71133, USA",31822189245,ron@hopecontractors.com,http://www.hopecontractors.com/,Ronald Pyles,https://evitp.org/louisiana/listing/hope-contractors-of-shreveport,evitp.org,2026-08-31
32.446925,-93.762675,louisiana,"Jack Spring Electrical Contractors, Inc.","6307 Linwood Avenue, Shreveport, LA, 71106, USA",3188656225,lincspring@jackspringelectric.com,http://jackspringelectric.com/,Lincoln T. Spring,https://evitp.org/louisiana/listing/jack-spring-electrical-contractors-inc,evitp.org,2026-08-31
30.209176,-93.217775,louisiana,"Kaough & Jones Electric Co., Inc.","328 15th Street, Lake Charles, LA, 7, 0601USA",,,,Daniel Jones,https://evitp.org/louisiana/listing/kaough-jones-electric-co-inc,evitp.org,2026-08-31
30.259325,-89.772786,louisiana,"Kastner Electric, Inc.","3183 Terrance Avenue, Slidell, LA, 70458 USA",9856439358,rjkjr@kastnerelectric.com,https://kastnerelectric.com/,,https://evitp.org/louisiana/listing/kastner-electric-inc,evitp.org,2026-08-31
30.885395,-89.825841,louisiana,Lewtech Products & Services,"63359 Foster Town Road, Angie, LA, 70426, USA",5042442605,lewtechps@msn.com,http://www.lewtechps.com/,William Lewis,https://evitp.org/louisiana/listing/lewtech-products-services,evitp.org,2026-08-31
30.519078,-91.520862,louisiana,Lightserve Corp.,"Louisiana, USA",2057323766,andrew.honeycutt@light-serve.com,https://www.light-serve.com/,Andrew Honeycutt,https://evitp.org/louisiana/listing/lightserve-corp,evitp.org,2026-08-31
30.519078,-91.520862,louisiana,Matrix NAC,"Louisiana, USA",7323883540,stevenlamastra@matrixservicecompany.com,https://www.matrixnac.com/,Steven LaMastra,https://evitp.org/louisiana/listing/matrix-nac,evitp.org,2026-08-31
30.531133,-91.182303,louisiana,Miller Electric Company,"Louisiana, USA",9048324423,mhall@mecojax.com,https://www.mecojax.com/,Mike Hall,https://evitp.org/louisiana/listing/miller-electric-company,evitp.org,2026-08-31
30.773431,-89.871724,louisiana,"NECO, LLC","724 Ave F, Bogalusa, LA, 70427USA",9857324624,necollc@bellsouth.net,,Andy Nevers,https://evitp.org/louisiana/listing/neco-llc,evitp.org,2026-08-31
30.518121,-91.178184,louisiana,New River Electrical Corporation,"Louisiana, USA",5405267501,ahartsfield@nrec.net,https://www.newriverelectrical.com/,Jonathan Aaron Hartsfield,https://evitp.org/louisiana/listing/new-river-electrical-corporation,evitp.org,2026-08-31
29.956412,-89.978628,louisiana,"Ordes Electric, Inc.","3401 Jean Lafitte Parkway, Chalmette, LA, 70043, USA",5042714013,sordes@ordeselectric.com,http://www.ordeselectric.com/,Steven Ordes,https://evitp.org/louisiana/listing/ordes-electric-inc,evitp.org,2026-08-31
30.941905,-91.94448,louisiana,Parsons Electric,"Louisiana, USA",17635287670,brad.bacon@pecsolutions.com,https://www.pecsolutions.com/,Brad Bacon,https://evitp.org/louisiana/listing/parsons-electric,evitp.org,2026-08-31
30.001039,-90.188813,louisiana,"PERC Enterprises, inc.","2817 Harvard Avenue, Suite 101, Metairie, LA, 70006, USA",5042651245,ejordan@percinc.com,http://www.percenterprisesinc.com/,Esop Jordan,https://evitp.org/louisiana/listing/perc-enterprises-inc,evitp.org,2026-08-31
30.2133,-93.356486,louisiana,"Phoenix Electric, LLC.","1810 Patton St, Sulphur, LA, 70665, USA",3378821870,ferrel@phoenixelectricusa.com,http://phoenixelectricusa.com/index.html,Ferrel Landry,https://evitp.org/louisiana/listing/phoenix-electric-llc,evitp.org,2026-08-31
29.965004,-90.100581,louisiana,"Pontchartrain Partners, LLC","739 South Clark Street, New Orleans, LA, 70119, USA",5048723199,bart.cook@pontchpartners.com,https://pontchpartners.com/,Bart Cook,https://evitp.org/louisiana/listing/pontchartrain-partners-llc,evitp.org,2026-08-31
43.844597,-70.28043,louisiana,"Richardson Electrical Co., Inc.","Maine, USA",6034743900,vrichardson@richardsonelectrical.us,https://richardsonelectrical.us/,Vaughan Richardson,https://evitp.org/louisiana/listing/richardson-electrical-co-inc,evitp.org,2026-08-31
30.519078,-91.520862,louisiana,Royal Electric Company,"Louisiana, USA",9166965744,jeffc@royalelect.com,https://www.royalelect.com/,Jeff Cavanagh,https://evitp.org/louisiana/listing/royal-electric-company,evitp.org,2026-08-31
31.005488,-92.006278,louisiana,"Shambaugh and Son, L.P.","Louisiana, USA",12604877846,dhearld@shambaugh.com,https://shambaugh.com/,Douglas M. Hearld,https://evitp.org/louisiana/listing/shambaugh-and-sons-l-p,evitp.org,2026-08-31
30.519078,-91.520862,louisiana,"Shelby Electric Co., Inc.","Louisiana, USA",9019477300,cjcox@shelbyelectric.net,https://shelbyelectric.net/,Chris Cox,https://evitp.org/louisiana/listing/shelby-electric-co-inc,evitp.org,2026-08-31
30.519078,-91.520862,louisiana,The Oscar W. Larson Company,"Louisiana, USA",8103974757,justin.spence@owlservices.com,https://www.larsonco.com/,Justin Spence,https://evitp.org/louisiana/listing/the-oscar-w-larson-company,evitp.org,2026-08-31
31.052559,-91.884056,louisiana,The State Group Industrial (USA) Limited,"Louisiana, USA",5869921572,Michigan.estimating@stategroup.com,https://stategroup.com/,Gino Robinet – Statewide Coordinator,https://evitp.org/louisiana/listing/the-state-group-industrial-usa-limited,evitp.org,2026-08-31
30.519078,-91.520862,louisiana,"Unity Works Solutions, LLC","Louisiana, USA",2057323766,andrew.honeycutt@unityws.com,https://unityworkslighting.com/,,https://evitp.org/louisiana/listing/unity-works-solutions-llc,evitp.org,2026-08-31
29.956525,-90.136427,louisiana,"Walter J. Barnes Electric Co., Inc.","400 Dakin Street, Jefferson, LA, 70121, USA",5048351756,info@wjbe.com,http://wjbe.com/,Nick Gagliano,https://evitp.org/louisiana/listing/walter-j-barnes-electric-co-inc,evitp.org,2026-08-31
30.984298,-91.962333,louisiana,"Weaver Electric, inc.","Louisiana, USA",2282657740,scottsmith@weaverelectric.com,,,https://evitp.org/louisiana/listing/weaver-electric-inc,evitp.org,2026-08-31
30.984298,-91.962333,louisiana,White Electrical Construction Company,"Louisiana, USA",19126637148,sgraham@white-electrical.com,http://www.white-electrical.com/,,https://evitp.org/louisiana/listing/white-electrical-construction-company,evitp.org,2026-08-31
32.532651,-93.504063,louisiana,"Wood Electric, Inc.","P.O. Box 358, Haughton, LA, 71067, USA",3164588866,woodelectric@aol.com,,"Chris Wood              
             
                             
         
     
 
     
     
         
             
                  Redo search when map moved 
             
              
         
     
 
 
 
 
     
         Showing 39 results 
     
  
 
 											 

									 
					 
			 
   
    

	 
		 

			 
	 
		
		 
			 

				
 
			 
			 			  
	   


 
 

 
	   


The Electric Vehicle Infrastructure Training Program (EVITP) provides training and certification for electricians installing electric vehicle supply equipment (EVSE).  
		 		 
			 
					 
			 
			 			  
		 		 
			 
			  Contact Info 			  
	 
		 
			  		 
	 
	  Canada: www.NETCO.org 
 

 
	 
		 
			  		 
	 
	  United States:  EVITP, 811 N. Main Street, Suite 202,                     Royal Oak, MI  48067
 
 

 
	 
		 
			  		 
	 
	   info@evitp.org 
  
		 		 
	 			 
		 
		 
 


 
			 
			 

			
			 

			 
	 
		 Copyright © 2026 EVITP - ALL RIGHTS RESERVED -  TERMS OF USE  	 
	 
			 
 
			 

				 
		 
	 
		 
	 

   
   
 
{""prefetch"":[{""source"":""document"",""where"":{""and"":[{""href_matches"":""/*""},{""not"":{""href_matches"":[""/wp-*.php"",""/wp-admin/*"",""/wp-content/uploads/*"",""/wp-content/*"",""/wp-content/plugins/*"",""/wp-content/themes/siennawp/*"",""/*\\?(.+)""]}},{""not"":{""selector_matches"":""a[rel~=\""nofollow\""]""}},{""not"":{""selector_matches"":"".no-prefetch, .no-prefetch a""}}]},""eagerness"":""conservative""}]}
 
		  
		 
jQuery(document).ready(function($) {
SABAI.init($(""#sabai-content""));
});
   
  
  
  
  
  
  
 
wp.i18n.setLocaleData( { 'text direction\u0004ltr': [ 'ltr' ] } );
//# sourceURL=wp-i18n-js-after
 
  
 
var wpcf7 = {
    ""api"": {
        ""root"": ""https:\/\/evitp.org\/wp-json\/"",
        ""namespace"": ""contact-form-7\/v1""
    }
};
//# sourceURL=contact-form-7-js-before
 
  
 
var cf7appsHoneypotRefill = {""forceRefillOnInit"":""""};
//# sourceURL=cf7apps-honeypot-refill-js-extra
 
  
  
  
 
var mejsL10n = {""language"":""en"",""strings"":{""mejs.download-file"":""Download File"",""mejs.install-flash"":""You are using a browser that does not have Flash player enabled or installed. Please turn on your Flash player plugin or download the latest version from https://get.adobe.com/flashplayer/"",""mejs.fullscreen"":""Fullscreen"",""mejs.play"":""Play"",""mejs.pause"":""Pause"",""mejs.time-slider"":""Time Slider"",""mejs.time-help-text"":""Use Left/Right Arrow keys to advance one second, Up/Down arrows to advance ten seconds."",""mejs.live-broadcast"":""Live Broadcast"",""mejs.volume-help-text"":""Use Up/Down Arrow keys to increase or decrease volume."",""mejs.unmute"":""Unmute"",""mejs.mute"":""Mute"",""mejs.volume-slider"":""Volume Slider"",""mejs.video-player"":""Video Player"",""mejs.audio-player"":""Audio Player"",""mejs.captions-subtitles"":""Captions/Subtitles"",""mejs.captions-chapters"":""Chapters"",""mejs.none"":""None"",""mejs.afrikaans"":""Afrikaans"",""mejs.albanian"":""Albanian"",""mejs.arabic"":""Arabic"",""mejs.belarusian"":""Belarusian"",""mejs.bulgarian"":""Bulgarian"",""mejs.catalan"":""Catalan"",""mejs.chinese"":""Chinese"",""mejs.chinese-simplified"":""Chinese (Simplified)"",""mejs.chinese-traditional"":""Chinese (Traditional)"",""mejs.croatian"":""Croatian"",""mejs.czech"":""Czech"",""mejs.danish"":""Danish"",""mejs.dutch"":""Dutch"",""mejs.english"":""English"",""mejs.estonian"":""Estonian"",""mejs.filipino"":""Filipino"",""mejs.finnish"":""Finnish"",""mejs.french"":""French"",""mejs.galician"":""Galician"",""mejs.german"":""German"",""mejs.greek"":""Greek"",""mejs.haitian-creole"":""Haitian Creole"",""mejs.hebrew"":""Hebrew"",""mejs.hindi"":""Hindi"",""mejs.hungarian"":""Hungarian"",""mejs.icelandic"":""Icelandic"",""mejs.indonesian"":""Indonesian"",""mejs.irish"":""Irish"",""mejs.italian"":""Italian"",""mejs.japanese"":""Japanese"",""mejs.korean"":""Korean"",""mejs.latvian"":""Latvian"",""mejs.lithuanian"":""Lithuanian"",""mejs.macedonian"":""Macedonian"",""mejs.malay"":""Malay"",""mejs.maltese"":""Maltese"",""mejs.norwegian"":""Norwegian"",""mejs.persian"":""Persian"",""mejs.polish"":""Polish"",""mejs.portuguese"":""Portuguese"",""mejs.romanian"":""Romanian"",""mejs.russian"":""Russian"",""mejs.serbian"":""Serbian"",""mejs.slovak"":""Slovak"",""mejs.slovenian"":""Slovenian"",""mejs.spanish"":""Spanish"",""mejs.swahili"":""Swahili"",""mejs.swedish"":""Swedish"",""mejs.tagalog"":""Tagalog"",""mejs.thai"":""Thai"",""mejs.turkish"":""Turkish"",""mejs.ukrainian"":""Ukrainian"",""mejs.vietnamese"":""Vietnamese"",""mejs.welsh"":""Welsh"",""mejs.yiddish"":""Yiddish""}};
//# sourceURL=mediaelement-core-js-before
 
  
  
 
var _wpmejsSettings = {""pluginPath"":""/wp-includes/js/mediaelement/"",""classPrefix"":""mejs-"",""stretching"":""responsive"",""audioShortcodeLibrary"":""mediaelement"",""videoShortcodeLibrary"":""mediaelement""};
//# sourceURL=mediaelement-js-extra
 
  
  
  
  
  
  
  
  
  
  
  
  
  
  
  
  
  
  
  
  
  
  
  
  
  
  
  
  
  
  
  
  
 
var mkdfGlobalVars = {""vars"":{""mkdfAddForAdminBar"":0,""mkdfElementAppearAmount"":-150,""mkdfFinishedMessage"":""No more posts"",""mkdfMessage"":""Loading new posts..."",""mkdfTopBarHeight"":42,""mkdfStickyHeaderHeight"":0,""mkdfStickyHeaderTransparencyHeight"":60,""mkdfLogoAreaHeight"":0,""mkdfMenuAreaHeight"":131,""mkdfMobileHeaderHeight"":100}};
var mkdfPerPageVars = {""vars"":{""mkdfStickyScrollAmount"":450,""mkdfStickyScrollAmountFullScreen"":false,""mkdfHeaderTransparencyHeight"":0}};
//# sourceURL=sienna-mikado-modules-js-extra
 
  
  
  
 
var mkdfLike = {""ajaxurl"":""https://evitp.org/wp-admin/admin-ajax.php""};
//# sourceURL=sienna-mikado-like-js-extra
 
  
 
var GEM = {""thankyou"":""Thank you for signing up!"",""thankyou_suppressed"":""Thank you for signing up! Please check your email to confirm your subscription."",""oops"":""Oops! There was a problem. Please try again."",""email"":""Please enter a valid email address."",""required"":""%s is a required field.""};
//# sourceURL=gem-main-js-extra
 
  
  
  
 
var wpcf7_recaptcha = {
    ""sitekey"": ""6LdAGgcgAAAAALmBeuQZgYH6HTEI3KlPBF86-YxA"",
    ""actions"": {
        ""homepage"": ""homepage"",
        ""contactform"": ""contactform""
    }
};
//# sourceURL=wpcf7-recaptcha-js-before
 
  
 
{""baseUrl"":""https://s.w.org/images/core/emoji/17.0.2/72x72/"",""ext"":"".png"",""svgUrl"":""https://s.w.org/images/core/emoji/17.0.2/svg/"",""svgExt"":"".svg"",""source"":{""concatemoji"":""https://evitp.org/wp-includes/js/wp-emoji-release.min.js?ver=7.0.4""}}
 
 
/*! This file is auto-generated */
var e=""script#wp-emoji-settings"",t=document.querySelector(e);if(!(t instanceof HTMLScriptElement))throw new Error(""Element missing: ""+e);const r=JSON.parse(t.text),s=(window._wpemojiSettings=r,""wpEmojiSettingsSupports""),o=[""flag"",""emoji""];function i(e){try{var t={supportTests:e,timestamp:(new Date).valueOf()};sessionStorage.setItem(s,JSON.stringify(t))}catch(e){}}function c(e,t,n){e.clearRect(0,0,e.canvas.width,e.canvas.height),e.fillText(t,0,0);t=new Uint32Array(e.getImageData(0,0,e.canvas.width,e.canvas.height).data);e.clearRect(0,0,e.canvas.width,e.canvas.height),e.fillText(n,0,0);const r=new Uint32Array(e.getImageData(0,0,e.canvas.width,e.canvas.height).data);return t.every((e,t)=>e===r[t])}function p(e,t){e.clearRect(0,0,e.canvas.width,e.canvas.height),e.fillText(t,0,0);var n=e.getImageData(16,16,1,1);for(let e=0;e {o[e]=t(s,e,n,r)}),o}function a(e){var t=document.createElement(""script"");t.src=e,t.defer=!0,document.head.appendChild(t)}r.supports={everything:!0,everythingExceptFlag:!0},new Promise(t=>{let n=function(){try{var e=JSON.parse(sessionStorage.getItem(s));if(""object""==typeof e&&""number""==typeof e.timestamp&&(new Date).valueOf() {i(n=e.data),a.terminate(),t(n)})}catch(e){}i(n=f(o,u,c,p))}t(n)}).then(e=>{for(const n in e)r.supports[n]=e[n],r.supports.everything=r.supports.everything&&r.supports[n],""flag""!==n&&(r.supports.everythingExceptFlag=r.supports.everythingExceptFlag&&r.supports[n]);var t;r.supports.everythingExceptFlag=r.supports.everythingExceptFlag&&!r.supports.flag,r.supports.everything||((t=r.source||{}).concatemoji?a(t.concatemoji):t.wpemoji&&t.twemoji&&(a(t.twemoji),a(t.wpemoji)))});
//# sourceURL=https://evitp.org/wp-includes/js/wp-emoji-loader.min.js
 
 			  
			 
				/* @v3-js:start */
					let c4wp_onloadCallback = function() {
						for ( var i = 0; i   {
						if ( typeof jQuery !== 'undefined' && jQuery( 'input[id*=""c4wp-wc-checkout""]' ).length ) {
							var element = document.createElement('div');
							var html = '     ';
							element.innerHTML = html;
							jQuery( '[class*=""c4wp-wc-checkout""]' ).append( element );
							jQuery( '[class*=""c4wp-wc-checkout""]' ).find('*').off();
							c4wp_onloadCallback();
						}
					});
				/* @v3-js:end */",https://evitp.org/louisiana/listing/wood-electric-inc,evitp.org,2026-08-31
45.253783,-69.445469,maine,ACSES,"Maine, USA",6035088567,bash_acses@comcast.net,https://www.lightlinklook.com/,Bryan D Ash,https://evitp.org/maine/listing/acses,evitp.org,2026-08-31
44.912466,-68.808262,maine,All-Pro Electric,"Maine, USA",9784690100,mikeh@allproelectric.com,https://www.allproelectric.com/,Michael Harrington,https://evitp.org/maine/listing/all-pro-electric,evitp.org,2026-08-31
45.253783,-69.445469,maine,Dagle Electrical Construction Corp.,"Maine, USA",8003791459,dec@deccorp.com,https://deccorp.com/,Maureen Dagle,https://evitp.org/maine/listing/dagle-electrical-construction-corp,evitp.org,2026-08-31
45.374498,-69.523746,maine,"Dcarponi Electric, LLC.","Maine, USA",6038179258,tom@scarponielectric.com,https://scarponielectric.com/,,https://evitp.org/maine/listing/dcarponi-electric-llc,evitp.org,2026-08-31
44.935803,-68.907139,maine,Defiance Electric,"Maine, USA",6036324982,travis@defianceelectric.com,https://www.defianceelectric.com/,Travis Boucher,https://evitp.org/maine/listing/defiance-electric,evitp.org,2026-08-31
43.812895,-70.192539,maine,Miller Electric Company,"Maine, USA",9048324423,mhall@mecojax.com,https://www.mecojax.com/,Mike Hall,https://evitp.org/maine/listing/miller-electric-company,evitp.org,2026-08-31
43.460648,-70.489855,maine,Moulison Heavy Electrical,"10 Iron Trail Road, Biddeford, ME, 04005, USA",2075906946,jhustus@moulison.com,https://www.moulison.com/,John Hustes,https://evitp.org/maine/listing/moulison-heavy-electrical,evitp.org,2026-08-31
45.253783,-69.445469,maine,"NEC Group, LLC","Maine, USA",6035028183,kbarnard@necgroup.com,https://www.necgroup.com/,Keith Barnard,https://evitp.org/maine/listing/nec-group-llc,evitp.org,2026-08-31
44.859925,-68.76981,maine,New River Electrical Corporation,"Maine, USA",5405267501,ahartsfield@nrec.net,https://www.newriverelectrical.com/,Jonathan Aaron Hartsfeld,https://evitp.org/maine/listing/new-river-electrical-corporation,evitp.org,2026-08-31
45.663157,-68.68878,maine,Pine State Electric,"127 New Jersey St, Millinocket, ME, 04462, USA",2074470840,rwackeken@myfairpoint.net,,Rick Waceken,https://evitp.org/maine/listing/pine-state-electric,evitp.org,2026-08-31
45.319484,-69.632237,maine,"Riggs Distler & Co., Inc.","Maine, USA",6093525070,jsimpson@riggsdistler.com,https://riggsdistler.com/,Jeffrey Simpson,https://evitp.org/maine/listing/riggs-distler-co-inc,evitp.org,2026-08-31
44.063517,-70.189808,maine,Sargent Electric Company - Northeast Office,"45 Alfred A Plourde Parkway, Lewiston, ME, 04240, USA",4123947600,info@sargentelectric.com,https://www.sargentelectric.com/,Tim Snyder,https://evitp.org/maine/listing/sargent-electric-company-northeast-office,evitp.org,2026-08-31
45.253783,-69.445469,maine,Smart Green Solar,"Maine, USA",4015372294,info@smartgreen.solar,https://smartgreensolar.com/,Joseph Bednarik,https://evitp.org/maine/listing/smart-green-solar,evitp.org,2026-08-31
45.253783,-69.445469,maine,"Stewart Electrical Contracting, Inc.","Maine, USA",18008979423,support@stewartelectricalcontracting.com,https://www.stewartelectricalcontracting.com/,Colby Bruce,https://evitp.org/maine/listing/stewart-electrical-contracting-inc,evitp.org,2026-08-31
45.220904,-69.089787,maine,The State Group Industrial (USA) Limited,"Maine, USA",5869921572,Michigan.estimating@stategroup.com,https://stategroup.com/,Gino Robinet – Statewide Coordinator,https://evitp.org/maine/listing/the-state-group-industrial-usa-limited,evitp.org,2026-08-31
43.660747,-70.249002,maine,"Tilson Technology Management, Inc.","16 Middle St 4th floor, Portland, ME, 04101, USA",4343901227,jaman@tilsontech.com,https://tilsontech.com/,"Ryan Pittman              
             
                             
         
     
 
     
     
         
             
                  Redo search when map moved 
             
              
         
     
 
 
 
 
     
         Showing 16 results 
     
  
 
 											 

									 
					 
			 
   
    

	 
		 

			 
	 
		
		 
			 

				
 
			 
			 			  
	   


 
 

 
	   


The Electric Vehicle Infrastructure Training Program (EVITP) provides training and certification for electricians installing electric vehicle supply equipment (EVSE).  
		 		 
			 
					 
			 
			 			  
		 		 
			 
			  Contact Info 			  
	 
		 
			  		 
	 
	  Canada: www.NETCO.org 
 

 
	 
		 
			  		 
	 
	  United States:  EVITP, 811 N. Main Street, Suite 202,                     Royal Oak, MI  48067
 
 

 
	 
		 
			  		 
	 
	   info@evitp.org 
  
		 		 
	 			 
		 
		 
 


 
			 
			 

			
			 

			 
	 
		 Copyright © 2026 EVITP - ALL RIGHTS RESERVED -  TERMS OF USE  	 
	 
			 
 
			 

				 
		 
	 
		 
	 

   
   
 
{""prefetch"":[{""source"":""document"",""where"":{""and"":[{""href_matches"":""/*""},{""not"":{""href_matches"":[""/wp-*.php"",""/wp-admin/*"",""/wp-content/uploads/*"",""/wp-content/*"",""/wp-content/plugins/*"",""/wp-content/themes/siennawp/*"",""/*\\?(.+)""]}},{""not"":{""selector_matches"":""a[rel~=\""nofollow\""]""}},{""not"":{""selector_matches"":"".no-prefetch, .no-prefetch a""}}]},""eagerness"":""conservative""}]}
 
		  
		 
jQuery(document).ready(function($) {
SABAI.init($(""#sabai-content""));
});
   
  
  
  
  
  
  
 
wp.i18n.setLocaleData( { 'text direction\u0004ltr': [ 'ltr' ] } );
//# sourceURL=wp-i18n-js-after
 
  
 
var wpcf7 = {
    ""api"": {
        ""root"": ""https:\/\/evitp.org\/wp-json\/"",
        ""namespace"": ""contact-form-7\/v1""
    }
};
//# sourceURL=contact-form-7-js-before
 
  
 
var cf7appsHoneypotRefill = {""forceRefillOnInit"":""""};
//# sourceURL=cf7apps-honeypot-refill-js-extra
 
  
  
  
 
var mejsL10n = {""language"":""en"",""strings"":{""mejs.download-file"":""Download File"",""mejs.install-flash"":""You are using a browser that does not have Flash player enabled or installed. Please turn on your Flash player plugin or download the latest version from https://get.adobe.com/flashplayer/"",""mejs.fullscreen"":""Fullscreen"",""mejs.play"":""Play"",""mejs.pause"":""Pause"",""mejs.time-slider"":""Time Slider"",""mejs.time-help-text"":""Use Left/Right Arrow keys to advance one second, Up/Down arrows to advance ten seconds."",""mejs.live-broadcast"":""Live Broadcast"",""mejs.volume-help-text"":""Use Up/Down Arrow keys to increase or decrease volume."",""mejs.unmute"":""Unmute"",""mejs.mute"":""Mute"",""mejs.volume-slider"":""Volume Slider"",""mejs.video-player"":""Video Player"",""mejs.audio-player"":""Audio Player"",""mejs.captions-subtitles"":""Captions/Subtitles"",""mejs.captions-chapters"":""Chapters"",""mejs.none"":""None"",""mejs.afrikaans"":""Afrikaans"",""mejs.albanian"":""Albanian"",""mejs.arabic"":""Arabic"",""mejs.belarusian"":""Belarusian"",""mejs.bulgarian"":""Bulgarian"",""mejs.catalan"":""Catalan"",""mejs.chinese"":""Chinese"",""mejs.chinese-simplified"":""Chinese (Simplified)"",""mejs.chinese-traditional"":""Chinese (Traditional)"",""mejs.croatian"":""Croatian"",""mejs.czech"":""Czech"",""mejs.danish"":""Danish"",""mejs.dutch"":""Dutch"",""mejs.english"":""English"",""mejs.estonian"":""Estonian"",""mejs.filipino"":""Filipino"",""mejs.finnish"":""Finnish"",""mejs.french"":""French"",""mejs.galician"":""Galician"",""mejs.german"":""German"",""mejs.greek"":""Greek"",""mejs.haitian-creole"":""Haitian Creole"",""mejs.hebrew"":""Hebrew"",""mejs.hindi"":""Hindi"",""mejs.hungarian"":""Hungarian"",""mejs.icelandic"":""Icelandic"",""mejs.indonesian"":""Indonesian"",""mejs.irish"":""Irish"",""mejs.italian"":""Italian"",""mejs.japanese"":""Japanese"",""mejs.korean"":""Korean"",""mejs.latvian"":""Latvian"",""mejs.lithuanian"":""Lithuanian"",""mejs.macedonian"":""Macedonian"",""mejs.malay"":""Malay"",""mejs.maltese"":""Maltese"",""mejs.norwegian"":""Norwegian"",""mejs.persian"":""Persian"",""mejs.polish"":""Polish"",""mejs.portuguese"":""Portuguese"",""mejs.romanian"":""Romanian"",""mejs.russian"":""Russian"",""mejs.serbian"":""Serbian"",""mejs.slovak"":""Slovak"",""mejs.slovenian"":""Slovenian"",""mejs.spanish"":""Spanish"",""mejs.swahili"":""Swahili"",""mejs.swedish"":""Swedish"",""mejs.tagalog"":""Tagalog"",""mejs.thai"":""Thai"",""mejs.turkish"":""Turkish"",""mejs.ukrainian"":""Ukrainian"",""mejs.vietnamese"":""Vietnamese"",""mejs.welsh"":""Welsh"",""mejs.yiddish"":""Yiddish""}};
//# sourceURL=mediaelement-core-js-before
 
  
  
 
var _wpmejsSettings = {""pluginPath"":""/wp-includes/js/mediaelement/"",""classPrefix"":""mejs-"",""stretching"":""responsive"",""audioShortcodeLibrary"":""mediaelement"",""videoShortcodeLibrary"":""mediaelement""};
//# sourceURL=mediaelement-js-extra
 
  
  
  
  
  
  
  
  
  
  
  
  
  
  
  
  
  
  
  
  
  
  
  
  
  
  
  
  
  
  
  
  
 
var mkdfGlobalVars = {""vars"":{""mkdfAddForAdminBar"":0,""mkdfElementAppearAmount"":-150,""mkdfFinishedMessage"":""No more posts"",""mkdfMessage"":""Loading new posts..."",""mkdfTopBarHeight"":42,""mkdfStickyHeaderHeight"":0,""mkdfStickyHeaderTransparencyHeight"":60,""mkdfLogoAreaHeight"":0,""mkdfMenuAreaHeight"":131,""mkdfMobileHeaderHeight"":100}};
var mkdfPerPageVars = {""vars"":{""mkdfStickyScrollAmount"":450,""mkdfStickyScrollAmountFullScreen"":false,""mkdfHeaderTransparencyHeight"":0}};
//# sourceURL=sienna-mikado-modules-js-extra
 
  
  
  
 
var mkdfLike = {""ajaxurl"":""https://evitp.org/wp-admin/admin-ajax.php""};
//# sourceURL=sienna-mikado-like-js-extra
 
  
 
var GEM = {""thankyou"":""Thank you for signing up!"",""thankyou_suppressed"":""Thank you for signing up! Please check your email to confirm your subscription."",""oops"":""Oops! There was a problem. Please try again."",""email"":""Please enter a valid email address."",""required"":""%s is a required field.""};
//# sourceURL=gem-main-js-extra
 
  
  
  
 
var wpcf7_recaptcha = {
    ""sitekey"": ""6LdAGgcgAAAAALmBeuQZgYH6HTEI3KlPBF86-YxA"",
    ""actions"": {
        ""homepage"": ""homepage"",
        ""contactform"": ""contactform""
    }
};
//# sourceURL=wpcf7-recaptcha-js-before
 
  
 
{""baseUrl"":""https://s.w.org/images/core/emoji/17.0.2/72x72/"",""ext"":"".png"",""svgUrl"":""https://s.w.org/images/core/emoji/17.0.2/svg/"",""svgExt"":"".svg"",""source"":{""concatemoji"":""https://evitp.org/wp-includes/js/wp-emoji-release.min.js?ver=7.0.4""}}
 
 
/*! This file is auto-generated */
var e=""script#wp-emoji-settings"",t=document.querySelector(e);if(!(t instanceof HTMLScriptElement))throw new Error(""Element missing: ""+e);const r=JSON.parse(t.text),s=(window._wpemojiSettings=r,""wpEmojiSettingsSupports""),o=[""flag"",""emoji""];function i(e){try{var t={supportTests:e,timestamp:(new Date).valueOf()};sessionStorage.setItem(s,JSON.stringify(t))}catch(e){}}function c(e,t,n){e.clearRect(0,0,e.canvas.width,e.canvas.height),e.fillText(t,0,0);t=new Uint32Array(e.getImageData(0,0,e.canvas.width,e.canvas.height).data);e.clearRect(0,0,e.canvas.width,e.canvas.height),e.fillText(n,0,0);const r=new Uint32Array(e.getImageData(0,0,e.canvas.width,e.canvas.height).data);return t.every((e,t)=>e===r[t])}function p(e,t){e.clearRect(0,0,e.canvas.width,e.canvas.height),e.fillText(t,0,0);var n=e.getImageData(16,16,1,1);for(let e=0;e {o[e]=t(s,e,n,r)}),o}function a(e){var t=document.createElement(""script"");t.src=e,t.defer=!0,document.head.appendChild(t)}r.supports={everything:!0,everythingExceptFlag:!0},new Promise(t=>{let n=function(){try{var e=JSON.parse(sessionStorage.getItem(s));if(""object""==typeof e&&""number""==typeof e.timestamp&&(new Date).valueOf() {i(n=e.data),a.terminate(),t(n)})}catch(e){}i(n=f(o,u,c,p))}t(n)}).then(e=>{for(const n in e)r.supports[n]=e[n],r.supports.everything=r.supports.everything&&r.supports[n],""flag""!==n&&(r.supports.everythingExceptFlag=r.supports.everythingExceptFlag&&r.supports[n]);var t;r.supports.everythingExceptFlag=r.supports.everythingExceptFlag&&!r.supports.flag,r.supports.everything||((t=r.source||{}).concatemoji?a(t.concatemoji):t.wpemoji&&t.twemoji&&(a(t.twemoji),a(t.wpemoji)))});
//# sourceURL=https://evitp.org/wp-includes/js/wp-emoji-loader.min.js
 
 			  
			 
				/* @v3-js:start */
					let c4wp_onloadCallback = function() {
						for ( var i = 0; i   {
						if ( typeof jQuery !== 'undefined' && jQuery( 'input[id*=""c4wp-wc-checkout""]' ).length ) {
							var element = document.createElement('div');
							var html = '     ';
							element.innerHTML = html;
							jQuery( '[class*=""c4wp-wc-checkout""]' ).append( element );
							jQuery( '[class*=""c4wp-wc-checkout""]' ).find('*').off();
							c4wp_onloadCallback();
						}
					});
				/* @v3-js:end */",https://evitp.org/maine/listing/tilson-technology-management-inc,evitp.org,2026-08-31
39.045755,-76.641271,maryland,"Aldridge Electric, Inc","Maryland, USA",18472761127,ggiovannetti@aldridgegroup.com,https://www.aldridgegroup.com/,Gina Giovanetti,https://evitp.org/maryland/listing/aldridge-electric-inc,evitp.org,2026-08-31
39.045755,-76.641271,maryland,Allstate Sales Group,"Maryland, USA",7323355588,aabadie@asginc.us,https://www.asginc.us/,Anne Abadie,https://evitp.org/maryland/listing/allstate-sales-group,evitp.org,2026-08-31
39.045755,-76.641271,maryland,"Battaglia Electric, Inc.","Maryland, USA",13023256100,jmeyer@battag.com,http://battag.com/,Jim Meyer,https://evitp.org/maryland/listing/battaglia-electric-inc,evitp.org,2026-08-31
39.045755,-76.641271,maryland,Bruce & Merrilees Electric Co.,"Maryland, USA",5708843404213,nlosiewicz@bruceandmerrilees.com,https://www.bruceandmerrilees.com/,Nate Losiewicz,https://evitp.org/maryland/listing/bruce-merrilees-electric-co,evitp.org,2026-08-31
38.907192,-77.036871,maryland,Brytemove Energy,"District of Columbia, USA",7142379200,jkrajniak@brytemove.com,https://www.brytemove.com/,David Krajniak,https://evitp.org/maryland/listing/brytemove-energy,evitp.org,2026-08-31
39.045755,-76.641271,maryland,"Carr and /Duff, Inc.","Maryland, USA",12153282490,sduff@carduff.com,https://carrduff.com/,,https://evitp.org/maryland/listing/carr-and-duff-inc,evitp.org,2026-08-31
39.045755,-76.641271,maryland,"Cellectric Electric, LLC.","Maryland, USA",3153743017,,http://cellectric.net/,,https://evitp.org/maryland/listing/cellectric-electric-llc,evitp.org,2026-08-31
39.105951,-76.848808,maryland,"City Power DC, LLC","410 Main Street unit 1, Laurel, MD, 20707, USA",3015027380,tcrossland@citypowerdc.com,https://www.citypowerdc.com/,Tyrone Crossland,https://evitp.org/maryland/listing/city-power-dc-llc,evitp.org,2026-08-31
39.045755,-76.641271,maryland,Edwin L. Heim Company,"Maryland, USA",7172338711,rberkheimer@elheim.com,https://www.edwinlheim.com/,Rick Berkheimer,https://evitp.org/maryland/listing/edwin-l-heim-company,evitp.org,2026-08-31
39.045755,-76.641271,maryland,"EV Charging Installers of America, LLC","Maryland, USA",9738971697,chris.lehr@evcharginginstallers.com,https://www.evcharginginstallers.com/,,https://evitp.org/maryland/listing/ev-charging-installers-of-america-llc,evitp.org,2026-08-31
39.045755,-76.641271,maryland,"Fuyrness Electric Company, Inc.","Maryland, USA",3027646030,dgutowski@furnesselectric.com,http://furnesselectric.com/,Daniel Gutowski,https://evitp.org/maryland/listing/fuyrness-electric-company-inc,evitp.org,2026-08-31
39.045755,-76.641271,maryland,"I.B. Abel, Inc.","Maryland, USA",17178942988,wboyer@ib-abel.com,https://www.ib-abel.com/,Waylon Boyer,https://evitp.org/maryland/listing/i-b-abel-inc,evitp.org,2026-08-31
39.045755,-76.641271,maryland,"Iteris, Inc.","Maryland, USA",6576528288,bakerley@iteris.com,https://www.iteris.com/,Brian Akerley,https://evitp.org/maryland/listing/iteris,evitp.org,2026-08-31
38.364591,-76.464582,maryland,"JTG Electric, LLC","1120 Coster Rd, Lusby, MD, 20657, USA",8555846467,jimmyg@jtgelectricllc.com,https://www.jtg-electric.com/,James Galloway,https://evitp.org/maryland/listing/jtg-electric-llc,evitp.org,2026-08-31
39.045755,-76.641271,maryland,"Little's Quality Contracting, LLC","Maryland, USA",7033988496,david@lqcontracting.com,https://lqcontracting.com/,David little,https://evitp.org/maryland/listing/littles-quality-contracting-llc,evitp.org,2026-08-31
39.045755,-76.641271,maryland,"Lux Solutions, LLC","Maryland, USA",6266645289,gvasques@luxsolutions.com,,Gerardo Vasquez,https://evitp.org/maryland/listing/lux-solutions-llc,evitp.org,2026-08-31
39.045755,-76.641271,maryland,Matrix NAC,"Maryland, USA",6108769292,stevenlamastra@matrixservicecompany.com,,Steven LaMastra,https://evitp.org/maryland/listing/matrix-nac,evitp.org,2026-08-31
39.311891,-76.633031,maryland,Miller Electric Company,"MD, USA",9048324423,mhall@mecojax.com,https://www.mecojax.com/,Mike Hall,https://evitp.org/maryland/listing/miller-electric-company,evitp.org,2026-08-31
38.953011,-76.548823,maryland,New River Electrical Corporation,"Anne Arundel County, MD, USA      Baltimore, MD, USA      Howard County, MD, USA      Prince George County, MD, USA",5405267501,ahartsfield@nrec.net,https://www.newriverelectrical.com/,Jonathan Aaron Hartsfield,https://evitp.org/maryland/listing/new-river-electrical-corporation,evitp.org,2026-08-31
39.045755,-76.641271,maryland,Nucero Electric,"Maryland, USA",16107680400,cfox@hbfrazer.com,https://www.hbfrazer.com/,Curt Fox,https://evitp.org/maryland/listing/nucero-electric,evitp.org,2026-08-31
39.045755,-76.641271,maryland,Parsons Electric,"Maryland, USA",17635287670,brad.bacon@pecsolutions.com,https://www.pecsolutions.com/,Brad Bacon,https://evitp.org/maryland/listing/parsons-electric,evitp.org,2026-08-31
38.969618,-76.986239,maryland,Precise Building Services,"6507 Red Top Road, Hyattsville, MD, 20783, USA",2028272214,service@precisebuildingservices.com,https://precisebuildingservices.com/,Ariel Aklilu,https://evitp.org/maryland/listing/precise-building-services,evitp.org,2026-08-31
39.045755,-76.641271,maryland,"Riggs Distler & Co., Inc","Maryland, USA",6093525070,jsimpson@riggsdistler.com,https://riggsdistler.com/,Jeffrey Simpson,https://evitp.org/maryland/listing/riggs-distler-co-inc,evitp.org,2026-08-31
39.263914,-76.462419,maryland,"Riggs Distler & Co., Inc.","4216 North Point Road, Dundalk, MD, 21222, USA",16093525070,jsimpson@riggsdistler.com,https://riggsdistler.com/,Jeffrey Simpson,https://evitp.org/maryland/listing/riggs-distler-co-inc-1,evitp.org,2026-08-31
38.593442,-76.942516,maryland,"RMS Electrical Services, Inc.","4470 Regency Place, Ste 112, White Plains, MD, 20695, USA",2404350384,dsunderlin@rmselectricalinc.com,https://rmselectricalinc.com/,,https://evitp.org/maryland/listing/rms-electrical-services-inc,evitp.org,2026-08-31
39.404002,-75.867439,maryland,Ross Engineering,"PO Box 640, Cecilton, MD. 21919, USA",4109202800,solutions@ross.engineering,https://ross.engineering/,Ron Ross,https://evitp.org/maryland/listing/ross-engineering,evitp.org,2026-08-31
39.045755,-76.641271,maryland,"Salone Solutions, LLC","Maryland, USA",5406992731,info@salonesolutions.com,,Leslie Salone,https://evitp.org/maryland/listing/salone-solutions-llc,evitp.org,2026-08-31
39.290385,-76.612189,maryland,Sargent Electric Company,"Baltimore, Maryland, USA",4123947600,info@sargentelectric.com,https://www.sargentelectric.com/,Tim Snyder,https://evitp.org/maryland/listing/sargent-electric-company,evitp.org,2026-08-31
39.045755,-76.641271,maryland,"Shambaugh and Son, L.P.","Maryland, USA",12604877846,dhearld@shambaugh.com,https://shambaugh.com/,Douglas M. Hearld,https://evitp.org/maryland/listing/shambaugh-and-son-l-p,evitp.org,2026-08-31
39.045755,-76.641271,maryland,"Total power & Electrical Solutions, Inc.","Maryland, USA",6094966517,krodgers@totalpower-inc.com,https://totalpower-inc.com/,Keith Rodgers,https://evitp.org/maryland/listing/total-power-electrical-solutions-inc,evitp.org,2026-08-31
39.045755,-76.641271,maryland,Treehouse,"Maryland, USA",3235776795,hello@treehouse.pro,https://treehouse.pro/,"Cullen Peters              
             
                             
         
     
 
     
     
         
             
                  Redo search when map moved 
             
              
         
     
 
 
 
 
     
         Showing 31 results 
     
  
 
 											 

									 
					 
			 
   
    

	 
		 

			 
	 
		
		 
			 

				
 
			 
			 			  
	   


 
 

 
	   


The Electric Vehicle Infrastructure Training Program (EVITP) provides training and certification for electricians installing electric vehicle supply equipment (EVSE).  
		 		 
			 
					 
			 
			 			  
		 		 
			 
			  Contact Info 			  
	 
		 
			  		 
	 
	  Canada: www.NETCO.org 
 

 
	 
		 
			  		 
	 
	  United States:  EVITP, 811 N. Main Street, Suite 202,                     Royal Oak, MI  48067
 
 

 
	 
		 
			  		 
	 
	   info@evitp.org 
  
		 		 
	 			 
		 
		 
 


 
			 
			 

			
			 

			 
	 
		 Copyright © 2026 EVITP - ALL RIGHTS RESERVED -  TERMS OF USE  	 
	 
			 
 
			 

				 
		 
	 
		 
	 

   
   
 
{""prefetch"":[{""source"":""document"",""where"":{""and"":[{""href_matches"":""/*""},{""not"":{""href_matches"":[""/wp-*.php"",""/wp-admin/*"",""/wp-content/uploads/*"",""/wp-content/*"",""/wp-content/plugins/*"",""/wp-content/themes/siennawp/*"",""/*\\?(.+)""]}},{""not"":{""selector_matches"":""a[rel~=\""nofollow\""]""}},{""not"":{""selector_matches"":"".no-prefetch, .no-prefetch a""}}]},""eagerness"":""conservative""}]}
 
		  
		 
jQuery(document).ready(function($) {
SABAI.init($(""#sabai-content""));
});
   
  
  
  
  
  
  
 
wp.i18n.setLocaleData( { 'text direction\u0004ltr': [ 'ltr' ] } );
//# sourceURL=wp-i18n-js-after
 
  
 
var wpcf7 = {
    ""api"": {
        ""root"": ""https:\/\/evitp.org\/wp-json\/"",
        ""namespace"": ""contact-form-7\/v1""
    }
};
//# sourceURL=contact-form-7-js-before
 
  
 
var cf7appsHoneypotRefill = {""forceRefillOnInit"":""""};
//# sourceURL=cf7apps-honeypot-refill-js-extra
 
  
  
  
 
var mejsL10n = {""language"":""en"",""strings"":{""mejs.download-file"":""Download File"",""mejs.install-flash"":""You are using a browser that does not have Flash player enabled or installed. Please turn on your Flash player plugin or download the latest version from https://get.adobe.com/flashplayer/"",""mejs.fullscreen"":""Fullscreen"",""mejs.play"":""Play"",""mejs.pause"":""Pause"",""mejs.time-slider"":""Time Slider"",""mejs.time-help-text"":""Use Left/Right Arrow keys to advance one second, Up/Down arrows to advance ten seconds."",""mejs.live-broadcast"":""Live Broadcast"",""mejs.volume-help-text"":""Use Up/Down Arrow keys to increase or decrease volume."",""mejs.unmute"":""Unmute"",""mejs.mute"":""Mute"",""mejs.volume-slider"":""Volume Slider"",""mejs.video-player"":""Video Player"",""mejs.audio-player"":""Audio Player"",""mejs.captions-subtitles"":""Captions/Subtitles"",""mejs.captions-chapters"":""Chapters"",""mejs.none"":""None"",""mejs.afrikaans"":""Afrikaans"",""mejs.albanian"":""Albanian"",""mejs.arabic"":""Arabic"",""mejs.belarusian"":""Belarusian"",""mejs.bulgarian"":""Bulgarian"",""mejs.catalan"":""Catalan"",""mejs.chinese"":""Chinese"",""mejs.chinese-simplified"":""Chinese (Simplified)"",""mejs.chinese-traditional"":""Chinese (Traditional)"",""mejs.croatian"":""Croatian"",""mejs.czech"":""Czech"",""mejs.danish"":""Danish"",""mejs.dutch"":""Dutch"",""mejs.english"":""English"",""mejs.estonian"":""Estonian"",""mejs.filipino"":""Filipino"",""mejs.finnish"":""Finnish"",""mejs.french"":""French"",""mejs.galician"":""Galician"",""mejs.german"":""German"",""mejs.greek"":""Greek"",""mejs.haitian-creole"":""Haitian Creole"",""mejs.hebrew"":""Hebrew"",""mejs.hindi"":""Hindi"",""mejs.hungarian"":""Hungarian"",""mejs.icelandic"":""Icelandic"",""mejs.indonesian"":""Indonesian"",""mejs.irish"":""Irish"",""mejs.italian"":""Italian"",""mejs.japanese"":""Japanese"",""mejs.korean"":""Korean"",""mejs.latvian"":""Latvian"",""mejs.lithuanian"":""Lithuanian"",""mejs.macedonian"":""Macedonian"",""mejs.malay"":""Malay"",""mejs.maltese"":""Maltese"",""mejs.norwegian"":""Norwegian"",""mejs.persian"":""Persian"",""mejs.polish"":""Polish"",""mejs.portuguese"":""Portuguese"",""mejs.romanian"":""Romanian"",""mejs.russian"":""Russian"",""mejs.serbian"":""Serbian"",""mejs.slovak"":""Slovak"",""mejs.slovenian"":""Slovenian"",""mejs.spanish"":""Spanish"",""mejs.swahili"":""Swahili"",""mejs.swedish"":""Swedish"",""mejs.tagalog"":""Tagalog"",""mejs.thai"":""Thai"",""mejs.turkish"":""Turkish"",""mejs.ukrainian"":""Ukrainian"",""mejs.vietnamese"":""Vietnamese"",""mejs.welsh"":""Welsh"",""mejs.yiddish"":""Yiddish""}};
//# sourceURL=mediaelement-core-js-before
 
  
  
 
var _wpmejsSettings = {""pluginPath"":""/wp-includes/js/mediaelement/"",""classPrefix"":""mejs-"",""stretching"":""responsive"",""audioShortcodeLibrary"":""mediaelement"",""videoShortcodeLibrary"":""mediaelement""};
//# sourceURL=mediaelement-js-extra
 
  
  
  
  
  
  
  
  
  
  
  
  
  
  
  
  
  
  
  
  
  
  
  
  
  
  
  
  
  
  
  
  
 
var mkdfGlobalVars = {""vars"":{""mkdfAddForAdminBar"":0,""mkdfElementAppearAmount"":-150,""mkdfFinishedMessage"":""No more posts"",""mkdfMessage"":""Loading new posts..."",""mkdfTopBarHeight"":42,""mkdfStickyHeaderHeight"":0,""mkdfStickyHeaderTransparencyHeight"":60,""mkdfLogoAreaHeight"":0,""mkdfMenuAreaHeight"":131,""mkdfMobileHeaderHeight"":100}};
var mkdfPerPageVars = {""vars"":{""mkdfStickyScrollAmount"":450,""mkdfStickyScrollAmountFullScreen"":false,""mkdfHeaderTransparencyHeight"":0}};
//# sourceURL=sienna-mikado-modules-js-extra
 
  
  
  
 
var mkdfLike = {""ajaxurl"":""https://evitp.org/wp-admin/admin-ajax.php""};
//# sourceURL=sienna-mikado-like-js-extra
 
  
 
var GEM = {""thankyou"":""Thank you for signing up!"",""thankyou_suppressed"":""Thank you for signing up! Please check your email to confirm your subscription."",""oops"":""Oops! There was a problem. Please try again."",""email"":""Please enter a valid email address."",""required"":""%s is a required field.""};
//# sourceURL=gem-main-js-extra
 
  
  
  
 
var wpcf7_recaptcha = {
    ""sitekey"": ""6LdAGgcgAAAAALmBeuQZgYH6HTEI3KlPBF86-YxA"",
    ""actions"": {
        ""homepage"": ""homepage"",
        ""contactform"": ""contactform""
    }
};
//# sourceURL=wpcf7-recaptcha-js-before
 
  
 
{""baseUrl"":""https://s.w.org/images/core/emoji/17.0.2/72x72/"",""ext"":"".png"",""svgUrl"":""https://s.w.org/images/core/emoji/17.0.2/svg/"",""svgExt"":"".svg"",""source"":{""concatemoji"":""https://evitp.org/wp-includes/js/wp-emoji-release.min.js?ver=7.0.4""}}
 
 
/*! This file is auto-generated */
var e=""script#wp-emoji-settings"",t=document.querySelector(e);if(!(t instanceof HTMLScriptElement))throw new Error(""Element missing: ""+e);const r=JSON.parse(t.text),s=(window._wpemojiSettings=r,""wpEmojiSettingsSupports""),o=[""flag"",""emoji""];function i(e){try{var t={supportTests:e,timestamp:(new Date).valueOf()};sessionStorage.setItem(s,JSON.stringify(t))}catch(e){}}function c(e,t,n){e.clearRect(0,0,e.canvas.width,e.canvas.height),e.fillText(t,0,0);t=new Uint32Array(e.getImageData(0,0,e.canvas.width,e.canvas.height).data);e.clearRect(0,0,e.canvas.width,e.canvas.height),e.fillText(n,0,0);const r=new Uint32Array(e.getImageData(0,0,e.canvas.width,e.canvas.height).data);return t.every((e,t)=>e===r[t])}function p(e,t){e.clearRect(0,0,e.canvas.width,e.canvas.height),e.fillText(t,0,0);var n=e.getImageData(16,16,1,1);for(let e=0;e {o[e]=t(s,e,n,r)}),o}function a(e){var t=document.createElement(""script"");t.src=e,t.defer=!0,document.head.appendChild(t)}r.supports={everything:!0,everythingExceptFlag:!0},new Promise(t=>{let n=function(){try{var e=JSON.parse(sessionStorage.getItem(s));if(""object""==typeof e&&""number""==typeof e.timestamp&&(new Date).valueOf() {i(n=e.data),a.terminate(),t(n)})}catch(e){}i(n=f(o,u,c,p))}t(n)}).then(e=>{for(const n in e)r.supports[n]=e[n],r.supports.everything=r.supports.everything&&r.supports[n],""flag""!==n&&(r.supports.everythingExceptFlag=r.supports.everythingExceptFlag&&r.supports[n]);var t;r.supports.everythingExceptFlag=r.supports.everythingExceptFlag&&!r.supports.flag,r.supports.everything||((t=r.source||{}).concatemoji?a(t.concatemoji):t.wpemoji&&t.twemoji&&(a(t.twemoji),a(t.wpemoji)))});
//# sourceURL=https://evitp.org/wp-includes/js/wp-emoji-loader.min.js
 
 			  
			 
				/* @v3-js:start */
					let c4wp_onloadCallback = function() {
						for ( var i = 0; i   {
						if ( typeof jQuery !== 'undefined' && jQuery( 'input[id*=""c4wp-wc-checkout""]' ).length ) {
							var element = document.createElement('div');
							var html = '     ';
							element.innerHTML = html;
							jQuery( '[class*=""c4wp-wc-checkout""]' ).append( element );
							jQuery( '[class*=""c4wp-wc-checkout""]' ).find('*').off();
							c4wp_onloadCallback();
						}
					});
				/* @v3-js:end */",https://evitp.org/maryland/listing/treehouse,evitp.org,2026-08-31
42.099584,-70.763216,massachusetts,"A. Murphy, Inc.","29 Winter Street, Pembroke, MA 02359, USA",6176330199,jcunningham@amurphy.com,https://amurphy.com/,Joseph Cunningham,https://evitp.org/massachusetts/listing/a-murphy-inc,evitp.org,2026-08-31
42.407211,-71.382437,massachusetts,ACSES,"Massachusetts, USA",6035088567,bash_acses@comcast.net,https://www.lightlinklook.com/,Bryan D. Ash,https://evitp.org/massachusetts/listing/acses,evitp.org,2026-08-31
42.285161,-71.045261,massachusetts,Aetna Fire Alarm Service Co. Inc.,"13 Clover St. Dorchester, MA 02122, USA",6172823888,kguinee@aetnafirealarm.com,,Kathleen Guinee,https://evitp.org/massachusetts/listing/aetna-fire-alarm-service-co-inc,evitp.org,2026-08-31
42.208955,-70.945183,massachusetts,ALDON Electric,"38 Greenwood Ave, Weymouth, MA, 02189, USA",7813511367,j.dolan@aldonelectric.com,https://www.aldonelectric.com/,James  Dolan,https://evitp.org/massachusetts/listing/aldon-electric,evitp.org,2026-08-31
42.734986,-71.06786,massachusetts,All-Pro Electric,"640 Boxford Road, Haverhill, Massachusetts, 01835 USA",9784690100,mikeh@allproelectric.com,https://www.allproelectric.com/,Michael Harrington,https://evitp.org/massachusetts/listing/all-pro-electric,evitp.org,2026-08-31
42.519917,-70.996129,massachusetts,American Electrical Systems,"200 Corporate Place ste 5b, Peabody, MA 01960, USA",9788966324,,https://american-elec.com/,John Gill,https://evitp.org/massachusetts/listing/american-electrical-systems,evitp.org,2026-08-31
42.190508,-70.938358,massachusetts,Annese Electrical Services,"280 Libbey Parkway, Weymouth, MA, USA",7813376462,blegge@anneseelectric.com,http://anneseelectric.com/,Bryan Legge,https://evitp.org/massachusetts/listing/annese-electrical-services,evitp.org,2026-08-31
42.148805,-71.012214,massachusetts,Atlas Electrical Construction Co. Inc.,"17 Technical Park Drive, Holbrook, MA, 02343, USA",7818448103,chris@atlaselec.com,https://www.atlaselec.com/,Christopher Averill,https://evitp.org/massachusetts/listing/atlas-electrical-construction-co-inc,evitp.org,2026-08-31
42.048041,-71.076601,massachusetts,"Averill Electric Co., Inc.","28 Norfolk Ave, Easton, Easton, MA 02375, USA",7742501234,faverill@averillelectric.com,https://averillelectric.com/,Francis Averill,https://evitp.org/massachusetts/listing/averill-electric-co-inc,evitp.org,2026-08-31
42.407211,-71.382437,massachusetts,"AWS Electric, LLC","Massachusetts, USA",8607991321,andrew@awselectricllc.com,http://awselectric-online.com/,Andrew Scheff,https://evitp.org/massachusetts/listing/aws-electric-llc,evitp.org,2026-08-31
42.062539,-71.014791,massachusetts,"Brava Electric & Telecom, Inc.","1156 Main Street, Brockton, Massachusetts, 02301, USA",5085842004,bdeandrade@bravaelectric.com,http://bravaelectric.com/,Branden DeAndrade,https://evitp.org/massachusetts/listing/brava-electric-telecom-inc,evitp.org,2026-08-31
41.719032,-70.482845,massachusetts,"Chapman Construction Group, Inc.","17 Jan Sebastian Dr. Unit 4-5, Sandwich, MA 02563, USA",5089897647,vicki@ccgico.com,https://ccgico.com/,Vicki Chapman,https://evitp.org/massachusetts/listing/chapman-construction-group-inc-1,evitp.org,2026-08-31
42.50845,-71.512711,massachusetts,Chris Flynn Electrician,"1214 Hill Road unit 6, Boxborough, MA, 01719, USA",9785168216,c.flynn.5123@gmail.com,,Chris Flynn,https://evitp.org/massachusetts/listing/chris-flynn-electrician,evitp.org,2026-08-31
42.1677,-72.547195,massachusetts,Collins Electric Company,"53 2nd Street, Chicopee, MA. 01020, USA",4135929221,leagen@collinselectricco.com,https://www.collinselectricco.com/,Larry Eagan,https://evitp.org/massachusetts/listing/collins-electric-company,evitp.org,2026-08-31
42.560439,-71.123958,massachusetts,"Coviello Electric & General Contracting, Inc.","55 Concord Street, North Reading, MA, 01864 USA",7813914050,chantelm@cei77.com,https://covielloelectricinc.com/,Chantel: McKenzie,https://evitp.org/massachusetts/listing/coviello-electric-general-contracting-inc,evitp.org,2026-08-31
42.2489,-70.920573,massachusetts,"D. Reed Electric, Inc.","350 Lincoln St. Suite 2400, Hingham, MA 02043, USA",7819084480,office@dreedelectric.com,https://www.dreedelectric.com/,Daniel Reed,https://evitp.org/massachusetts/listing/d-reed-electric-inc,evitp.org,2026-08-31
42.531468,-71.138062,massachusetts,Dagle Electrical Construction Corp.,"68 Industrial Way, Wilmington, MA 01887, USA",8003791459,dec@deccorp.com,https://deccorp.com/,Maureen Dagle,https://evitp.org/massachusetts/listing/dagle-electrical-construction-corp,evitp.org,2026-08-31
42.656565,-71.424597,massachusetts,"Denommee Plumbing, HVAC & Electric","21 Westech Drive, Tyngsborough, MA, 01879, USA",9786498886,info@denommeeplumbing.com,https://denommeeplumbing.com/,Paup Beaulieu,https://evitp.org/massachusetts/listing/denommee-plumbing-hvac-electric,evitp.org,2026-08-31
42.397006,-71.255793,massachusetts,"EH Electric & HVAC, LLC","440 Totten Pond Road, Waltham, MA, 02451, USA",7815300650,,https://www.ehelectrical.com/,Edson Hilaire,https://evitp.org/massachusetts/listing/eh-electric-hvac-llc,evitp.org,2026-08-31
42.396993,-71.255821,massachusetts,"EH Electric & HVAC, LLC","440 Totten Pond Road, Waltham, MA, 02451, USA",6173351122,edson@ehelectrical.com,https://www.ehelectrical.com/about,,https://evitp.org/massachusetts/listing/eh-electric-hvac-llc-1,evitp.org,2026-08-31
42.397006,-71.255793,massachusetts,"EH Electrical & HVAC, LLC","440 Totten Pond Road, Waltham, MA, 02431, USA",7815300650,,https://www.ehelectrical.com/,Edson Hilaire,https://evitp.org/massachusetts/listing/eh-electrical-hvac-llc,evitp.org,2026-08-31
42.272015,-72.668449,massachusetts,Electrical Experts,"28 Pleasant Street, Easthampton, MA, 01027, USA",4135272400,info@electricalexperts.com,https://www.electricalexperts.com/,Timothy J. Hodnicki,https://evitp.org/massachusetts/listing/electrical-experts,evitp.org,2026-08-31
42.131473,-72.738117,massachusetts,Elm Electrical inc.,"68 Union Street, Westfield, MA 01085, USA",4134273924,jhenderson@elmelec.com,https://www.elmelec.com/,John Henderson,https://evitp.org/massachusetts/listing/elm-electrical-inc,evitp.org,2026-08-31
42.172054,-71.203241,massachusetts,"Gaston Electrical Company, Inc.","85 Morse Street, Norwood, MA. 02062, USA",7812558881,jbuckley@gastonelectrical.com,https://gastonelectrical.com/,John Buckley,https://evitp.org/massachusetts/listing/gaston-electrical-company-inc,evitp.org,2026-08-31
42.576782,-70.97127,massachusetts,"Glass Electric Company, LLC","2 Electronics Avenue suite 6, Danvers, MA, 0, 9123USA",9782243770,glasselectriccompany@gmail.com,https://glasselectriccompany.com/,Kelly Glass,https://evitp.org/massachusetts/listing/glass-electric-company-llc,evitp.org,2026-08-31
42.227633,-71.171448,massachusetts,J & M Brown Company,"20 Carematrix Drive, Suite 300, Dedham, MA 02026, USA",6176995871,jwallace@jmbco.com,https://jmbco.com/,James Wallace,https://evitp.org/massachusetts/listing/j-m-brown-company,evitp.org,2026-08-31
42.514589,-71.002278,massachusetts,"JM Electrical Company, Inc.","471 Broadway, Lynnfield, MA, 01940, USA",7815813328,jguarracino@jmelectrical.com,https://jmelectrical.com/,John A. Guarracino,https://evitp.org/massachusetts/listing/jm-electrical-company-inc,evitp.org,2026-08-31
42.356031,-71.107171,massachusetts,"John A. Penney Company, Inc.","270 Sidney Street, Cambridge, MA, 02319, USA",6175477744,johnApennyco@johnpenney.com,http://johnpenney.com/,,https://evitp.org/massachusetts/listing/john-a-penney-company-inc,evitp.org,2026-08-31
42.62109,-71.305005,massachusetts,JRB Electric,"1278 Gorham Street, Lowell, MA, 01852, USA",9785695791,jboutin@jrbelectricllc.contractors,https://www.jrbelectricllc.contractors/,James R. Boutin,https://evitp.org/massachusetts/listing/jrb-electric,evitp.org,2026-08-31
42.301036,-71.05975,massachusetts,"KB-Mac, Inc.","1452 Dorchester Ave. 4th Floor, Dorchester, MA. 02124, USA",8572630123,kbromstein@kb-mac.com,https://www.kb-mac.com/,Kenell Bromstein,https://evitp.org/massachusetts/listing/kb-mac-inc,evitp.org,2026-08-31
42.205229,-71.902797,massachusetts,"KM Kelly, Inc.","93 Huntoon Memorial Hwy, Rochdale, MA 01542, USA",5088928117,cchianese@kmkellyinc.com,http://www.kmkellyinc.com/,Chris Chianese,https://evitp.org/massachusetts/listing/km-kelly-inc,evitp.org,2026-08-31
42.332346,-71.835434,massachusetts,"LidCo Electrical Contractors, inc.","452 Main Street, Holden, MA, 01520, USA",5088296226,rob@lidcoelectric.com,http://lidcoelectric.com/,Robert Liddy,https://evitp.org/massachusetts/listing/lidco-electrical-contractors-inc,evitp.org,2026-08-31
42.277594,-71.038727,massachusetts,"Lynnwell Associates, Inc.","108 Myrtle St, Quincy, MA 02171, USA",6172612400,craig@lynnwell.com,https://lynnwell.com/,Craig H. Canha,https://evitp.org/massachusetts/listing/lynnwell-associates-inc,evitp.org,2026-08-31
42.111849,-72.584163,massachusetts,"M.L. Schmitt, Inc.","371 Taylor Street, P.O. Box 2070, Springfield, MA, 01105, USA",4137337868,marcp@mlschmittelectric.com,https://www.mlschmittelectric.com/,Marc Parent,https://evitp.org/massachusetts/listing/m-l-schmitt-inc,evitp.org,2026-08-31
42.655455,-71.108891,massachusetts,Maiuri Electrical Services,"86 Flagship Drive, North Andover, MA, 01845, USA",9787777786,p.maiuri@maiurielectric.com,https://www.maiurielectric.com/,,https://evitp.org/massachusetts/listing/maiuri-electrical-services,evitp.org,2026-08-31
42.407211,-71.382437,massachusetts,Matrix NAC,"Massachusetts, USA",7323883540,stevenlamastra@matrixservicecompany.com,https://www.matrixnac.com/,Steven LaMastra,https://evitp.org/massachusetts/listing/matrix-nac,evitp.org,2026-08-31
42.245897,-71.132411,massachusetts,Maverick - Electric Vehicle Services Division,"1 Westinghouse Plaza D6, Massachusetts 02136, Boston, MA 02136",6177993277,jgarrett@maverickcorporation.com,https://www.evservicescompany.com/,John Garrett,https://evitp.org/massachusetts/listing/maverick-electric-vehicle-services-division,evitp.org,2026-08-31
42.164299,-70.920871,massachusetts,McDonald Electrical Corporation,"72 Sharp Street, Hingham, MA, 02043, USA",7812432366,bwynn@mcdonaldcorp.com,https://www.mcdonaldcorp.com/,Brion Wynn,https://evitp.org/massachusetts/listing/mcdonald-electrical-corporation,evitp.org,2026-08-31
42.082866,-70.680186,massachusetts,"McGee Electric, LLC","17 Emanuel Road, Marshfield, MA, 02050, USA",6173478285,cmcgeelights@gmail.com,https://www.cmcgeelights.com/,Charles McGee,https://evitp.org/massachusetts/listing/mcgee-electric-llc,evitp.org,2026-08-31
42.366638,-71.088553,massachusetts,Miller Electric Company,"Massachusetts, USA",9048324423,mhall@mecojax.com,https://www.mecojax.com/,Mike Hall,https://evitp.org/massachusetts/listing/miller-electric-company,evitp.org,2026-08-31
42.108556,-70.773483,massachusetts,"Murphy Electric & Industrial Control, LLC.","7 Riverside Drive, Pembroke, MA 02359, USA",7815893197,dmurphy@murphy-electric.com,http://murphy-electric.com/,Daniel P. Murphy,https://evitp.org/massachusetts/listing/murphy-electric-industrial-control-llc,evitp.org,2026-08-31
41.97703,-70.717451,massachusetts,"NEC Group, LLC","21 Marion Dr, Kingston, MA, 02364, USA",6035028183,kbarnard@necgroup.com,https://www.necgroup.com/,Keith Barnard,https://evitp.org/massachusetts/listing/nec-group-llc,evitp.org,2026-08-31
42.369681,-71.058341,massachusetts,New River Electrical Corporation,"Massachusetts, USA",5405267501,ahartsfield@nrec.net,https://www.newriverelectrical.com/,,https://evitp.org/massachusetts/listing/new-river-electrical-corporation,evitp.org,2026-08-31
42.407211,-71.382437,massachusetts,"Nolin Electric, Inc.","Massachusetts, USA",4016475478,jeff@nolinelectric.net,http://www.nolinelectric.net/pages/cfHome.cfm,Jeffrey J. Nolin,https://evitp.org/massachusetts/listing/nolin-electric-inc,evitp.org,2026-08-31
42.2877,-71.092141,massachusetts,Outkast Electrical Contractors,"39 Johnston, Dorchester, MA 02124 USA",6179054137,anthoy.c@outcastelectrical.com,https://www.outkastelectrical.com/,Antony Corsino,https://evitp.org/massachusetts/listing/outkast-electrical-contractors,evitp.org,2026-08-31
42.152014,-71.103309,massachusetts,Professional Electrical Contractors of CT,"980 Turnpike Street, Canton, MA 02021, USA",7742564996,jdoherty@pecofct.com,https://www.pecofct.com/,John Doherty,https://evitp.org/massachusetts/listing/professional-electrical-contractors-of-ct,evitp.org,2026-08-31
42.066914,-71.089813,massachusetts,"Richard T Losordo Electrical Services, Inc.","P.O. Box 518, North Easton, MA. 02356, USA",5084364848202,inquiry@losordoelectric.com,https://www.losordoelectric.com/,Paul Losordo,https://evitp.org/massachusetts/listing/richard-t-losordo-electrical-services-inc,evitp.org,2026-08-31
42.43965,-71.07482,massachusetts,"Richardson Electrical Co., Inc.","Massachusetts, USA",6034743900,vrichardson@richardsonelectrical.us,https://richardsonelectrical.us/,Vaughan Richardson,https://evitp.org/massachusetts/listing/richardson-electrical-co-inc,evitp.org,2026-08-31
42.190628,-71.029585,massachusetts,Roper Electrical Corporation,"907 North St rear 107, Randolph, MA 02368, USA",7818851310,info@roperelectricalcorp.com,https://roperelectricalcorp.com/,Rob Roper,https://evitp.org/massachusetts/listing/roper-electrical-corporation,evitp.org,2026-08-31
42.568691,-71.241366,massachusetts,"RTD Associates, inc.","4 Governor Saltonstall Rd, Billerica, MA, 01821, USA",9789449200,ryan.doah@rtdsystems.net,https://rtdsystems.net/,Ryan Doah,https://evitp.org/massachusetts/listing/rtd-associates-inc,evitp.org,2026-08-31
42.360083,-71.05888,massachusetts,Sargent Electric Company,"Boston, MA, USA",4123947600,info@sargentelectric.com,https://www.sargentelectric.com/,,https://evitp.org/massachusetts/listing/sargent-electric-company,evitp.org,2026-08-31
43.193852,-71.572395,massachusetts,"Scarponi Electric, LLC.","New Hampshire, USA",16038179258,tom@scarponielectric.com,https://scarponielectric.com/,Tom Ferland,https://evitp.org/massachusetts/listing/scarponi-electric-llc,evitp.org,2026-08-31
42.587434,-71.089487,massachusetts,"Seaport Energy Co., Inc.","12 Oscars Way, North Reading, MA, 01864, USA",6033945981,,https://seaportenergyboston.com/,Shane Collins,https://evitp.org/massachusetts/listing/seaport-energy-co-inc,evitp.org,2026-08-31
42.375769,-71.131125,massachusetts,Smart Green Solar,"Massachusetts, USA",4015372294,info@smartgreen.solar,https://smartgreensolar.com/,Joseph Bednarik,https://evitp.org/massachusetts/listing/smart-green-solar,evitp.org,2026-08-31
42.473997,-71.128721,massachusetts,Sonet Electrical Systems LLC,"10 Draper Street Unit #1, Woburn, MA, 01801 USA",6172426569,bsouza@sonetelectrical.com,https://www.sonetelectrical.com/,Brian Souza,https://evitp.org/massachusetts/listing/sonet-electrical-systems-llc,evitp.org,2026-08-31
42.120888,-72.573618,massachusetts,"Springfield Electrical Co., Inc.","300 Albany Street, Springfield, MA, 01105, USA",4137471600,tomc@springfieldelectirc.org,http://springfieldelectric.org/,Tom Collins,https://evitp.org/massachusetts/listing/springfield-electrical-co-inc,evitp.org,2026-08-31
42.351393,-71.049545,massachusetts,Stalker Electric,"320 Congress St 1st flr, Boston, MA 02210, USA",7818443345,sstalker@stalkerelectric.com,,Shawn Stalker,https://evitp.org/massachusetts/listing/stalker-electric,evitp.org,2026-08-31
42.486434,-71.274197,massachusetts,State Electric Group,"2 Deangelo Dr. Bedford, MA. 01730",7819335255,,,Ronald Koning,https://evitp.org/massachusetts/listing/state-electric-group,evitp.org,2026-08-31
42.682029,-71.151861,massachusetts,Stewart Electrical Contracting,"670 South Union Street suite 1, Lawrence, MA, 01843, USA",18008979423,support@stewartelectricalcontracting.com,https://www.stewartelectricalcontracting.com/,Colby Bruce,https://evitp.org/massachusetts/listing/stewart-electrical-contracting,evitp.org,2026-08-31
42.291102,-71.041015,massachusetts,Sully  Mac,"75 Lawley Street, Dorchester, MA 02122, USA",6174740500,smellett@sullymac.com,,Shaun Mellett,https://evitp.org/massachusetts/listing/sully-mac,evitp.org,2026-08-31
32.354668,-89.398528,massachusetts,The Oscar W. Larson Company,"Mississippi, USA",8103974757,justin.spence@owlservices.com,https://www.larsonco.com/,Justin Spence,https://evitp.org/massachusetts/listing/the-oscar-w-larson-company,evitp.org,2026-08-31
42.407211,-71.382437,massachusetts,Treehouse,"Massachusetts, USA",3235776795,hello@treehouse.pro,https://treehouse.pro/,Cullen Peters,https://evitp.org/massachusetts/listing/treehouse,evitp.org,2026-08-31
42.084792,-71.282874,massachusetts,Universal Automation & Mechanical Services,"4 Annette Road, Foxborough, MA, 02035, USA",5088370571,briansullivan@usms.com,https://uamservice.com/,Brian Sullivan,https://evitp.org/massachusetts/listing/universal-automation-mechanical-services,evitp.org,2026-08-31
42.143905,-72.625419,massachusetts,"Universal Electric Co., Inc.","79 Wayside Avenue, West Springfield, MA, 01089, USA",4137889473101,mquinn@uecma.com,http://www.uecma.com/,Michael Quinn,https://evitp.org/massachusetts/listing/universal-electric-co-inc,evitp.org,2026-08-31
42.085671,-70.993853,massachusetts,"W. S. Anderson, Inc.","617 Centre Street, Brockton, MA, 02302, USA",5085866997,warren@wsandersoninc.com,https://wsandersoninc.com/,,https://evitp.org/massachusetts/listing/w-s-anderson-inc,evitp.org,2026-08-31
42.407211,-71.382437,massachusetts,Wyman & Sons,"Massachusetts, USA",4018086622,dwyman@wymanandsons.com,https://wymanandsons.com/,"David W. L. Wyman Jr.              
             
                             
         
     
 
     
     
         
             
                  Redo search when map moved 
             
              
         
     
 
 
 
 
     
         Showing 66 results 
     
  
 
 											 

									 
					 
			 
   
    

	 
		 

			 
	 
		
		 
			 

				
 
			 
			 			  
	   


 
 

 
	   


The Electric Vehicle Infrastructure Training Program (EVITP) provides training and certification for electricians installing electric vehicle supply equipment (EVSE).  
		 		 
			 
					 
			 
			 			  
		 		 
			 
			  Contact Info 			  
	 
		 
			  		 
	 
	  Canada: www.NETCO.org 
 

 
	 
		 
			  		 
	 
	  United States:  EVITP, 811 N. Main Street, Suite 202,                     Royal Oak, MI  48067
 
 

 
	 
		 
			  		 
	 
	   info@evitp.org 
  
		 		 
	 			 
		 
		 
 


 
			 
			 

			
			 

			 
	 
		 Copyright © 2026 EVITP - ALL RIGHTS RESERVED -  TERMS OF USE  	 
	 
			 
 
			 

				 
		 
	 
		 
	 

   
   
 
{""prefetch"":[{""source"":""document"",""where"":{""and"":[{""href_matches"":""/*""},{""not"":{""href_matches"":[""/wp-*.php"",""/wp-admin/*"",""/wp-content/uploads/*"",""/wp-content/*"",""/wp-content/plugins/*"",""/wp-content/themes/siennawp/*"",""/*\\?(.+)""]}},{""not"":{""selector_matches"":""a[rel~=\""nofollow\""]""}},{""not"":{""selector_matches"":"".no-prefetch, .no-prefetch a""}}]},""eagerness"":""conservative""}]}
 
		  
		 
jQuery(document).ready(function($) {
SABAI.init($(""#sabai-content""));
});
   
  
  
  
  
  
  
 
wp.i18n.setLocaleData( { 'text direction\u0004ltr': [ 'ltr' ] } );
//# sourceURL=wp-i18n-js-after
 
  
 
var wpcf7 = {
    ""api"": {
        ""root"": ""https:\/\/evitp.org\/wp-json\/"",
        ""namespace"": ""contact-form-7\/v1""
    }
};
//# sourceURL=contact-form-7-js-before
 
  
 
var cf7appsHoneypotRefill = {""forceRefillOnInit"":""""};
//# sourceURL=cf7apps-honeypot-refill-js-extra
 
  
  
  
 
var mejsL10n = {""language"":""en"",""strings"":{""mejs.download-file"":""Download File"",""mejs.install-flash"":""You are using a browser that does not have Flash player enabled or installed. Please turn on your Flash player plugin or download the latest version from https://get.adobe.com/flashplayer/"",""mejs.fullscreen"":""Fullscreen"",""mejs.play"":""Play"",""mejs.pause"":""Pause"",""mejs.time-slider"":""Time Slider"",""mejs.time-help-text"":""Use Left/Right Arrow keys to advance one second, Up/Down arrows to advance ten seconds."",""mejs.live-broadcast"":""Live Broadcast"",""mejs.volume-help-text"":""Use Up/Down Arrow keys to increase or decrease volume."",""mejs.unmute"":""Unmute"",""mejs.mute"":""Mute"",""mejs.volume-slider"":""Volume Slider"",""mejs.video-player"":""Video Player"",""mejs.audio-player"":""Audio Player"",""mejs.captions-subtitles"":""Captions/Subtitles"",""mejs.captions-chapters"":""Chapters"",""mejs.none"":""None"",""mejs.afrikaans"":""Afrikaans"",""mejs.albanian"":""Albanian"",""mejs.arabic"":""Arabic"",""mejs.belarusian"":""Belarusian"",""mejs.bulgarian"":""Bulgarian"",""mejs.catalan"":""Catalan"",""mejs.chinese"":""Chinese"",""mejs.chinese-simplified"":""Chinese (Simplified)"",""mejs.chinese-traditional"":""Chinese (Traditional)"",""mejs.croatian"":""Croatian"",""mejs.czech"":""Czech"",""mejs.danish"":""Danish"",""mejs.dutch"":""Dutch"",""mejs.english"":""English"",""mejs.estonian"":""Estonian"",""mejs.filipino"":""Filipino"",""mejs.finnish"":""Finnish"",""mejs.french"":""French"",""mejs.galician"":""Galician"",""mejs.german"":""German"",""mejs.greek"":""Greek"",""mejs.haitian-creole"":""Haitian Creole"",""mejs.hebrew"":""Hebrew"",""mejs.hindi"":""Hindi"",""mejs.hungarian"":""Hungarian"",""mejs.icelandic"":""Icelandic"",""mejs.indonesian"":""Indonesian"",""mejs.irish"":""Irish"",""mejs.italian"":""Italian"",""mejs.japanese"":""Japanese"",""mejs.korean"":""Korean"",""mejs.latvian"":""Latvian"",""mejs.lithuanian"":""Lithuanian"",""mejs.macedonian"":""Macedonian"",""mejs.malay"":""Malay"",""mejs.maltese"":""Maltese"",""mejs.norwegian"":""Norwegian"",""mejs.persian"":""Persian"",""mejs.polish"":""Polish"",""mejs.portuguese"":""Portuguese"",""mejs.romanian"":""Romanian"",""mejs.russian"":""Russian"",""mejs.serbian"":""Serbian"",""mejs.slovak"":""Slovak"",""mejs.slovenian"":""Slovenian"",""mejs.spanish"":""Spanish"",""mejs.swahili"":""Swahili"",""mejs.swedish"":""Swedish"",""mejs.tagalog"":""Tagalog"",""mejs.thai"":""Thai"",""mejs.turkish"":""Turkish"",""mejs.ukrainian"":""Ukrainian"",""mejs.vietnamese"":""Vietnamese"",""mejs.welsh"":""Welsh"",""mejs.yiddish"":""Yiddish""}};
//# sourceURL=mediaelement-core-js-before
 
  
  
 
var _wpmejsSettings = {""pluginPath"":""/wp-includes/js/mediaelement/"",""classPrefix"":""mejs-"",""stretching"":""responsive"",""audioShortcodeLibrary"":""mediaelement"",""videoShortcodeLibrary"":""mediaelement""};
//# sourceURL=mediaelement-js-extra
 
  
  
  
  
  
  
  
  
  
  
  
  
  
  
  
  
  
  
  
  
  
  
  
  
  
  
  
  
  
  
  
  
 
var mkdfGlobalVars = {""vars"":{""mkdfAddForAdminBar"":0,""mkdfElementAppearAmount"":-150,""mkdfFinishedMessage"":""No more posts"",""mkdfMessage"":""Loading new posts..."",""mkdfTopBarHeight"":42,""mkdfStickyHeaderHeight"":0,""mkdfStickyHeaderTransparencyHeight"":60,""mkdfLogoAreaHeight"":0,""mkdfMenuAreaHeight"":131,""mkdfMobileHeaderHeight"":100}};
var mkdfPerPageVars = {""vars"":{""mkdfStickyScrollAmount"":450,""mkdfStickyScrollAmountFullScreen"":false,""mkdfHeaderTransparencyHeight"":0}};
//# sourceURL=sienna-mikado-modules-js-extra
 
  
  
  
 
var mkdfLike = {""ajaxurl"":""https://evitp.org/wp-admin/admin-ajax.php""};
//# sourceURL=sienna-mikado-like-js-extra
 
  
 
var GEM = {""thankyou"":""Thank you for signing up!"",""thankyou_suppressed"":""Thank you for signing up! Please check your email to confirm your subscription."",""oops"":""Oops! There was a problem. Please try again."",""email"":""Please enter a valid email address."",""required"":""%s is a required field.""};
//# sourceURL=gem-main-js-extra
 
  
  
  
 
var wpcf7_recaptcha = {
    ""sitekey"": ""6LdAGgcgAAAAALmBeuQZgYH6HTEI3KlPBF86-YxA"",
    ""actions"": {
        ""homepage"": ""homepage"",
        ""contactform"": ""contactform""
    }
};
//# sourceURL=wpcf7-recaptcha-js-before
 
  
 
{""baseUrl"":""https://s.w.org/images/core/emoji/17.0.2/72x72/"",""ext"":"".png"",""svgUrl"":""https://s.w.org/images/core/emoji/17.0.2/svg/"",""svgExt"":"".svg"",""source"":{""concatemoji"":""https://evitp.org/wp-includes/js/wp-emoji-release.min.js?ver=7.0.4""}}
 
 
/*! This file is auto-generated */
var e=""script#wp-emoji-settings"",t=document.querySelector(e);if(!(t instanceof HTMLScriptElement))throw new Error(""Element missing: ""+e);const r=JSON.parse(t.text),s=(window._wpemojiSettings=r,""wpEmojiSettingsSupports""),o=[""flag"",""emoji""];function i(e){try{var t={supportTests:e,timestamp:(new Date).valueOf()};sessionStorage.setItem(s,JSON.stringify(t))}catch(e){}}function c(e,t,n){e.clearRect(0,0,e.canvas.width,e.canvas.height),e.fillText(t,0,0);t=new Uint32Array(e.getImageData(0,0,e.canvas.width,e.canvas.height).data);e.clearRect(0,0,e.canvas.width,e.canvas.height),e.fillText(n,0,0);const r=new Uint32Array(e.getImageData(0,0,e.canvas.width,e.canvas.height).data);return t.every((e,t)=>e===r[t])}function p(e,t){e.clearRect(0,0,e.canvas.width,e.canvas.height),e.fillText(t,0,0);var n=e.getImageData(16,16,1,1);for(let e=0;e {o[e]=t(s,e,n,r)}),o}function a(e){var t=document.createElement(""script"");t.src=e,t.defer=!0,document.head.appendChild(t)}r.supports={everything:!0,everythingExceptFlag:!0},new Promise(t=>{let n=function(){try{var e=JSON.parse(sessionStorage.getItem(s));if(""object""==typeof e&&""number""==typeof e.timestamp&&(new Date).valueOf() {i(n=e.data),a.terminate(),t(n)})}catch(e){}i(n=f(o,u,c,p))}t(n)}).then(e=>{for(const n in e)r.supports[n]=e[n],r.supports.everything=r.supports.everything&&r.supports[n],""flag""!==n&&(r.supports.everythingExceptFlag=r.supports.everythingExceptFlag&&r.supports[n]);var t;r.supports.everythingExceptFlag=r.supports.everythingExceptFlag&&!r.supports.flag,r.supports.everything||((t=r.source||{}).concatemoji?a(t.concatemoji):t.wpemoji&&t.twemoji&&(a(t.twemoji),a(t.wpemoji)))});
//# sourceURL=https://evitp.org/wp-includes/js/wp-emoji-loader.min.js
 
 			  
			 
				/* @v3-js:start */
					let c4wp_onloadCallback = function() {
						for ( var i = 0; i   {
						if ( typeof jQuery !== 'undefined' && jQuery( 'input[id*=""c4wp-wc-checkout""]' ).length ) {
							var element = document.createElement('div');
							var html = '     ';
							element.innerHTML = html;
							jQuery( '[class*=""c4wp-wc-checkout""]' ).append( element );
							jQuery( '[class*=""c4wp-wc-checkout""]' ).find('*').off();
							c4wp_onloadCallback();
						}
					});
				/* @v3-js:end */",https://evitp.org/massachusetts/listing/wyman-sons,evitp.org,2026-08-31
42.251737,-84.481654,michigan,"Aladdin Electric, Inc.","4809 James A McDivitt Street, Jackson, MI, 49201, USA",5177509955,info@aladdinjackson.com,http://www.aladdinjackson.com/,Jason Kreger,https://evitp.org/michigan/listing/aladdin-electric-inc,evitp.org,2026-08-31
42.860759,-85.52723,michigan,"Augusta Infrastructure Group, LLC","5680 Kraft Ave SE ste a, Grand Rapids, MI, 49512, USA",6169570590,mason@augusta-tower.com,https://www.augustaig.com/,Ryan Mason,https://evitp.org/michigan/listing/augusta-infrastructure-group-llc,evitp.org,2026-08-31
42.376197,-83.281664,michigan,"Bayview Electric Company, LLC","12230 Dixie Street Detroit, MI. 48239, USA",3132555252,Tiny@bayelectric.com,https://www.bayelectric.com/,Wm. “Tiny” Runge,https://evitp.org/michigan/listing/bayview-electric-company-llc,evitp.org,2026-08-31
43.22713,-86.244627,michigan,"Belasco Electric Co., Inc.","1391 Peck Street, Muskegon, MI, 49441 USA",2317223997,johnb@belascoelectric.com,http://belascoelectric.com/,John Belasco,https://evitp.org/michigan/listing/belasco-electric-co-inc,evitp.org,2026-08-31
46.490908,-84.354814,michigan,"Ben's Electric Contracting, LLC","310 Dillon Street, Sault Ste. Marie, MI 49783, USA",9063226325,benselectriccontracting@outlook.com,,Ben Forejt,https://evitp.org/michigan/listing/bens-electric-contracting-llc,evitp.org,2026-08-31
42.280997,-85.652179,michigan,Buford Electrical Services LLC,"1070 Mount Royal Drive, Apt 3B, Kalamazoo, MI, 49009, USA",2699109930,oscarbuford@yahoo.com,,,https://evitp.org/michigan/listing/buford-electrical-services-llc,evitp.org,2026-08-31
42.274747,-85.916576,michigan,"C5 Electric, LLC","40025 County Road 665, Paw Paw, MI 49079, USA",2696155330,dion@c5electric.com,https://c5electric.com/,Dion Campbell,https://evitp.org/michigan/listing/c5-electric-llc,evitp.org,2026-08-31
42.488728,-83.032026,michigan,Center Line Electric,"26554 Lawrence, Center Line, MI 48015, USA",5867575505,servicegroup@centerline-elec.com,https://centerline-elec.com/,Brian Lukasik,https://evitp.org/michigan/listing/center-line-electric,evitp.org,2026-08-31
42.560958,-83.044361,michigan,Conti LLC,"6417 Center Drive, Sterling Heights, MI, 48312",5868551135,jmetzger@conticorporation.com,http://www.conticorporation.com,James Metzger,https://evitp.org/michigan/listing/conti-corporation,evitp.org,2026-08-31
45.620043,-84.476745,michigan,D. Brown Electric,"11128 North Straits Highway, Cheboygan, MI, 49721, USA",2314209311,dbrownelectricllc@gmail.com,,Derrick Brown,https://evitp.org/michigan/listing/d-brown-electric,evitp.org,2026-08-31
42.456662,-83.358653,michigan,Danboise Mechanical Inc.,"31625 Grand River Avenue, Farmington, MI, USA",2483854319,bclaerhout@danboisemechanical.com,https://www.danboisemechanical.com/,Bill Claerhout,https://evitp.org/michigan/listing/danboise-mechanical-inc,evitp.org,2026-08-31
42.476534,-82.987367,michigan,"De-Cal, Inc.","24659 Schoenherr Road, Warren, MI, 4, 8089USA",5869093449,jlanda@de-cal.com,https://www.de-cal.com/,Joe Landa,https://evitp.org/michigan/listing/de-cal-inc,evitp.org,2026-08-31
44.314844,-85.602364,michigan,"Decker Electric, Inc.","Michigan, USA",3162658182,bwilson@decker-electric.com,https://www.decker-electric.com/,,https://evitp.org/michigan/listing/decker-electric-inc,evitp.org,2026-08-31
42.493632,-82.888827,michigan,"Dynamic Electrical Group, LLC","22400 St Clair Dr, St. Clair Shores, MI, 48081 USA",5867868820,william.baisden@dynamic-elect.com,https://dynamic-elect.com/,William H Baisden,https://evitp.org/michigan/listing/dynamic-electrical-group-llc,evitp.org,2026-08-31
42.524301,-83.574703,michigan,Electrical Insights,"52800 Pontiac Trail, Wixom, MI 48393, USA",2248665881,jpage@electrical-insights.com,http://electrical-insights.com/,James Page,https://evitp.org/michigan/listing/electrical-insights,evitp.org,2026-08-31
42.427094,-83.302363,michigan,Electrical Power & Design,"18840 Woodworth, Redford MI, 48240, USA",3139483570,jmayer@epd-mi.com,https://epd-mi.com/,John Mayer,https://evitp.org/michigan/listing/electrical-power-design,evitp.org,2026-08-31
42.185531,-83.247004,michigan,EZ Electric,"16665 Racho Blvd, Taylor, MI 48180, USA",,grule@e-zelectric.com,https://www.e-zelectric.com/,Gary Rule,https://evitp.org/michigan/listing/ex-electric,evitp.org,2026-08-31
42.708686,-84.561405,michigan,F.D. Hayes Electric Company,"2301 Beal Avenue, Lansing, MI, 48910, USA",5174820608,cwilliams@fdhayes.com,https://fdhayes.com/,,https://evitp.org/michigan/listing/f-d-hayes-electric-company,evitp.org,2026-08-31
42.524287,-83.094934,michigan,"Ferndale Electric Company, Inc","31750 Sherman Ave, Madison Heights, MI 48071, USA",2485454404,rfq@ferndale-electric.com,https://www.ferndale-electric.com,Vince Richards,https://evitp.org/michigan/listing/ferndale-electric-company-inc,evitp.org,2026-08-31
44.314844,-85.602364,michigan,"Great Lakes Electrical Contracting, Inc.","Michigan, USA",4194801235,greg@glecinc.com,https://www.glecinc.com/,Gregory E Kreyston,https://evitp.org/michigan/listing/great-lakes-electrical-contracting-inc,evitp.org,2026-08-31
43.019261,-83.651433,michigan,Halligan Electric,"705 Kelso Street, Flint, MI, 48506 USA",8102388581,jimh@halliganelectric.com,https://www.halliganelectric.com/,James J. Halligan,https://evitp.org/michigan/listing/halligan-electric,evitp.org,2026-08-31
42.196325,-85.598749,michigan,Hi-Tech Electric Company,"839 Lenox Avenue, Portage, MI, 49024 USA",2693304857,bodonnell@hi-techelectric.net,https://www.hi-techelectric.net/,Brian O’Donnell,https://evitp.org/michigan/listing/hi-tech-electric-company,evitp.org,2026-08-31
42.090194,-86.434428,michigan,Ibid County Electric,"1523 Norton, Benton Harbor, MI, 49022, USA",2692082543,roba@ibidcountyelectric.com,,Robert Atherton,https://evitp.org/michigan/listing/ibid-county-electric,evitp.org,2026-08-31
42.681496,-83.381132,michigan,Income Power,"2970 Frembes Rd.  Waterford, MI. 48239, USA",8088662118,plloyd@incomepowerllc.com,https://www.incomepowerllc.com/,Patrick Lloyd,https://evitp.org/michigan/listing/income-power,evitp.org,2026-08-31
42.370581,-83.06896,michigan,"Industrial Electric Company of Detroit, Inc.","275 E Milwaukee St. Detroit, MI 48202, USA",3138721133,jmyny@industrialelectric.net,http://industrialelectric.net/contact-us,Jeff Myny,https://evitp.org/michigan/listing/industrial-electric-company-of-detroit-inc,evitp.org,2026-08-31
42.478317,-83.044738,michigan,"J and J Electric, Inc.","25162 Mound Road, Warren, MI, 48091 USA",5867577080,johna@jandjelect.com,https://jandjelect.com/,John Arnold,https://evitp.org/michigan/listing/j-and-j-electric-inc,evitp.org,2026-08-31
43.583762,-84.740466,michigan,"J. Ranck Electric, Inc.","1993 Gover Parkway, Mount Pleasant, MI, 48858, USA      Detroit, MI, USA      Dearborn, MI, USA      Centerline, MI, USA",9312074354,swalker@jranck.com,https://www.jranck.com/,Scott Walker,https://evitp.org/michigan/listing/j-ranck-electric-inc,evitp.org,2026-08-31
42.281042,-85.671379,michigan,KEI Electric,"6185 West Kl Avenue, Kalamazoo, MI, 49009 USA",2693722035,fletcherleet@keiecm.com,http://keiecm.com/,Fletcher Leet,https://evitp.org/michigan/listing/kei-electric,evitp.org,2026-08-31
43.477557,-86.332347,michigan,Korthase and Sons Electric,"9228 S 88th Ave, Montague, MI 49437, USA",2318931133,bkorthaseandsons@korthaseandsons.com,http://korthaseandsonselectric.com/,Brody Korthase,https://evitp.org/michigan/listing/korthase-and-sons-electric,evitp.org,2026-08-31
44.314844,-85.602364,michigan,"Laibe Electric, Co.","Michigan, USA",4197248200,mikedeaton@laibe.com,https://laibe.com/,Michael A. Deaton,https://evitp.org/michigan/listing/laibe-electric-co,evitp.org,2026-08-31
43.032391,-85.665762,michigan,Lakeland Electrical Services,"3790 Mill Creek Avenue Northeast, Comstock Park, MI, USA",6167841212,rschmader@lakeland-electric.com,https://www.lakeland-electric.com/,Ryan Schmader,https://evitp.org/michigan/listing/lakeland-electrical-services,evitp.org,2026-08-31
45.207225,-85.099444,michigan,LUX Electrical Solutions,"305 North Advance Road, East Jordan, MI, 49727, USA",2317609205,bsmith@luxelectricmi.com,https://www.luxelectricmi.com,Benjamin Smith,https://evitp.org/michigan/listing/lux-electrical-solutions,evitp.org,2026-08-31
45.844609,-88.051604,michigan,"M.J. Electric, LLC","200 West Frank Pipp Drive, Iron Mountain, MI, 49801, USA",9067748000,mhakey@mjelectric.com,https://www.mjelectric.com/,Mark Hakey,https://evitp.org/michigan/listing/m-j-electric-llc,evitp.org,2026-08-31
44.314844,-85.602364,michigan,Matrix NAC,"Michigan, USA",6108769292,stevenlamastra@matrixservicecompany.com,https://www.matrixnac.com/,Steven LaMastra,https://evitp.org/michigan/listing/matrix-nac,evitp.org,2026-08-31
42.819743,-84.231357,michigan,Mid Michigan Electrical Solutions,"3584 West Bath Road, Perry, MI 48872, USA",5172933564,ccleven@mmesus.com,,Charles Cleven,https://evitp.org/michigan/listing/mid-michigan-electrical-solutions,evitp.org,2026-08-31
42.349244,-83.734689,michigan,Miller Electric Company,MI USA,9048324423,mhall@mecojax.com,https://www.mecojax.com/,Mike Hall,https://evitp.org/michigan/listing/miller-electric-company,evitp.org,2026-08-31
42.40072,-83.010791,michigan,Motor City Electric,"9440 Grinnell Avenue, Detroit, MI, USA",3139215300,ejones@mceco.com,https://www.mceco.com,Eric Jones,https://evitp.org/michigan/listing/motor-city-electric,evitp.org,2026-08-31
42.458762,-83.04255,michigan,New River Electrical Corporation,"Michigan, USA",5405267501,ahartsfield@nrec.net,https://www.newriverelectrical.com/,,https://evitp.org/michigan/listing/new-river-electrical-corporation,evitp.org,2026-08-31
43.218002,-86.215016,michigan,"Newkirk Electric Associates, Inc.","1875 Roberts Street, Muskegon, MI, 49442, USA",2317221691,bthutchison@newkirk-electric.com,https://www.newkirk-electric.com/#/,Brent Hutchison,https://evitp.org/michigan/listing/newkirk-electric-associates-inc,evitp.org,2026-08-31
44.314844,-85.602364,michigan,"Northern Valley Electrical Service, Inc.","Michigan, USA",2182304335,dhultberg@nvesi.com,https://www.nvesi.com/,Darin Hultberg,https://evitp.org/michigan/listing/northern-valley-electrical-service-inc,evitp.org,2026-08-31
42.681426,-83.375159,michigan,Oak Electric,"4315 Dixie Highway, Waterford, MI, 48329 USA",2486234900,gary@oakelectric.com,https://oakelectric.com/,Gary Pipia,https://evitp.org/michigan/listing/oak-electric,evitp.org,2026-08-31
43.485366,-83.946836,michigan,Pierce Powerline Co.,"5383 North Michigan Road, Saginaw, MI, 48064, USA",9893261557,dp@piercepowerline.com,https://piercepowerline.com/,Derrick Pierce,https://evitp.org/michigan/listing/pierce-powerline-co,evitp.org,2026-08-31
42.842238,-84.780224,michigan,"Premium Electric, LLC","13049 W Howe Rd, Eagle, MI, 48822, USA",5178190260,chendee81@gmail.com,,Craig Hendee,https://evitp.org/michigan/listing/premium-electric-llc,evitp.org,2026-08-31
42.818422,-82.993644,michigan,"Rauhorn Electric, Inc.","14140 33 Mile Road, Bruce Township, MI, 48065USA",5869220400,sfinkbeiner@rauhornelec.com,https://rauhornelectric.com/,Scott Finkbeiner,https://evitp.org/michigan/listing/rauhorn-electric-inc,evitp.org,2026-08-31
44.314844,-85.602364,michigan,"Regent Electric, Inc.","Michigan, USA",4194768333,smccarthy@regentelectric.com,http://regentelectric.com/,Sean McCarthy,https://evitp.org/michigan/listing/regent-electric-inc,evitp.org,2026-08-31
42.056263,-83.514962,michigan,"Romanoff Electric Co., LLC.","Michigan, USA",4193924434,dana.hostetler@romanoffelectric.com,https://quebeholdingsinc.com/romanoff-electric-co,Dana Hostetler,https://evitp.org/michigan/listing/romanoff-electric-co-llc,evitp.org,2026-08-31
42.280826,-83.743038,michigan,Sargent Electric Company,"Ann Arbor, MI, USA",4123947600,info@sargentelectric.com,https://www.sargentelectric.com/,Tim Snyder,https://evitp.org/michigan/listing/sargent-electric-company,evitp.org,2026-08-31
42.473229,-83.215757,michigan,SG Energy Solutions,"17255 W. 10 Mile Road, Southfield, MI. 48075, USA",3134028816,dsiders@sgenergysolutions.com,https://www.sg-solutionsgroup.com/,Desmen Siders,https://evitp.org/michigan/listing/sg-energy-solutions,evitp.org,2026-08-31
44.314844,-85.602364,michigan,Shambaugh and Son L.P.,"Michigan, USA",12604877846,dhearld@shambaugh.com,https://shambaugh.com/,Douglas M. Hearld,https://evitp.org/michigan/listing/shambaugh-and-sons-l-p,evitp.org,2026-08-31
42.451894,-83.276941,michigan,Shaw Systems and Integration,"22100 Telegraph Road, Southfield, MI 48033, USA",2483459538,mfetters@shawsi.com,https://shawelectric.com/,"Mark Fetters              
             
                             
         
     
 
         
     
     
         
             
                  Redo search when map moved 
             
              
         
     
 
 
 
 
     
         Showing 1 - 50 of 64 results 
     
     
          «  1  2  »       
  
 
 											 

									 
					 
			 
   
    

	 
		 

			 
	 
		
		 
			 

				
 
			 
			 			  
	   


 
 

 
	   


The Electric Vehicle Infrastructure Training Program (EVITP) provides training and certification for electricians installing electric vehicle supply equipment (EVSE).  
		 		 
			 
					 
			 
			 			  
		 		 
			 
			  Contact Info 			  
	 
		 
			  		 
	 
	  Canada: www.NETCO.org 
 

 
	 
		 
			  		 
	 
	  United States:  EVITP, 811 N. Main Street, Suite 202,                     Royal Oak, MI  48067
 
 

 
	 
		 
			  		 
	 
	   info@evitp.org 
  
		 		 
	 			 
		 
		 
 


 
			 
			 

			
			 

			 
	 
		 Copyright © 2026 EVITP - ALL RIGHTS RESERVED -  TERMS OF USE  	 
	 
			 
 
			 

				 
		 
	 
		 
	 

   
   
 
{""prefetch"":[{""source"":""document"",""where"":{""and"":[{""href_matches"":""/*""},{""not"":{""href_matches"":[""/wp-*.php"",""/wp-admin/*"",""/wp-content/uploads/*"",""/wp-content/*"",""/wp-content/plugins/*"",""/wp-content/themes/siennawp/*"",""/*\\?(.+)""]}},{""not"":{""selector_matches"":""a[rel~=\""nofollow\""]""}},{""not"":{""selector_matches"":"".no-prefetch, .no-prefetch a""}}]},""eagerness"":""conservative""}]}
 
		  
		 
jQuery(document).ready(function($) {
SABAI.init($(""#sabai-content""));
});
   
  
  
  
  
  
  
 
wp.i18n.setLocaleData( { 'text direction\u0004ltr': [ 'ltr' ] } );
//# sourceURL=wp-i18n-js-after
 
  
 
var wpcf7 = {
    ""api"": {
        ""root"": ""https:\/\/evitp.org\/wp-json\/"",
        ""namespace"": ""contact-form-7\/v1""
    }
};
//# sourceURL=contact-form-7-js-before
 
  
 
var cf7appsHoneypotRefill = {""forceRefillOnInit"":""""};
//# sourceURL=cf7apps-honeypot-refill-js-extra
 
  
  
  
 
var mejsL10n = {""language"":""en"",""strings"":{""mejs.download-file"":""Download File"",""mejs.install-flash"":""You are using a browser that does not have Flash player enabled or installed. Please turn on your Flash player plugin or download the latest version from https://get.adobe.com/flashplayer/"",""mejs.fullscreen"":""Fullscreen"",""mejs.play"":""Play"",""mejs.pause"":""Pause"",""mejs.time-slider"":""Time Slider"",""mejs.time-help-text"":""Use Left/Right Arrow keys to advance one second, Up/Down arrows to advance ten seconds."",""mejs.live-broadcast"":""Live Broadcast"",""mejs.volume-help-text"":""Use Up/Down Arrow keys to increase or decrease volume."",""mejs.unmute"":""Unmute"",""mejs.mute"":""Mute"",""mejs.volume-slider"":""Volume Slider"",""mejs.video-player"":""Video Player"",""mejs.audio-player"":""Audio Player"",""mejs.captions-subtitles"":""Captions/Subtitles"",""mejs.captions-chapters"":""Chapters"",""mejs.none"":""None"",""mejs.afrikaans"":""Afrikaans"",""mejs.albanian"":""Albanian"",""mejs.arabic"":""Arabic"",""mejs.belarusian"":""Belarusian"",""mejs.bulgarian"":""Bulgarian"",""mejs.catalan"":""Catalan"",""mejs.chinese"":""Chinese"",""mejs.chinese-simplified"":""Chinese (Simplified)"",""mejs.chinese-traditional"":""Chinese (Traditional)"",""mejs.croatian"":""Croatian"",""mejs.czech"":""Czech"",""mejs.danish"":""Danish"",""mejs.dutch"":""Dutch"",""mejs.english"":""English"",""mejs.estonian"":""Estonian"",""mejs.filipino"":""Filipino"",""mejs.finnish"":""Finnish"",""mejs.french"":""French"",""mejs.galician"":""Galician"",""mejs.german"":""German"",""mejs.greek"":""Greek"",""mejs.haitian-creole"":""Haitian Creole"",""mejs.hebrew"":""Hebrew"",""mejs.hindi"":""Hindi"",""mejs.hungarian"":""Hungarian"",""mejs.icelandic"":""Icelandic"",""mejs.indonesian"":""Indonesian"",""mejs.irish"":""Irish"",""mejs.italian"":""Italian"",""mejs.japanese"":""Japanese"",""mejs.korean"":""Korean"",""mejs.latvian"":""Latvian"",""mejs.lithuanian"":""Lithuanian"",""mejs.macedonian"":""Macedonian"",""mejs.malay"":""Malay"",""mejs.maltese"":""Maltese"",""mejs.norwegian"":""Norwegian"",""mejs.persian"":""Persian"",""mejs.polish"":""Polish"",""mejs.portuguese"":""Portuguese"",""mejs.romanian"":""Romanian"",""mejs.russian"":""Russian"",""mejs.serbian"":""Serbian"",""mejs.slovak"":""Slovak"",""mejs.slovenian"":""Slovenian"",""mejs.spanish"":""Spanish"",""mejs.swahili"":""Swahili"",""mejs.swedish"":""Swedish"",""mejs.tagalog"":""Tagalog"",""mejs.thai"":""Thai"",""mejs.turkish"":""Turkish"",""mejs.ukrainian"":""Ukrainian"",""mejs.vietnamese"":""Vietnamese"",""mejs.welsh"":""Welsh"",""mejs.yiddish"":""Yiddish""}};
//# sourceURL=mediaelement-core-js-before
 
  
  
 
var _wpmejsSettings = {""pluginPath"":""/wp-includes/js/mediaelement/"",""classPrefix"":""mejs-"",""stretching"":""responsive"",""audioShortcodeLibrary"":""mediaelement"",""videoShortcodeLibrary"":""mediaelement""};
//# sourceURL=mediaelement-js-extra
 
  
  
  
  
  
  
  
  
  
  
  
  
  
  
  
  
  
  
  
  
  
  
  
  
  
  
  
  
  
  
  
  
 
var mkdfGlobalVars = {""vars"":{""mkdfAddForAdminBar"":0,""mkdfElementAppearAmount"":-150,""mkdfFinishedMessage"":""No more posts"",""mkdfMessage"":""Loading new posts..."",""mkdfTopBarHeight"":42,""mkdfStickyHeaderHeight"":0,""mkdfStickyHeaderTransparencyHeight"":60,""mkdfLogoAreaHeight"":0,""mkdfMenuAreaHeight"":131,""mkdfMobileHeaderHeight"":100}};
var mkdfPerPageVars = {""vars"":{""mkdfStickyScrollAmount"":450,""mkdfStickyScrollAmountFullScreen"":false,""mkdfHeaderTransparencyHeight"":0}};
//# sourceURL=sienna-mikado-modules-js-extra
 
  
  
  
 
var mkdfLike = {""ajaxurl"":""https://evitp.org/wp-admin/admin-ajax.php""};
//# sourceURL=sienna-mikado-like-js-extra
 
  
 
var GEM = {""thankyou"":""Thank you for signing up!"",""thankyou_suppressed"":""Thank you for signing up! Please check your email to confirm your subscription."",""oops"":""Oops! There was a problem. Please try again."",""email"":""Please enter a valid email address."",""required"":""%s is a required field.""};
//# sourceURL=gem-main-js-extra
 
  
  
  
 
var wpcf7_recaptcha = {
    ""sitekey"": ""6LdAGgcgAAAAALmBeuQZgYH6HTEI3KlPBF86-YxA"",
    ""actions"": {
        ""homepage"": ""homepage"",
        ""contactform"": ""contactform""
    }
};
//# sourceURL=wpcf7-recaptcha-js-before
 
  
 
{""baseUrl"":""https://s.w.org/images/core/emoji/17.0.2/72x72/"",""ext"":"".png"",""svgUrl"":""https://s.w.org/images/core/emoji/17.0.2/svg/"",""svgExt"":"".svg"",""source"":{""concatemoji"":""https://evitp.org/wp-includes/js/wp-emoji-release.min.js?ver=7.0.4""}}
 
 
/*! This file is auto-generated */
var e=""script#wp-emoji-settings"",t=document.querySelector(e);if(!(t instanceof HTMLScriptElement))throw new Error(""Element missing: ""+e);const r=JSON.parse(t.text),s=(window._wpemojiSettings=r,""wpEmojiSettingsSupports""),o=[""flag"",""emoji""];function i(e){try{var t={supportTests:e,timestamp:(new Date).valueOf()};sessionStorage.setItem(s,JSON.stringify(t))}catch(e){}}function c(e,t,n){e.clearRect(0,0,e.canvas.width,e.canvas.height),e.fillText(t,0,0);t=new Uint32Array(e.getImageData(0,0,e.canvas.width,e.canvas.height).data);e.clearRect(0,0,e.canvas.width,e.canvas.height),e.fillText(n,0,0);const r=new Uint32Array(e.getImageData(0,0,e.canvas.width,e.canvas.height).data);return t.every((e,t)=>e===r[t])}function p(e,t){e.clearRect(0,0,e.canvas.width,e.canvas.height),e.fillText(t,0,0);var n=e.getImageData(16,16,1,1);for(let e=0;e {o[e]=t(s,e,n,r)}),o}function a(e){var t=document.createElement(""script"");t.src=e,t.defer=!0,document.head.appendChild(t)}r.supports={everything:!0,everythingExceptFlag:!0},new Promise(t=>{let n=function(){try{var e=JSON.parse(sessionStorage.getItem(s));if(""object""==typeof e&&""number""==typeof e.timestamp&&(new Date).valueOf() {i(n=e.data),a.terminate(),t(n)})}catch(e){}i(n=f(o,u,c,p))}t(n)}).then(e=>{for(const n in e)r.supports[n]=e[n],r.supports.everything=r.supports.everything&&r.supports[n],""flag""!==n&&(r.supports.everythingExceptFlag=r.supports.everythingExceptFlag&&r.supports[n]);var t;r.supports.everythingExceptFlag=r.supports.everythingExceptFlag&&!r.supports.flag,r.supports.everything||((t=r.source||{}).concatemoji?a(t.concatemoji):t.wpemoji&&t.twemoji&&(a(t.twemoji),a(t.wpemoji)))});
//# sourceURL=https://evitp.org/wp-includes/js/wp-emoji-loader.min.js
 
 			  
			 
				/* @v3-js:start */
					let c4wp_onloadCallback = function() {
						for ( var i = 0; i   {
						if ( typeof jQuery !== 'undefined' && jQuery( 'input[id*=""c4wp-wc-checkout""]' ).length ) {
							var element = document.createElement('div');
							var html = '     ';
							element.innerHTML = html;
							jQuery( '[class*=""c4wp-wc-checkout""]' ).append( element );
							jQuery( '[class*=""c4wp-wc-checkout""]' ).find('*').off();
							c4wp_onloadCallback();
						}
					});
				/* @v3-js:end */",https://evitp.org/michigan/listing/shaw-systems-and-integration,evitp.org,2026-08-31
44.567256,-93.540356,minnesota,"A&M Electric, Inc.","26425 Redwing Avenue, New Prague, MN 56071, USA",6122806122,,https://www.aandmelectric.com/,Robert Annen,https://evitp.org/minnesota/listing/am-electric-inc,evitp.org,2026-08-31
47.666729,-96.009689,minnesota,"Ace Electrical Contractors, Inc.","8300 10th Avenue North, Garden Valley, MN, 55427 USA",7636948800,palml@aceelectrical.net,http://aceelectrical.net/,Larry Palm,https://evitp.org/minnesota/listing/ace-electrical-contractors-inc,evitp.org,2026-08-31
47.499771,-92.882699,minnesota,Aikey Electric,"301 12th Street Northwest, Chisholm, Minnesota, 55719 USA",2189694705,josh@aikeyelectric.com,http://www.aikeyelectric.com/,Josh Aikey,https://evitp.org/minnesota/listing/aikey-electric,evitp.org,2026-08-31
46.617721,-95.301958,minnesota,"Aldridge Electric, Inc.","Minnesota, USA",18472761127,ggiovannetti@aldridgegroup.com,https://www.aldridgegroup.com/,Gina Giovanetti,https://evitp.org/minnesota/listing/aldridge-electric-inc,evitp.org,2026-08-31
47.531912,-92.232839,minnesota,"Amptek, Inc.","212 East 4th Avenue North, Aurora, MN, 55705, USA",2182290100,lancej@amptekcontractors.com,https://www.amptekconsulting.com/,Lance Johnson,https://evitp.org/minnesota/listing/amptek-inc,evitp.org,2026-08-31
43.662428,-92.960958,minnesota,Austin Electric,"1111 5th Pl SE, Austin, MN, 55912, USA",5074348080,chad@austinelectric.net,https://www.austinelectric.net/,Chad Carlson,https://evitp.org/minnesota/listing/austin-electric,evitp.org,2026-08-31
44.965734,-93.189427,minnesota,"Bakken Electric, LLC","817 Vandalia Street, Ste 1. Saint Paul, MN, 55114USA",6123663885,bhayes@bakkenelectric.com,https://www.bakkenelectric.com/,Bryan Hayes,https://evitp.org/minnesota/listing/bakken-electric-llc,evitp.org,2026-08-31
46.729553,-94.6859,minnesota,"Belknap Electric, Inc.","Minnesota, USA",7153947769,chriskrook@belknapelectric.com,https://www.belknapelectric.com/,"Chris Krook, Denny Stolp or Jason Shearman",https://evitp.org/minnesota/listing/belknap-electric-inc,evitp.org,2026-08-31
45.357017,-93.323595,minnesota,Benson Electric Co.,"Minnesota, USA",7157183513,bill@becotm.com,https://bensonelectriccompany.com/,Bill Slattengren,https://evitp.org/minnesota/listing/benson-electric-co,evitp.org,2026-08-31
44.187386,-94.053009,minnesota,"BLK Electric, Inc","1990 Lookout Drive, North Mankato, MN, 56003 USA",5073881173,kelly.christiensen@blkelectric.com,http://blkelectric.com/home,Kelly Christensen,https://evitp.org/minnesota/listing/blk-electric-inc,evitp.org,2026-08-31
45.091062,-93.365038,minnesota,"Current Masterz, LLC","6516 75th Avenue North, Minneapolis, MN, 55428, USA",6128503200,currentmasterz@gmail.com,,Ewansiha Favors,https://evitp.org/minnesota/listing/current-masterz-llc,evitp.org,2026-08-31
46.729553,-94.6859,minnesota,"Decker Electric, Inc.","Minnesota, USA",13162658182,bwilson@decker-electric.com,https://www.decker-electric.com/,,https://evitp.org/minnesota/listing/decker-electric-inc,evitp.org,2026-08-31
45.164383,-93.38979,minnesota,Egan Company,"11611 Business Park Boulevard North, Champlin, MN, 55316, USA",7635444131,mat@eganco.com,https://www.eganco.com/,Michael Tengwall,https://evitp.org/minnesota/listing/egan-company,evitp.org,2026-08-31
46.744378,-92.161997,minnesota,"Electric Systems of Duluth, Inc.","4731 Grand Avenue, Duluth, MN, 55807, USA",2187220764,contact@electricsystemsofduluth.com,http://www.electricsystemsofduluth.com/,John Michalski or Sue Swor,https://evitp.org/minnesota/listing/electric-systems-of-deluth-inc,evitp.org,2026-08-31
45.51367,-94.163135,minnesota,"Erickson Electric Company, Inc.","3308 Southway Drive, St. Cloud, MN 56301, USA",3202511501,chrisd@ericksonelectricmn.com,https://www.ericksonelectricmn.com/,Chris Dalton,https://evitp.org/minnesota/listing/erickson-electric-company-inc,evitp.org,2026-08-31
45.73394,-93.710708,minnesota,"Granite Ledge Electrical Contractors, Inc.","P.O. Box 8, Foreston, MN. 56330, USA",3202945557,ericrassler@graniteledgeelectric.com,https://www.graniteledgeelectric.com/,Eric Rassler,https://evitp.org/minnesota/listing/granite-ledge-electrical-contractors-inc,evitp.org,2026-08-31
44.863726,-93.466048,minnesota,"Gunnar Electric, Inc.","14850 Martin Drive, Eden Prairie, MN, 55344USA",9529379262100,service@gunnarelectric.com,http://www.gunnarelectric.com/,Elizabeth Hughes,https://evitp.org/minnesota/listing/gunnar-electric-inc,evitp.org,2026-08-31
43.99397,-92.457981,minnesota,"Hicks Electric, Inc.","1910 3rd Avenue Southeast, Rochester, MN, 55904, USA",5072885695,hickselectricinc@msn.com,,Paul Burshem,https://evitp.org/minnesota/listing/hicks-electric-inc,evitp.org,2026-08-31
45.043909,-93.289506,minnesota,"Horwitz, Inc.","740 49th Avenue North, Minneapolis, MN, 55428, USA",6123287270,enolson@horwitzinc.com,http://www.horwitzinc.com/,Elliott Olson,https://evitp.org/minnesota/listing/horwitz-inc,evitp.org,2026-08-31
44.859087,-93.264262,minnesota,Hunt Electric Corporation,"7900 Chicago Avenue South, Bloomington, MN, 55420, USA",6124239819,mplumedahl@huntelec.com,https://www.huntelec.com/,Mike Plumedahl,https://evitp.org/minnesota/listing/hunt-electric-corporation,evitp.org,2026-08-31
45.19226,-93.541614,minnesota,J Becher & Associates,"20610 Commerce Boulevard, Rogers, MN, 55374, USA",7634288630,kschmidt@jbecher.com,https://jbecher.com/,Kyle Schmidt,https://evitp.org/minnesota/listing/j-becher-associates,evitp.org,2026-08-31
45.224191,-93.431436,minnesota,"Landmark Electric, Inc.","6451 McKinley St NW Suite Q, Ramsey, MN, 55303, USA",7637958268,office@landmarkelectricinc.com,https://landmarkelectricinc.com/,Jayson Oswald,https://evitp.org/minnesota/listing/landmark-electric-inc,evitp.org,2026-08-31
44.778725,-93.38795,minnesota,Master Electric Co. Inc.,"8555 123rd Street West, Savage, MN, 55378, USA      1048 S Victory Drive, Mankato, MN, 56001, USA      724 East Blue Earth Avenue, Fairmont, MN. 56031",9523939969,justin.stier@masterelectric.com,https://masterelectric.com/,Justin Stier,https://evitp.org/minnesota/listing/master-electric-co-inc,evitp.org,2026-08-31
45.055824,-92.811256,minnesota,Mercury Electric Corporation,"P.O. Box 13, Stillwater, Minnesota 55082",6514641660,pbourland@mercury-electric.com,https://www.mercury-electric.com/,Peter Bourland,https://evitp.org/minnesota/listing/mercury-electric-corporation,evitp.org,2026-08-31
45.217888,-93.301622,minnesota,Miller Electric Company,"Minnesota, USA",9048324423,mhall@mecojax.com,https://www.mecojax.com/,Mike Hall,https://evitp.org/minnesota/listing/miller-electric-company,evitp.org,2026-08-31
44.955467,-93.131253,minnesota,"Modern Electrical Services, Inc.","738 University Avenue West, Saint Paul, MN, 55104, USA",6513130110,luyen_le@modernelectricalsolutions.com,https://modernelectricalsolutions.com/,Luyen Le,https://evitp.org/minnesota/listing/modern-electrical-services-inc,evitp.org,2026-08-31
45.018552,-93.183944,minnesota,Muska Electric Company,"1985 Oakcrest Avenue, Roseville, MN, 55113, USA",6516365820,tolson@muskaelectric.com,https://www.muskaelectric.com/,Ted Olson,https://evitp.org/minnesota/listing/muska-electric-company,evitp.org,2026-08-31
45.084167,-93.051915,minnesota,NEI Electric,"4815 White Bear Parkway, White Bear Lake, MN, 55110, USA",6512873137,vmathson@neielectric.com,http://www.neielectric.com/,Van Mathson,https://evitp.org/minnesota/listing/nei-electric,evitp.org,2026-08-31
45.079386,-93.302996,minnesota,New River Electrical Corporation,"Minnesota, USA",5405267501,ahartsfield@nrec.net,https://www.newriverelectrical.com/,Jonathan Aaron Hartsfield,https://evitp.org/minnesota/listing/new-river-electrical-corporation,evitp.org,2026-08-31
47.166233,-94.790143,minnesota,"North Country Electrical Services, Inc.","27766 County Highway 37, Laporte, MN, 56461 USA",2185560710,mark@ncesi.net,http://www.ncesi.net/,Mark Mann,https://evitp.org/minnesota/listing/north-country-electrical-services-inc,evitp.org,2026-08-31
46.729553,-94.6859,minnesota,"Northern Valley Electrical Service, Inc.","Minnesota, USA",2182304335,dhultberg@nvesi.com,https://www.nvesi.com/,Darin Hultberg,https://evitp.org/minnesota/listing/northern-valley-electrical-service-inc,evitp.org,2026-08-31
45.037583,-92.80725,minnesota,"O'Neill Electric, Inc.","6143 North Osgood Avenue, Stillwater, MN, 55082, USA",6513420906,daniel@oneillelectricmn.com,https://www.oneillelectricmn.com/,Dan O’Neil,https://evitp.org/minnesota/listing/oneill-electric-inc,evitp.org,2026-08-31
43.816989,-91.306449,minnesota,"P&T Electric, Inc.","1122 South Oak Street, La Crescent, MN, 55947, USA",5078958585,paulptelec@acegroup.cc,https://ptelectricinc.net/home.html,Paul Siegersma,https://evitp.org/minnesota/listing/pt-electric-inc,evitp.org,2026-08-31
46.729553,-94.6859,minnesota,Parsons Electric,"Minnesota, USA",17635287670,brad.bacon@pecsolutions.com,https://www.pecsolutions.com/,Brad Bacon,https://evitp.org/minnesota/listing/parsons-electric,evitp.org,2026-08-31
45.108346,-93.337653,minnesota,Premier Electrical Corporation,"4401 85th Avenue North, Brooklyn Park, MN, 55443, USA",7634246551,tehrlichman@premiercorp.net,https://www.premiercorp.net/,Tami Ehrlichman,https://evitp.org/minnesota/listing/premier-electrical-corporation,evitp.org,2026-08-31
45.206744,-93.333124,minnesota,"Raymond Electric, LLC","2689 130th Cir NW, Minneapolis, MN, 55448 USA",6125645324,Raymond@rayelectricmn.com,http://rayelectricmn.com/,Raymond Zeran,https://evitp.org/minnesota/listing/raymond-electric-llc,evitp.org,2026-08-31
45.168807,-93.252464,minnesota,Redwood Electrical Contractors,"Blaine, MN 55434, USA",6125677674,info.redwoodelectricmn@gmail.com,https://www.redwoodelectricmn.com/,Ogbondah M. Amadi Sr.,https://evitp.org/minnesota/listing/redwood-electrical-contractors,evitp.org,2026-08-31
44.096404,-93.234398,minnesota,Retrofit Electric,"1010 Hoffman Drive Northwest ste a, Owatonna, MN, 55060, USA      2960 Yorktown Blvd, Little Canada, MN 55117",5074145160,wfry@retrofitcompanies.com,https://retrofitcompanies.com/,Wendy Fry,https://evitp.org/minnesota/listing/retrofit-electric,evitp.org,2026-08-31
46.853063,-92.462752,minnesota,Saginaw Electric,"7427 Seville Road, Saginaw, MN 55779, USA",2183480352,eric.bingaman@saginawelec.com,,Eric Bingaman,https://evitp.org/minnesota/listing/saginaw-electric,evitp.org,2026-08-31
46.729553,-94.6859,minnesota,"Sun Electric, inc.","Minnesota, USA",7012819140,twanzek@suninc.us,http://www.sunelectricnd.com/,Tyler Wanzek,https://evitp.org/minnesota/listing/sun-electric-inc,evitp.org,2026-08-31
46.729553,-94.6859,minnesota,T.D. Padesky Electric,"Minnesota, USA",6087809326,bschlegel@padeskyelectric.com,https://padeskyelectric.com/,Brandon Schlegel,https://evitp.org/minnesota/listing/t-d-padesky-electric,evitp.org,2026-08-31
46.729553,-94.6859,minnesota,The State Group Industrial (USA) Limited,"Minnesota, USA",5869921572,Michigan.estimating@stategroup.com,https://stategroup.com/,Gino Robinet – Statewide Coordinator,https://evitp.org/minnesota/listing/the-state-group-industrial-usa-limited,evitp.org,2026-08-31
46.729553,-94.6859,minnesota,Thompson Electric,"Minnesota, USA",17122524221,brian.spader@thompsonknows.com,https://www.thompsonknows.com/,Brian Spader,https://evitp.org/minnesota/listing/thompson-electric,evitp.org,2026-08-31
45.119579,-93.422738,minnesota,UHL Company,"9065 Zachary Lane North, Maple Grove, MN, 55369 USA",7634257226,corys@uhlco.com,https://www.uhlcompany.com/,Corey Stauffeneker,https://evitp.org/minnesota/listing/uhl-company,evitp.org,2026-08-31
46.729553,-94.6859,minnesota,"Unity Works Solutions, LLC","Minnesota, USA",2057323766,andrew.honeycutt@unityws.com,https://unityworkslighting.com/,Andrew Honeycutt,https://evitp.org/minnesota/listing/unity-works-solutions-llc,evitp.org,2026-08-31
45.223998,-92.980651,minnesota,Vinco,"18995 Forest Blvd N, Forest Lake, MN, 55025, USA",6514403616,dmcclellan@vinco-inc.com,https://www.vinco-inc.com/,Dan McClellan,https://evitp.org/minnesota/listing/vinco,evitp.org,2026-08-31
45.341575,-93.719103,minnesota,"Warrior Energy, LLC","Minnesota, USA",2182894934,miguel.shockman@warriorenergyllc.com,https://www.warriorenergyllc.com/,"Miguel Shockman              
             
                             
         
     
 
     
     
         
             
                  Redo search when map moved 
             
              
         
     
 
 
 
 
     
         Showing 47 results 
     
  
 
 											 

									 
					 
			 
   
    

	 
		 

			 
	 
		
		 
			 

				
 
			 
			 			  
	   


 
 

 
	   


The Electric Vehicle Infrastructure Training Program (EVITP) provides training and certification for electricians installing electric vehicle supply equipment (EVSE).  
		 		 
			 
					 
			 
			 			  
		 		 
			 
			  Contact Info 			  
	 
		 
			  		 
	 
	  Canada: www.NETCO.org 
 

 
	 
		 
			  		 
	 
	  United States:  EVITP, 811 N. Main Street, Suite 202,                     Royal Oak, MI  48067
 
 

 
	 
		 
			  		 
	 
	   info@evitp.org 
  
		 		 
	 			 
		 
		 
 


 
			 
			 

			
			 

			 
	 
		 Copyright © 2026 EVITP - ALL RIGHTS RESERVED -  TERMS OF USE  	 
	 
			 
 
			 

				 
		 
	 
		 
	 

   
   
 
{""prefetch"":[{""source"":""document"",""where"":{""and"":[{""href_matches"":""/*""},{""not"":{""href_matches"":[""/wp-*.php"",""/wp-admin/*"",""/wp-content/uploads/*"",""/wp-content/*"",""/wp-content/plugins/*"",""/wp-content/themes/siennawp/*"",""/*\\?(.+)""]}},{""not"":{""selector_matches"":""a[rel~=\""nofollow\""]""}},{""not"":{""selector_matches"":"".no-prefetch, .no-prefetch a""}}]},""eagerness"":""conservative""}]}
 
		  
		 
jQuery(document).ready(function($) {
SABAI.init($(""#sabai-content""));
});
   
  
  
  
  
  
  
 
wp.i18n.setLocaleData( { 'text direction\u0004ltr': [ 'ltr' ] } );
//# sourceURL=wp-i18n-js-after
 
  
 
var wpcf7 = {
    ""api"": {
        ""root"": ""https:\/\/evitp.org\/wp-json\/"",
        ""namespace"": ""contact-form-7\/v1""
    }
};
//# sourceURL=contact-form-7-js-before
 
  
 
var cf7appsHoneypotRefill = {""forceRefillOnInit"":""""};
//# sourceURL=cf7apps-honeypot-refill-js-extra
 
  
  
  
 
var mejsL10n = {""language"":""en"",""strings"":{""mejs.download-file"":""Download File"",""mejs.install-flash"":""You are using a browser that does not have Flash player enabled or installed. Please turn on your Flash player plugin or download the latest version from https://get.adobe.com/flashplayer/"",""mejs.fullscreen"":""Fullscreen"",""mejs.play"":""Play"",""mejs.pause"":""Pause"",""mejs.time-slider"":""Time Slider"",""mejs.time-help-text"":""Use Left/Right Arrow keys to advance one second, Up/Down arrows to advance ten seconds."",""mejs.live-broadcast"":""Live Broadcast"",""mejs.volume-help-text"":""Use Up/Down Arrow keys to increase or decrease volume."",""mejs.unmute"":""Unmute"",""mejs.mute"":""Mute"",""mejs.volume-slider"":""Volume Slider"",""mejs.video-player"":""Video Player"",""mejs.audio-player"":""Audio Player"",""mejs.captions-subtitles"":""Captions/Subtitles"",""mejs.captions-chapters"":""Chapters"",""mejs.none"":""None"",""mejs.afrikaans"":""Afrikaans"",""mejs.albanian"":""Albanian"",""mejs.arabic"":""Arabic"",""mejs.belarusian"":""Belarusian"",""mejs.bulgarian"":""Bulgarian"",""mejs.catalan"":""Catalan"",""mejs.chinese"":""Chinese"",""mejs.chinese-simplified"":""Chinese (Simplified)"",""mejs.chinese-traditional"":""Chinese (Traditional)"",""mejs.croatian"":""Croatian"",""mejs.czech"":""Czech"",""mejs.danish"":""Danish"",""mejs.dutch"":""Dutch"",""mejs.english"":""English"",""mejs.estonian"":""Estonian"",""mejs.filipino"":""Filipino"",""mejs.finnish"":""Finnish"",""mejs.french"":""French"",""mejs.galician"":""Galician"",""mejs.german"":""German"",""mejs.greek"":""Greek"",""mejs.haitian-creole"":""Haitian Creole"",""mejs.hebrew"":""Hebrew"",""mejs.hindi"":""Hindi"",""mejs.hungarian"":""Hungarian"",""mejs.icelandic"":""Icelandic"",""mejs.indonesian"":""Indonesian"",""mejs.irish"":""Irish"",""mejs.italian"":""Italian"",""mejs.japanese"":""Japanese"",""mejs.korean"":""Korean"",""mejs.latvian"":""Latvian"",""mejs.lithuanian"":""Lithuanian"",""mejs.macedonian"":""Macedonian"",""mejs.malay"":""Malay"",""mejs.maltese"":""Maltese"",""mejs.norwegian"":""Norwegian"",""mejs.persian"":""Persian"",""mejs.polish"":""Polish"",""mejs.portuguese"":""Portuguese"",""mejs.romanian"":""Romanian"",""mejs.russian"":""Russian"",""mejs.serbian"":""Serbian"",""mejs.slovak"":""Slovak"",""mejs.slovenian"":""Slovenian"",""mejs.spanish"":""Spanish"",""mejs.swahili"":""Swahili"",""mejs.swedish"":""Swedish"",""mejs.tagalog"":""Tagalog"",""mejs.thai"":""Thai"",""mejs.turkish"":""Turkish"",""mejs.ukrainian"":""Ukrainian"",""mejs.vietnamese"":""Vietnamese"",""mejs.welsh"":""Welsh"",""mejs.yiddish"":""Yiddish""}};
//# sourceURL=mediaelement-core-js-before
 
  
  
 
var _wpmejsSettings = {""pluginPath"":""/wp-includes/js/mediaelement/"",""classPrefix"":""mejs-"",""stretching"":""responsive"",""audioShortcodeLibrary"":""mediaelement"",""videoShortcodeLibrary"":""mediaelement""};
//# sourceURL=mediaelement-js-extra
 
  
  
  
  
  
  
  
  
  
  
  
  
  
  
  
  
  
  
  
  
  
  
  
  
  
  
  
  
  
  
  
  
 
var mkdfGlobalVars = {""vars"":{""mkdfAddForAdminBar"":0,""mkdfElementAppearAmount"":-150,""mkdfFinishedMessage"":""No more posts"",""mkdfMessage"":""Loading new posts..."",""mkdfTopBarHeight"":42,""mkdfStickyHeaderHeight"":0,""mkdfStickyHeaderTransparencyHeight"":60,""mkdfLogoAreaHeight"":0,""mkdfMenuAreaHeight"":131,""mkdfMobileHeaderHeight"":100}};
var mkdfPerPageVars = {""vars"":{""mkdfStickyScrollAmount"":450,""mkdfStickyScrollAmountFullScreen"":false,""mkdfHeaderTransparencyHeight"":0}};
//# sourceURL=sienna-mikado-modules-js-extra
 
  
  
  
 
var mkdfLike = {""ajaxurl"":""https://evitp.org/wp-admin/admin-ajax.php""};
//# sourceURL=sienna-mikado-like-js-extra
 
  
 
var GEM = {""thankyou"":""Thank you for signing up!"",""thankyou_suppressed"":""Thank you for signing up! Please check your email to confirm your subscription."",""oops"":""Oops! There was a problem. Please try again."",""email"":""Please enter a valid email address."",""required"":""%s is a required field.""};
//# sourceURL=gem-main-js-extra
 
  
  
  
 
var wpcf7_recaptcha = {
    ""sitekey"": ""6LdAGgcgAAAAALmBeuQZgYH6HTEI3KlPBF86-YxA"",
    ""actions"": {
        ""homepage"": ""homepage"",
        ""contactform"": ""contactform""
    }
};
//# sourceURL=wpcf7-recaptcha-js-before
 
  
 
{""baseUrl"":""https://s.w.org/images/core/emoji/17.0.2/72x72/"",""ext"":"".png"",""svgUrl"":""https://s.w.org/images/core/emoji/17.0.2/svg/"",""svgExt"":"".svg"",""source"":{""concatemoji"":""https://evitp.org/wp-includes/js/wp-emoji-release.min.js?ver=7.0.4""}}
 
 
/*! This file is auto-generated */
var e=""script#wp-emoji-settings"",t=document.querySelector(e);if(!(t instanceof HTMLScriptElement))throw new Error(""Element missing: ""+e);const r=JSON.parse(t.text),s=(window._wpemojiSettings=r,""wpEmojiSettingsSupports""),o=[""flag"",""emoji""];function i(e){try{var t={supportTests:e,timestamp:(new Date).valueOf()};sessionStorage.setItem(s,JSON.stringify(t))}catch(e){}}function c(e,t,n){e.clearRect(0,0,e.canvas.width,e.canvas.height),e.fillText(t,0,0);t=new Uint32Array(e.getImageData(0,0,e.canvas.width,e.canvas.height).data);e.clearRect(0,0,e.canvas.width,e.canvas.height),e.fillText(n,0,0);const r=new Uint32Array(e.getImageData(0,0,e.canvas.width,e.canvas.height).data);return t.every((e,t)=>e===r[t])}function p(e,t){e.clearRect(0,0,e.canvas.width,e.canvas.height),e.fillText(t,0,0);var n=e.getImageData(16,16,1,1);for(let e=0;e {o[e]=t(s,e,n,r)}),o}function a(e){var t=document.createElement(""script"");t.src=e,t.defer=!0,document.head.appendChild(t)}r.supports={everything:!0,everythingExceptFlag:!0},new Promise(t=>{let n=function(){try{var e=JSON.parse(sessionStorage.getItem(s));if(""object""==typeof e&&""number""==typeof e.timestamp&&(new Date).valueOf() {i(n=e.data),a.terminate(),t(n)})}catch(e){}i(n=f(o,u,c,p))}t(n)}).then(e=>{for(const n in e)r.supports[n]=e[n],r.supports.everything=r.supports.everything&&r.supports[n],""flag""!==n&&(r.supports.everythingExceptFlag=r.supports.everythingExceptFlag&&r.supports[n]);var t;r.supports.everythingExceptFlag=r.supports.everythingExceptFlag&&!r.supports.flag,r.supports.everything||((t=r.source||{}).concatemoji?a(t.concatemoji):t.wpemoji&&t.twemoji&&(a(t.twemoji),a(t.wpemoji)))});
//# sourceURL=https://evitp.org/wp-includes/js/wp-emoji-loader.min.js
 
 			  
			 
				/* @v3-js:start */
					let c4wp_onloadCallback = function() {
						for ( var i = 0; i   {
						if ( typeof jQuery !== 'undefined' && jQuery( 'input[id*=""c4wp-wc-checkout""]' ).length ) {
							var element = document.createElement('div');
							var html = '     ';
							element.innerHTML = html;
							jQuery( '[class*=""c4wp-wc-checkout""]' ).append( element );
							jQuery( '[class*=""c4wp-wc-checkout""]' ).find('*').off();
							c4wp_onloadCallback();
						}
					});
				/* @v3-js:end */",https://evitp.org/minnesota/listing/warrior-energy-llc,evitp.org,2026-08-31
32.354668,-89.398528,mississippi,"B Electric, Inc","Mississippi, USA",2563660369,jbowles@belectric.com,,James Bowles,https://evitp.org/mississippi/listing/b-electric-inc,evitp.org,2026-08-31
32.278412,-90.000575,mississippi,"Covington Electric, LLC.","P.O. Box 1897, Brandon, MS. 39043, USA",6013832195,aaron@covingtonelectricllc.com,https://covingtonelectricllc.com/,Aaron Evans,https://evitp.org/mississippi/listing/covington-electric-llc,evitp.org,2026-08-31
31.314504,-89.303029,mississippi,"Doleac Electric Company, Inc.","1120 Finlo Drive Hattiesburg, MS 39401, USA",6015442052,larryd@doleac.com,http://doleac.com/wordpress/,,https://evitp.org/mississippi/listing/doleac-electric-company-inc,evitp.org,2026-08-31
30.449303,-89.051788,mississippi,"Doleac Electric Company, Inc.","12503 Dedeaux Road Gulfport, MS 39503, USA",2288319777,Warrens@doleac.com,http://doleac.com/wordpress/,Warren Saucier,https://evitp.org/mississippi/listing/doleac-electric-company-inc-1,evitp.org,2026-08-31
32.354668,-89.398528,mississippi,"EMS Electric, LLC.","Mississippi, USA",3183760976,josh@emselectric.com,http://emselectric.com/,Josh Palmer,https://evitp.org/mississippi/listing/ems-electric-llc,evitp.org,2026-08-31
32.354668,-89.398528,mississippi,"Garnet Electric Co., Inc.","Mississippi, USA",2563814062,jskipworth@garnetelectric.com,http://garnetelectric.com/,Jerrold Skipworth,https://evitp.org/mississippi/listing/garnet-electric-co-inc,evitp.org,2026-08-31
34.635526,-88.79564,mississippi,"Greers Electric, Inc.","1190A County Road 628, Dumas, MS, 38625, USA",6628375751,justin@greerelectric.com,https://greerselectric.com/,Justin Greer,https://evitp.org/mississippi/listing/greers-electric-inc,evitp.org,2026-08-31
32.354668,-89.398528,mississippi,"Gulf Electric Co., Inc. of Mobile","Mississippi, USA",12516660654,bfreeman@gulfelectric.com,http://gulfelec.com/,Brian Freeman,https://evitp.org/mississippi/listing/gulf-electric-co-inc-of-mobile,evitp.org,2026-08-31
32.465968,-90.145599,mississippi,"J. Ranck Electric, Inc.","Mississippi, USA",19312074354,swalker@jranck.com,https://www.jranck.com/,,https://evitp.org/mississippi/listing/j-ranck-electric-inc,evitp.org,2026-08-31
32.354668,-89.398528,mississippi,"Mid-South Electric Contractors, Inc.","Mississippi, USA",9013651818,brian@mid-southelectric.net,https://mid-southelectric.net/,Brian Smith,https://evitp.org/mississippi/listing/mid-south-electric-contractors-inc,evitp.org,2026-08-31
32.317537,-90.145599,mississippi,Miller Electric Company,"MS, USA",9048324423,mhall@mecojax.com,https://www.mecojax.com/,Mike Hall,https://evitp.org/mississippi/listing/miller-electric-company,evitp.org,2026-08-31
30.913235,-88.597627,mississippi,MSH Electrical Services,"143 Winter Street, Lucedale, MS, 39452, USA",6017915286,jason.anders@mshelectrical.com,https://mshproperties-llc.com/,Jason Anders,https://evitp.org/mississippi/listing/msh-electrical-services,evitp.org,2026-08-31
32.434679,-90.193664,mississippi,New River Electrical Corporation,"Mississippi, USA",15405267501,ahartsfield@nrec.net,https://www.newriverelectrical.com/,Jonathan Aaron Hartsfield,https://evitp.org/mississippi/listing/new-river-electrical-corporation,evitp.org,2026-08-31
32.354668,-89.398528,mississippi,Parsons Electric,"Mississippi, USA",17635287670,brad.bacon@pecsolutions.com,https://www.pecsolutions.com/,Brad Bacon,https://evitp.org/mississippi/listing/parsons-electric,evitp.org,2026-08-31
32.354668,-89.398528,mississippi,"Shambaugh and Son, L.P.","Mississippi, USA",12604877846,dhearld@shambaugh.com,https://shambaugh.com/,Douglas M. Hearld,https://evitp.org/mississippi/listing/shambaugh-and-sons-l-p,evitp.org,2026-08-31
32.354668,-89.398528,mississippi,"Shelby Electric Co., Inc.","Mississippi, USA",9019477300,cjcox@shelbyelectric.net,https://shelbyelectric.net/,Chris Cox,https://evitp.org/mississippi/listing/shelby-electric-co-inc,evitp.org,2026-08-31
31.386404,-89.545189,mississippi,Spark Electrical Services,"406 Military Road, Sumrall, MS, 39482, USA",6014087589,,https://www.sparkelectriccompany.com/,Nicholas Aultman,https://evitp.org/mississippi/listing/spark-electrical-services,evitp.org,2026-08-31
32.568112,-90.15626,mississippi,"V-Electric, Inc.","171 Northshore Blvd, Madison, MS, 39110, USA",6017504903,velectric6336@att.net,,Jimmy Vaughn,https://evitp.org/mississippi/listing/v-electric-inc,evitp.org,2026-08-31
32.354668,-89.398528,mississippi,"Walter J. Barnes Electric Co.,  Inc.","Mississippi, USA",5048351756,info@wjbe.com,http://wjbe.com/,Nick Gagliano,https://evitp.org/mississippi/listing/walter-j-barnes-electric-co-inc,evitp.org,2026-08-31
30.383275,-89.044112,mississippi,"Weaver Electric, Inc.","P.O. Box 7176, Gulfport, MS 39506, USA",2282657740,scottsmith@weaverelectric.com,,Scott F. Smith,https://evitp.org/mississippi/listing/weaver-electric-inc,evitp.org,2026-08-31
32.354668,-89.398528,mississippi,White Electrical Construction Company,"Mississippi, USA",19126637148,sgraham@white-electrical.com,http://www.white-electrical.com/,"Scott Graham              
             
                             
         
     
 
     
     
         
             
                  Redo search when map moved 
             
              
         
     
 
 
 
 
     
         Showing 21 results 
     
  
 
 											 

									 
					 
			 
   
    

	 
		 

			 
	 
		
		 
			 

				
 
			 
			 			  
	   


 
 

 
	   


The Electric Vehicle Infrastructure Training Program (EVITP) provides training and certification for electricians installing electric vehicle supply equipment (EVSE).  
		 		 
			 
					 
			 
			 			  
		 		 
			 
			  Contact Info 			  
	 
		 
			  		 
	 
	  Canada: www.NETCO.org 
 

 
	 
		 
			  		 
	 
	  United States:  EVITP, 811 N. Main Street, Suite 202,                     Royal Oak, MI  48067
 
 

 
	 
		 
			  		 
	 
	   info@evitp.org 
  
		 		 
	 			 
		 
		 
 


 
			 
			 

			
			 

			 
	 
		 Copyright © 2026 EVITP - ALL RIGHTS RESERVED -  TERMS OF USE  	 
	 
			 
 
			 

				 
		 
	 
		 
	 

   
   
 
{""prefetch"":[{""source"":""document"",""where"":{""and"":[{""href_matches"":""/*""},{""not"":{""href_matches"":[""/wp-*.php"",""/wp-admin/*"",""/wp-content/uploads/*"",""/wp-content/*"",""/wp-content/plugins/*"",""/wp-content/themes/siennawp/*"",""/*\\?(.+)""]}},{""not"":{""selector_matches"":""a[rel~=\""nofollow\""]""}},{""not"":{""selector_matches"":"".no-prefetch, .no-prefetch a""}}]},""eagerness"":""conservative""}]}
 
		  
		 
jQuery(document).ready(function($) {
SABAI.init($(""#sabai-content""));
});
   
  
  
  
  
  
  
 
wp.i18n.setLocaleData( { 'text direction\u0004ltr': [ 'ltr' ] } );
//# sourceURL=wp-i18n-js-after
 
  
 
var wpcf7 = {
    ""api"": {
        ""root"": ""https:\/\/evitp.org\/wp-json\/"",
        ""namespace"": ""contact-form-7\/v1""
    }
};
//# sourceURL=contact-form-7-js-before
 
  
 
var cf7appsHoneypotRefill = {""forceRefillOnInit"":""""};
//# sourceURL=cf7apps-honeypot-refill-js-extra
 
  
  
  
 
var mejsL10n = {""language"":""en"",""strings"":{""mejs.download-file"":""Download File"",""mejs.install-flash"":""You are using a browser that does not have Flash player enabled or installed. Please turn on your Flash player plugin or download the latest version from https://get.adobe.com/flashplayer/"",""mejs.fullscreen"":""Fullscreen"",""mejs.play"":""Play"",""mejs.pause"":""Pause"",""mejs.time-slider"":""Time Slider"",""mejs.time-help-text"":""Use Left/Right Arrow keys to advance one second, Up/Down arrows to advance ten seconds."",""mejs.live-broadcast"":""Live Broadcast"",""mejs.volume-help-text"":""Use Up/Down Arrow keys to increase or decrease volume."",""mejs.unmute"":""Unmute"",""mejs.mute"":""Mute"",""mejs.volume-slider"":""Volume Slider"",""mejs.video-player"":""Video Player"",""mejs.audio-player"":""Audio Player"",""mejs.captions-subtitles"":""Captions/Subtitles"",""mejs.captions-chapters"":""Chapters"",""mejs.none"":""None"",""mejs.afrikaans"":""Afrikaans"",""mejs.albanian"":""Albanian"",""mejs.arabic"":""Arabic"",""mejs.belarusian"":""Belarusian"",""mejs.bulgarian"":""Bulgarian"",""mejs.catalan"":""Catalan"",""mejs.chinese"":""Chinese"",""mejs.chinese-simplified"":""Chinese (Simplified)"",""mejs.chinese-traditional"":""Chinese (Traditional)"",""mejs.croatian"":""Croatian"",""mejs.czech"":""Czech"",""mejs.danish"":""Danish"",""mejs.dutch"":""Dutch"",""mejs.english"":""English"",""mejs.estonian"":""Estonian"",""mejs.filipino"":""Filipino"",""mejs.finnish"":""Finnish"",""mejs.french"":""French"",""mejs.galician"":""Galician"",""mejs.german"":""German"",""mejs.greek"":""Greek"",""mejs.haitian-creole"":""Haitian Creole"",""mejs.hebrew"":""Hebrew"",""mejs.hindi"":""Hindi"",""mejs.hungarian"":""Hungarian"",""mejs.icelandic"":""Icelandic"",""mejs.indonesian"":""Indonesian"",""mejs.irish"":""Irish"",""mejs.italian"":""Italian"",""mejs.japanese"":""Japanese"",""mejs.korean"":""Korean"",""mejs.latvian"":""Latvian"",""mejs.lithuanian"":""Lithuanian"",""mejs.macedonian"":""Macedonian"",""mejs.malay"":""Malay"",""mejs.maltese"":""Maltese"",""mejs.norwegian"":""Norwegian"",""mejs.persian"":""Persian"",""mejs.polish"":""Polish"",""mejs.portuguese"":""Portuguese"",""mejs.romanian"":""Romanian"",""mejs.russian"":""Russian"",""mejs.serbian"":""Serbian"",""mejs.slovak"":""Slovak"",""mejs.slovenian"":""Slovenian"",""mejs.spanish"":""Spanish"",""mejs.swahili"":""Swahili"",""mejs.swedish"":""Swedish"",""mejs.tagalog"":""Tagalog"",""mejs.thai"":""Thai"",""mejs.turkish"":""Turkish"",""mejs.ukrainian"":""Ukrainian"",""mejs.vietnamese"":""Vietnamese"",""mejs.welsh"":""Welsh"",""mejs.yiddish"":""Yiddish""}};
//# sourceURL=mediaelement-core-js-before
 
  
  
 
var _wpmejsSettings = {""pluginPath"":""/wp-includes/js/mediaelement/"",""classPrefix"":""mejs-"",""stretching"":""responsive"",""audioShortcodeLibrary"":""mediaelement"",""videoShortcodeLibrary"":""mediaelement""};
//# sourceURL=mediaelement-js-extra
 
  
  
  
  
  
  
  
  
  
  
  
  
  
  
  
  
  
  
  
  
  
  
  
  
  
  
  
  
  
  
  
  
 
var mkdfGlobalVars = {""vars"":{""mkdfAddForAdminBar"":0,""mkdfElementAppearAmount"":-150,""mkdfFinishedMessage"":""No more posts"",""mkdfMessage"":""Loading new posts..."",""mkdfTopBarHeight"":42,""mkdfStickyHeaderHeight"":0,""mkdfStickyHeaderTransparencyHeight"":60,""mkdfLogoAreaHeight"":0,""mkdfMenuAreaHeight"":131,""mkdfMobileHeaderHeight"":100}};
var mkdfPerPageVars = {""vars"":{""mkdfStickyScrollAmount"":450,""mkdfStickyScrollAmountFullScreen"":false,""mkdfHeaderTransparencyHeight"":0}};
//# sourceURL=sienna-mikado-modules-js-extra
 
  
  
  
 
var mkdfLike = {""ajaxurl"":""https://evitp.org/wp-admin/admin-ajax.php""};
//# sourceURL=sienna-mikado-like-js-extra
 
  
 
var GEM = {""thankyou"":""Thank you for signing up!"",""thankyou_suppressed"":""Thank you for signing up! Please check your email to confirm your subscription."",""oops"":""Oops! There was a problem. Please try again."",""email"":""Please enter a valid email address."",""required"":""%s is a required field.""};
//# sourceURL=gem-main-js-extra
 
  
  
  
 
var wpcf7_recaptcha = {
    ""sitekey"": ""6LdAGgcgAAAAALmBeuQZgYH6HTEI3KlPBF86-YxA"",
    ""actions"": {
        ""homepage"": ""homepage"",
        ""contactform"": ""contactform""
    }
};
//# sourceURL=wpcf7-recaptcha-js-before
 
  
 
{""baseUrl"":""https://s.w.org/images/core/emoji/17.0.2/72x72/"",""ext"":"".png"",""svgUrl"":""https://s.w.org/images/core/emoji/17.0.2/svg/"",""svgExt"":"".svg"",""source"":{""concatemoji"":""https://evitp.org/wp-includes/js/wp-emoji-release.min.js?ver=7.0.4""}}
 
 
/*! This file is auto-generated */
var e=""script#wp-emoji-settings"",t=document.querySelector(e);if(!(t instanceof HTMLScriptElement))throw new Error(""Element missing: ""+e);const r=JSON.parse(t.text),s=(window._wpemojiSettings=r,""wpEmojiSettingsSupports""),o=[""flag"",""emoji""];function i(e){try{var t={supportTests:e,timestamp:(new Date).valueOf()};sessionStorage.setItem(s,JSON.stringify(t))}catch(e){}}function c(e,t,n){e.clearRect(0,0,e.canvas.width,e.canvas.height),e.fillText(t,0,0);t=new Uint32Array(e.getImageData(0,0,e.canvas.width,e.canvas.height).data);e.clearRect(0,0,e.canvas.width,e.canvas.height),e.fillText(n,0,0);const r=new Uint32Array(e.getImageData(0,0,e.canvas.width,e.canvas.height).data);return t.every((e,t)=>e===r[t])}function p(e,t){e.clearRect(0,0,e.canvas.width,e.canvas.height),e.fillText(t,0,0);var n=e.getImageData(16,16,1,1);for(let e=0;e {o[e]=t(s,e,n,r)}),o}function a(e){var t=document.createElement(""script"");t.src=e,t.defer=!0,document.head.appendChild(t)}r.supports={everything:!0,everythingExceptFlag:!0},new Promise(t=>{let n=function(){try{var e=JSON.parse(sessionStorage.getItem(s));if(""object""==typeof e&&""number""==typeof e.timestamp&&(new Date).valueOf() {i(n=e.data),a.terminate(),t(n)})}catch(e){}i(n=f(o,u,c,p))}t(n)}).then(e=>{for(const n in e)r.supports[n]=e[n],r.supports.everything=r.supports.everything&&r.supports[n],""flag""!==n&&(r.supports.everythingExceptFlag=r.supports.everythingExceptFlag&&r.supports[n]);var t;r.supports.everythingExceptFlag=r.supports.everythingExceptFlag&&!r.supports.flag,r.supports.everything||((t=r.source||{}).concatemoji?a(t.concatemoji):t.wpemoji&&t.twemoji&&(a(t.twemoji),a(t.wpemoji)))});
//# sourceURL=https://evitp.org/wp-includes/js/wp-emoji-loader.min.js
 
 			  
			 
				/* @v3-js:start */
					let c4wp_onloadCallback = function() {
						for ( var i = 0; i   {
						if ( typeof jQuery !== 'undefined' && jQuery( 'input[id*=""c4wp-wc-checkout""]' ).length ) {
							var element = document.createElement('div');
							var html = '     ';
							element.innerHTML = html;
							jQuery( '[class*=""c4wp-wc-checkout""]' ).append( element );
							jQuery( '[class*=""c4wp-wc-checkout""]' ).find('*').off();
							c4wp_onloadCallback();
						}
					});
				/* @v3-js:end */",https://evitp.org/mississippi/listing/white-electrical-construction-company,evitp.org,2026-08-31
39.005007,-94.129391,missouri,"Pro Electric, LC.","Oak Grove, MO, USA",19134618157,jessew@proelect.com,https://www.proelectriclc.com/,Jesse Wade,https://evitp.org/missouri/listing/pro-electric-lc-18,evitp.org,2026-08-31
37.064694,-94.406418,missouri,Joplin Industrial Electric,"2202 S Prigmore Ave, Joplin, MO, 64804, USA",4179527246,jeff@joplinelectric.com,https://www.joplinelectric.com/,Jeff Cartright,https://evitp.org/missouri/listing/joplin-industrial-electric,evitp.org,2026-08-31
38.5224,-90.325023,missouri,Schaeffer Electric,"4667 Green Park Road, St. Louis, MO, 63123, USA",3148927800,jkohlman@schaefferelectric.com,http://schaefferelectric.com/,Justin Kohlman,https://evitp.org/missouri/listing/schaeffer-electric,evitp.org,2026-08-31
37.964253,-91.831833,missouri,"Decker Electric, Inc.","Missouri, USA",13162658182,bwilson@decker-electric.com,https://www.decker-electric.com/,,https://evitp.org/missouri/listing/decker-electric-inc,evitp.org,2026-08-31
38.538598,-90.458762,missouri,Aschinger Electric Company,"877 Horan Drive, Fenton, MO, 63026, USA",6363431211,klayton@aschinger.com,https://aschinger.com/,Kevin Layton,https://evitp.org/missouri/listing/aschinger-electric-company,evitp.org,2026-08-31
38.811953,-94.531898,missouri,Pro Electric LC.,"Belton, MO, USA",9134618157,jessew@proelect.com,https://www.proelectriclc.com/,Jesse Wade,https://evitp.org/missouri/listing/pro-electric-lc,evitp.org,2026-08-31
38.910841,-94.382172,missouri,"Pro Electric, LC.","Lees Summit, MO, USA",19134618157,jessew@proelect.com,https://www.proelectriclc.com/,Jesse Wade,https://evitp.org/missouri/listing/pro-electric-lc-15,evitp.org,2026-08-31
38.794971,-90.330924,missouri,Kay Bee Electric,"250 Rue Saint Francois, Florissant, MO, 63031, USA",3148373308,bjk@kaybeeelectric.com,https://www.kaybeeelectric.com/,Nathan Ketterer,https://evitp.org/missouri/listing/kay-bee-electric,evitp.org,2026-08-31
38.855488,-90.861519,missouri,"Wischmeyer Electric, Inc.","5001 Highway P, Wentzville, MO, 63385,  USA",6368568244,wischmeyerelectric@gmail.com,,Wayne A. Baumbach,https://evitp.org/missouri/listing/wischmeyer-electric-inc,evitp.org,2026-08-31
37.964253,-91.831833,missouri,"Sterling industrial, LLC","Missouri, USA",8124927118,jhayden@sterlingindustrialllc.com,https://www.sterlingindustrialllc.com/,Jeff Hayden,https://evitp.org/missouri/listing/sterling-industrial-llc,evitp.org,2026-08-31
39.177503,-94.613012,missouri,"Pro Electric, LC.","Riverside, MO, USA",19134618157,jessew@proelect.com,https://www.proelectriclc.com/,Jesse Wade,https://evitp.org/missouri/listing/pro-electric-lc-21,evitp.org,2026-08-31
36.643673,-93.218514,missouri,"Pro Electric, LC.","Branson, MO, USA",19134618157,jessew@proelect.com,https://www.proelectriclc.com/,Jesse Wade,https://evitp.org/missouri/listing/pro-electric-lc-2,evitp.org,2026-08-31
38.806084,-90.751684,missouri,"Liberty Electric, Inc.","6 West Industrial Drive, O'Fallon, MO, 63366, USA",6363792055,khuber@libertyelectric.com,,Kenneth Huber,https://evitp.org/missouri/listing/liberty-electric-inc,evitp.org,2026-08-31
38.742079,-90.621591,missouri,J. Bathe Electric Co.,"71 Triad South Drive, Saint Charles, MO, 63304, USA",6364980613,bradley@jbathe.com,https://www.jbathe.com/,Dan Mayberry,https://evitp.org/missouri/listing/j-bathe-electric-co,evitp.org,2026-08-31
39.099727,-94.578567,missouri,"Pro Electric, LC.","Kansas City, MO, USA",19134618157,jessew@proelect.com,https://www.proelectriclc.com/,Jesse Wade,https://evitp.org/missouri/listing/pro-electric-lc-13,evitp.org,2026-08-31
39.091116,-94.415507,missouri,"Pro Electric, LC.","Independence, MO, USA",19134618157,jessew@proelect.com,https://www.proelectriclc.com/,Jesse Wade,https://evitp.org/missouri/listing/pro-electric-lc-11,evitp.org,2026-08-31
39.008617,-94.463564,missouri,"Pro Electric, LC.","Raytown, MO, USA",19134618157,jessew@proelect.com,https://www.proelectriclc.com/,Jesse Wade,https://evitp.org/missouri/listing/pro-electric-lc-20,evitp.org,2026-08-31
38.596721,-90.25929,missouri,Guarantee Electrical Company,"3405 Bent Avenue, St. Louis, MO, 63116, USA",6189752038,dena.schmidt@geco.com,https://geco.com/,Dena Schmid,https://evitp.org/missouri/listing/guarantee-electrical-company,evitp.org,2026-08-31
39.016951,-94.281615,missouri,Pro Electric.  LC.,"Blue Springs, MO, USA",9134618157,jessew@proelect.com,https://www.proelectriclc.com/,Jesse Wade,https://evitp.org/missouri/listing/pro-electric-lc-1,evitp.org,2026-08-31
39.203892,-94.554677,missouri,"Pro Electric, LC.","Gladstone, MO, USA",19134618157,jessew@proelect.com,https://www.proelectriclc.com/,,https://evitp.org/missouri/listing/pro-electric-lc-7,evitp.org,2026-08-31
39.097376,-94.606994,missouri,Mark One,"1414 Genessee Street, Kansas City, MO 64102, USA",8168427023,joe.privitera@markone.com,http://www.markone.com,Joe Privitera,https://evitp.org/missouri/listing/mark-one,evitp.org,2026-08-31
37.964253,-91.831833,missouri,The State Group Industrial (USA) Limited,"Missouri, USA",5869921572,Michigan.estimating@stategroup.com,https://stategroup.com/,Gino Robinet – Statewide Coordinator,https://evitp.org/missouri/listing/the-state-group-industrial-usa-limited,evitp.org,2026-08-31
38.704461,-93.228261,missouri,"Pro Electric, LC.","Sedalia, MO, USA",19134618157,jessew@proelect.com,https://www.proelectriclc.com/,Jesse Wade,https://evitp.org/missouri/listing/pro-electric-lc-23,evitp.org,2026-08-31
39.246114,-94.419118,missouri,"Pro Electric, LC.","Liberty, MO, USA",19134618157,jessew@proelect.com,https://www.proelectriclc.com/,Jesse Wade,https://evitp.org/missouri/listing/pro-electric-lc-16,evitp.org,2026-08-31
37.212019,-93.378359,missouri,"Advantage Electric, LLC","309 North Lulwood Avenue, Springfield, MO 65802, USA",4174968742,mike@advantageelectric-llc.com,,Mike Modglin,https://evitp.org/missouri/listing/advantage-electric-llc,evitp.org,2026-08-31
39.36778,-94.36217,missouri,"Pro Electric, LC.","Kearney, MO, USA",19134618157,jessew@proelect.com,https://www.proelectriclc.com/,Jesse Wade,https://evitp.org/missouri/listing/pro-electric-lc-14,evitp.org,2026-08-31
38.368632,-93.778269,missouri,"Pro Electric, LC.","Clinton, MO, USA",19134618157,jessew@proelect.com,https://www.proelectriclc.com/,Jesse Wade,https://evitp.org/missouri/listing/pro-electric-lc-4,evitp.org,2026-08-31
38.787509,-94.269391,missouri,"Pro Electric, LLC","Pleasant Hill, MO, USA",19134618157,jessew@proelect.com,https://www.proelectriclc.com/,Jesse Wade,https://evitp.org/missouri/listing/pro-electric-llc,evitp.org,2026-08-31
38.532063,-90.639235,missouri,West County Electric Company,"4148 Alt Rd, Wildwood, MO, 63025, USA",3144718721,westcountyelectric@gmail.com,,Jon B. Fluchel,https://evitp.org/missouri/listing/west-county-electric-company,evitp.org,2026-08-31
37.964253,-91.831833,missouri,"Noralta Technologies USA, Inc.","Missouri, USA",4053122648,,https://noralta.com/,,https://evitp.org/missouri/listing/noralta-technologies-usa-inc,evitp.org,2026-08-31
39.142908,-94.572978,missouri,"Pro Electric, LC.","North Kansas City, MO, USA",19134618157,jessew@proelect.com,https://www.proelectriclc.com/,,https://evitp.org/missouri/listing/pro-electric-lc-17,evitp.org,2026-08-31
38.014371,-90.23085,missouri,"Midstate's Energy Co., LLC.","8011 Enterprise Road, Bloomsdale, MO, 63627, USA",5738836054,nathan.naeger@msenergyco.com,https://www.msenergyco.com/,Nathan Naeger,https://evitp.org/missouri/listing/midstates-energy-co-llc,evitp.org,2026-08-31
38.700254,-90.433657,missouri,"BRK Electrical Contractors, LLC.","2232 Welsch Industrial Court, St. Louis, MO, 63146, USA",3147850078,marion.hayes@brkelectric.com,,Marion Hayes III,https://evitp.org/missouri/listing/brk-electrical-contractors-llc,evitp.org,2026-08-31
38.441942,-90.379961,missouri,"J.F. Electric, Inc.","Arnold, MO, USA      Ballwin MO, USA      Festus, MO, USA      Rolla MO, USA      St. Charles, MO, USA      St. Louis, MO, USA      St. Peters, MO, USA      Jefferson County, MO, USA      St. Louis County, MO, USA      St. Charles County, MO, USA",16187975353,estimating@jfelectric.com,https://www.jfelectric.com/,Les Benton,https://evitp.org/missouri/listing/j-f-electric-inc,evitp.org,2026-08-31
37.964253,-91.831833,missouri,"Shambaugh and Son, L.P.","Missouri, USA",12604877846,dhearld@shambaugh.com,https://shambaugh.com/,Douglas M. Hearld,https://evitp.org/missouri/listing/shambaugh-and-sons-l-p,evitp.org,2026-08-31
37.964253,-91.831833,missouri,GRP / Wegman,"Missouri, USA",6182589277,abuhs@grpwegman.com,https://www.grpwegman.com/,,https://evitp.org/missouri/listing/grp-wegman-1,evitp.org,2026-08-31
38.634635,-90.217249,missouri,Kaemmerlen Electric Company,"2728 Locust Street, St. Louis, MO, 63103, USA",3145203796,escholz@kaemmerlen.com,,Evan Scholz,https://evitp.org/missouri/listing/kaemmerlen-electric-company,evitp.org,2026-08-31
39.015007,-94.198558,missouri,"Pro Electric, LC.","Grain Valley, MO, USA",19134618157,jessew@proelect.com,https://www.proelectriclc.com/,Jesse Wade,https://evitp.org/missouri/listing/pro-electric-lc-8,evitp.org,2026-08-31
38.653345,-94.348837,missouri,"Pro Electric, LC.","Harrisonville, MO, USA",19134618157,jessew@proelect.com,https://www.proelectriclc.com/,Jesse Wade,https://evitp.org/missouri/listing/pro-electric-lc-10,evitp.org,2026-08-31
38.731624,-90.380737,missouri,Hanenkamp Electric,"#21A International Plaza Court St Ann, MO 63074, USA",3144232666,kevins@hanenkampelectric.com,http://hanenkampelectric.com/,Kevin Snyder,https://evitp.org/missouri/listing/hanenkamp-electric,evitp.org,2026-08-31
37.084227,-94.513281,missouri,"Pro Electric, LC.","Joplin, MO, USA",19134618157,jessew@proelect.com,https://www.proelectriclc.com/,Jesse Wade,https://evitp.org/missouri/listing/pro-electric-lc-12,evitp.org,2026-08-31
39.339171,-94.226056,missouri,"Pro Electric, LC.","Excelsior Springs, MO, USA",19134618157,jessew@proelect.com,https://www.proelectriclc.com/,Jesse Wade,https://evitp.org/missouri/listing/pro-electric-lc-6,evitp.org,2026-08-31
38.504898,-90.626986,missouri,rYse Electric,"211 Beverly Street suite 2, Eureka, MO, 63025, USA",3148004872,john@ryse-electric.com,https://ryse-electric.com/,John Schoenberger,https://evitp.org/missouri/listing/ryse-electric,evitp.org,2026-08-31
37.964253,-91.831833,missouri,"Beltline Electric Co., Inc.","Missouri, USA",,,,Roger Daniel,https://evitp.org/missouri/listing/beltline-electric-co-inc,evitp.org,2026-08-31
37.964253,-91.831833,missouri,"BridgePoint Electric, inc.","Missouri, USA",9183875358,josh@bridgepointelectric.com,https://bridgepointelectric.com/,Joshua Bridgeman,https://evitp.org/missouri/listing/bridgepoint-electric-inc,evitp.org,2026-08-31
37.964253,-91.831833,missouri,The Oscar W. Larson Company,"Missouri, USA",8103974757,justin.spence@owlservices.com,https://www.larsonco.com/,Justin Spence,https://evitp.org/missouri/listing/the-oscar-w-larson-company,evitp.org,2026-08-31
39.386944,-94.581066,missouri,"Pro Electric, LC.","Smithville, MO, USA",19134618157,jessew@proelect.com,https://www.proelectriclc.com/,,https://evitp.org/missouri/listing/pro-electric-lc-24,evitp.org,2026-08-31
38.809468,-90.746412,missouri,Vision Electric & Systems,"29 Lone Star Court, O'Fallon, MO, 63366, USA",3148536148,mattkahrhoff@visionmo.com,http://www.visionmo.com/,Matt Kahrhoff,https://evitp.org/missouri/listing/vision-electric-systems,evitp.org,2026-08-31
46.729553,-94.6859,missouri,"Tilson Technology Management, Inc.","Minnesota, USA",4343901227,jaman@tilsontech.com,https://tilsontech.com/,Jeffrey Aman,https://evitp.org/missouri/listing/tilson-technology-management-inc,evitp.org,2026-08-31
37.964253,-91.831833,missouri,PrimeTech Automation,"Missouri, USA",5804301514,jonnier@primetechtx.com,https://primetechtx.com/,,https://evitp.org/missouri/listing/primetech-automation,evitp.org,2026-08-31
37.964253,-91.831833,missouri,Parsons Electric,"Missouri, USA",17635287670,franz_deraad@comcast.net,https://www.pecsolutions.com/,Brad Bacon,https://evitp.org/missouri/listing/parsons-electric,evitp.org,2026-08-31
39.011865,-94.353996,missouri,RCEV,"10811 Wildflower Drive, Lee's Summit, MO, 64086, USA",8165649135,randys.rce@gmail.com,,Randy Scarborough,https://evitp.org/missouri/listing/rce-lighting-energy-technology,evitp.org,2026-08-31
38.885841,-94.53301,missouri,"Pro Electric, LC.","Grandview, MO, USA",19134618157,jessew@proelect.com,https://www.proelectriclc.com/,Jesse Wade,https://evitp.org/missouri/listing/pro-electric-lc-9,evitp.org,2026-08-31
37.208957,-93.292299,missouri,"Pro Electric, LC.","Springfield, MO, USA",19134618157,jessew@proelect.com,https://www.proelectriclc.com/,Jesse Wade,https://evitp.org/missouri/listing/pro-electric-lc-25,evitp.org,2026-08-31
38.619576,-90.161912,missouri,Miller Electric Company,"Missouri, USA",9048324423,mhall@mecojax.com,https://www.mecojax.com/,Mike Hall,https://evitp.org/missouri/listing/miller-electric-company,evitp.org,2026-08-31
39.370277,-94.782461,missouri,"Pro Electric, LC.","Platte City, MO, USA",19134618157,jessew@proelect.com,https://www.proelectriclc.com/,Jesse Wade,https://evitp.org/missouri/listing/pro-electric-lc-19,evitp.org,2026-08-31
39.109727,-94.444674,missouri,"Pro Electric, LC.","Sugar Creek, MO, USA",19134618157,jessew@proelect.com,https://www.proelectriclc.com/,Jesse Wade,https://evitp.org/missouri/listing/pro-electric-lc-26,evitp.org,2026-08-31
37.964253,-91.831833,missouri,P1 Construction,"Missouri, USA",17858432910,glen.herring@p1group.com,https://p1group.com/,Glen Herring,https://evitp.org/missouri/listing/p1-construction,evitp.org,2026-08-31
37.212543,-93.337652,missouri,"Dynamic EVC, LLC.","3005 W Chestnut Expy, Springfield, MO, 65802, USA      KC, Missouri      Branson, Missouri      Republic, Missouri      Aurora, Missouri      Neosho, Missouri      Joplin, Missouri",8166828414,nate@dynamicevc.com,https://dynamicevc.com/,Nate Fleener,https://evitp.org/missouri/listing/dynamic-evc-llc,evitp.org,2026-08-31
38.951705,-92.334072,missouri,"Pro Electric, LC","Columbia, MO, USA",19134618157,jessew@proelect.com,https://www.proelectriclc.com/,Jesse Wade,https://evitp.org/missouri/listing/pro-electric-lc-5,evitp.org,2026-08-31
39.767458,-94.846681,missouri,"Pro Electric, LC","St Joseph, MO, USA",19134618157,jessew@proelect.com,https://www.proelectriclc.com/,Jesse Wade,https://evitp.org/missouri/listing/pro-electric-lc-22,evitp.org,2026-08-31
37.176447,-94.310223,missouri,"Pro Electric, LC.","Carthage, MO, USA",19134618157,jessew@proelect.com,https://www.proelectriclc.com/,Jesse Wade,https://evitp.org/missouri/listing/pro-electric-lc-3,evitp.org,2026-08-31
38.719071,-90.436014,missouri,"Bell Electrical Contractors, Inc.","128 Millwell Drive, Maryland Heights, MO, 63043, USA",3147397744,robert.propes@bellelectrical.com,https://www.bellelectrical.com/,,https://evitp.org/missouri/listing/bell-electrical-contractors-inc,evitp.org,2026-08-31
38.632535,-91.066508,missouri,"Warren County Electric, LLC.","15961 State Highway 47, Marthasville, MO, 63357, USA",6364332033,carol@warrencountyelectric.com,http://www.warrencountyelectric.com/,Dennis Keith Jamison,https://evitp.org/missouri/listing/warren-county-electric-llc,evitp.org,2026-08-31
38.813198,-90.752184,missouri,MR Bathe Electric Co.,"1040 Liberty Industrial Drive, O'Fallon, MO. 63366, USA",3632407716,rburkenper@mrbathe.com,,"Nathan: Burkemper              
             
                             
         
     
 
     
     
         
             
                  Redo search when map moved 
             
              
         
     
 
 
 
 
     
         Showing 65 results 
     
  
 
 											 

									 
					 
			 
   
    

	 
		 

			 
	 
		
		 
			 

				
 
			 
			 			  
	   


 
 

 
	   


The Electric Vehicle Infrastructure Training Program (EVITP) provides training and certification for electricians installing electric vehicle supply equipment (EVSE).  
		 		 
			 
					 
			 
			 			  
		 		 
			 
			  Contact Info 			  
	 
		 
			  		 
	 
	  Canada: www.NETCO.org 
 

 
	 
		 
			  		 
	 
	  United States:  EVITP, 811 N. Main Street, Suite 202,                     Royal Oak, MI  48067
 
 

 
	 
		 
			  		 
	 
	   info@evitp.org 
  
		 		 
	 			 
		 
		 
 


 
			 
			 

			
			 

			 
	 
		 Copyright © 2026 EVITP - ALL RIGHTS RESERVED -  TERMS OF USE  	 
	 
			 
 
			 

				 
		 
	 
		 
	 

   
   
 
{""prefetch"":[{""source"":""document"",""where"":{""and"":[{""href_matches"":""/*""},{""not"":{""href_matches"":[""/wp-*.php"",""/wp-admin/*"",""/wp-content/uploads/*"",""/wp-content/*"",""/wp-content/plugins/*"",""/wp-content/themes/siennawp/*"",""/*\\?(.+)""]}},{""not"":{""selector_matches"":""a[rel~=\""nofollow\""]""}},{""not"":{""selector_matches"":"".no-prefetch, .no-prefetch a""}}]},""eagerness"":""conservative""}]}
 
		  
		 
jQuery(document).ready(function($) {
SABAI.init($(""#sabai-content""));
});
   
  
  
  
  
  
  
 
wp.i18n.setLocaleData( { 'text direction\u0004ltr': [ 'ltr' ] } );
//# sourceURL=wp-i18n-js-after
 
  
 
var wpcf7 = {
    ""api"": {
        ""root"": ""https:\/\/evitp.org\/wp-json\/"",
        ""namespace"": ""contact-form-7\/v1""
    }
};
//# sourceURL=contact-form-7-js-before
 
  
 
var cf7appsHoneypotRefill = {""forceRefillOnInit"":""""};
//# sourceURL=cf7apps-honeypot-refill-js-extra
 
  
  
  
 
var mejsL10n = {""language"":""en"",""strings"":{""mejs.download-file"":""Download File"",""mejs.install-flash"":""You are using a browser that does not have Flash player enabled or installed. Please turn on your Flash player plugin or download the latest version from https://get.adobe.com/flashplayer/"",""mejs.fullscreen"":""Fullscreen"",""mejs.play"":""Play"",""mejs.pause"":""Pause"",""mejs.time-slider"":""Time Slider"",""mejs.time-help-text"":""Use Left/Right Arrow keys to advance one second, Up/Down arrows to advance ten seconds."",""mejs.live-broadcast"":""Live Broadcast"",""mejs.volume-help-text"":""Use Up/Down Arrow keys to increase or decrease volume."",""mejs.unmute"":""Unmute"",""mejs.mute"":""Mute"",""mejs.volume-slider"":""Volume Slider"",""mejs.video-player"":""Video Player"",""mejs.audio-player"":""Audio Player"",""mejs.captions-subtitles"":""Captions/Subtitles"",""mejs.captions-chapters"":""Chapters"",""mejs.none"":""None"",""mejs.afrikaans"":""Afrikaans"",""mejs.albanian"":""Albanian"",""mejs.arabic"":""Arabic"",""mejs.belarusian"":""Belarusian"",""mejs.bulgarian"":""Bulgarian"",""mejs.catalan"":""Catalan"",""mejs.chinese"":""Chinese"",""mejs.chinese-simplified"":""Chinese (Simplified)"",""mejs.chinese-traditional"":""Chinese (Traditional)"",""mejs.croatian"":""Croatian"",""mejs.czech"":""Czech"",""mejs.danish"":""Danish"",""mejs.dutch"":""Dutch"",""mejs.english"":""English"",""mejs.estonian"":""Estonian"",""mejs.filipino"":""Filipino"",""mejs.finnish"":""Finnish"",""mejs.french"":""French"",""mejs.galician"":""Galician"",""mejs.german"":""German"",""mejs.greek"":""Greek"",""mejs.haitian-creole"":""Haitian Creole"",""mejs.hebrew"":""Hebrew"",""mejs.hindi"":""Hindi"",""mejs.hungarian"":""Hungarian"",""mejs.icelandic"":""Icelandic"",""mejs.indonesian"":""Indonesian"",""mejs.irish"":""Irish"",""mejs.italian"":""Italian"",""mejs.japanese"":""Japanese"",""mejs.korean"":""Korean"",""mejs.latvian"":""Latvian"",""mejs.lithuanian"":""Lithuanian"",""mejs.macedonian"":""Macedonian"",""mejs.malay"":""Malay"",""mejs.maltese"":""Maltese"",""mejs.norwegian"":""Norwegian"",""mejs.persian"":""Persian"",""mejs.polish"":""Polish"",""mejs.portuguese"":""Portuguese"",""mejs.romanian"":""Romanian"",""mejs.russian"":""Russian"",""mejs.serbian"":""Serbian"",""mejs.slovak"":""Slovak"",""mejs.slovenian"":""Slovenian"",""mejs.spanish"":""Spanish"",""mejs.swahili"":""Swahili"",""mejs.swedish"":""Swedish"",""mejs.tagalog"":""Tagalog"",""mejs.thai"":""Thai"",""mejs.turkish"":""Turkish"",""mejs.ukrainian"":""Ukrainian"",""mejs.vietnamese"":""Vietnamese"",""mejs.welsh"":""Welsh"",""mejs.yiddish"":""Yiddish""}};
//# sourceURL=mediaelement-core-js-before
 
  
  
 
var _wpmejsSettings = {""pluginPath"":""/wp-includes/js/mediaelement/"",""classPrefix"":""mejs-"",""stretching"":""responsive"",""audioShortcodeLibrary"":""mediaelement"",""videoShortcodeLibrary"":""mediaelement""};
//# sourceURL=mediaelement-js-extra
 
  
  
  
  
  
  
  
  
  
  
  
  
  
  
  
  
  
  
  
  
  
  
  
  
  
  
  
  
  
  
  
  
 
var mkdfGlobalVars = {""vars"":{""mkdfAddForAdminBar"":0,""mkdfElementAppearAmount"":-150,""mkdfFinishedMessage"":""No more posts"",""mkdfMessage"":""Loading new posts..."",""mkdfTopBarHeight"":42,""mkdfStickyHeaderHeight"":0,""mkdfStickyHeaderTransparencyHeight"":60,""mkdfLogoAreaHeight"":0,""mkdfMenuAreaHeight"":131,""mkdfMobileHeaderHeight"":100}};
var mkdfPerPageVars = {""vars"":{""mkdfStickyScrollAmount"":450,""mkdfStickyScrollAmountFullScreen"":false,""mkdfHeaderTransparencyHeight"":0}};
//# sourceURL=sienna-mikado-modules-js-extra
 
  
  
  
 
var mkdfLike = {""ajaxurl"":""https://evitp.org/wp-admin/admin-ajax.php""};
//# sourceURL=sienna-mikado-like-js-extra
 
  
 
var GEM = {""thankyou"":""Thank you for signing up!"",""thankyou_suppressed"":""Thank you for signing up! Please check your email to confirm your subscription."",""oops"":""Oops! There was a problem. Please try again."",""email"":""Please enter a valid email address."",""required"":""%s is a required field.""};
//# sourceURL=gem-main-js-extra
 
  
  
  
 
var wpcf7_recaptcha = {
    ""sitekey"": ""6LdAGgcgAAAAALmBeuQZgYH6HTEI3KlPBF86-YxA"",
    ""actions"": {
        ""homepage"": ""homepage"",
        ""contactform"": ""contactform""
    }
};
//# sourceURL=wpcf7-recaptcha-js-before
 
  
 
{""baseUrl"":""https://s.w.org/images/core/emoji/17.0.2/72x72/"",""ext"":"".png"",""svgUrl"":""https://s.w.org/images/core/emoji/17.0.2/svg/"",""svgExt"":"".svg"",""source"":{""concatemoji"":""https://evitp.org/wp-includes/js/wp-emoji-release.min.js?ver=7.0.4""}}
 
 
/*! This file is auto-generated */
var e=""script#wp-emoji-settings"",t=document.querySelector(e);if(!(t instanceof HTMLScriptElement))throw new Error(""Element missing: ""+e);const r=JSON.parse(t.text),s=(window._wpemojiSettings=r,""wpEmojiSettingsSupports""),o=[""flag"",""emoji""];function i(e){try{var t={supportTests:e,timestamp:(new Date).valueOf()};sessionStorage.setItem(s,JSON.stringify(t))}catch(e){}}function c(e,t,n){e.clearRect(0,0,e.canvas.width,e.canvas.height),e.fillText(t,0,0);t=new Uint32Array(e.getImageData(0,0,e.canvas.width,e.canvas.height).data);e.clearRect(0,0,e.canvas.width,e.canvas.height),e.fillText(n,0,0);const r=new Uint32Array(e.getImageData(0,0,e.canvas.width,e.canvas.height).data);return t.every((e,t)=>e===r[t])}function p(e,t){e.clearRect(0,0,e.canvas.width,e.canvas.height),e.fillText(t,0,0);var n=e.getImageData(16,16,1,1);for(let e=0;e {o[e]=t(s,e,n,r)}),o}function a(e){var t=document.createElement(""script"");t.src=e,t.defer=!0,document.head.appendChild(t)}r.supports={everything:!0,everythingExceptFlag:!0},new Promise(t=>{let n=function(){try{var e=JSON.parse(sessionStorage.getItem(s));if(""object""==typeof e&&""number""==typeof e.timestamp&&(new Date).valueOf() {i(n=e.data),a.terminate(),t(n)})}catch(e){}i(n=f(o,u,c,p))}t(n)}).then(e=>{for(const n in e)r.supports[n]=e[n],r.supports.everything=r.supports.everything&&r.supports[n],""flag""!==n&&(r.supports.everythingExceptFlag=r.supports.everythingExceptFlag&&r.supports[n]);var t;r.supports.everythingExceptFlag=r.supports.everythingExceptFlag&&!r.supports.flag,r.supports.everything||((t=r.source||{}).concatemoji?a(t.concatemoji):t.wpemoji&&t.twemoji&&(a(t.twemoji),a(t.wpemoji)))});
//# sourceURL=https://evitp.org/wp-includes/js/wp-emoji-loader.min.js
 
 			  
			 
				/* @v3-js:start */
					let c4wp_onloadCallback = function() {
						for ( var i = 0; i   {
						if ( typeof jQuery !== 'undefined' && jQuery( 'input[id*=""c4wp-wc-checkout""]' ).length ) {
							var element = document.createElement('div');
							var html = '     ';
							element.innerHTML = html;
							jQuery( '[class*=""c4wp-wc-checkout""]' ).append( element );
							jQuery( '[class*=""c4wp-wc-checkout""]' ).find('*').off();
							c4wp_onloadCallback();
						}
					});
				/* @v3-js:end */",https://evitp.org/missouri/listing/mr-bathe-electric-co,evitp.org,2026-08-31
46.879682,-110.362566,montana,"Ace Electrical Contractors, Inc.","Montana, USA",17636948800,palml@aceelectrical.net,http://aceelectrical.net/,Larry Palm,https://evitp.org/montana/listing/ace-electrical-contractors-inc,evitp.org,2026-08-31
40.712775,-74.005973,montana,Allstate Sales Group,"New York, NY, USA",7323355588,aabadie@asginc.us,https://www.asginc.us/,Anne Abadie,https://evitp.org/montana/listing/allstate-sales-group,evitp.org,2026-08-31
46.943477,-114.135717,montana,Anchor Electric Contracting Corp.,"7600 Pontrelli Place, Missoula, MT, 59808, USA",4062513166,alex@anchorlt.com,https://www.anchorelectricmt.com/,Alex Lindstrom,https://evitp.org/montana/listing/anchor-electric-contracting-corp,evitp.org,2026-08-31
45.662556,-110.566111,montana,Big Sky Power and Solar,"621 W Chinook St. Livingston, MT 59047, USA",4062245300,matt@bigskypowerandsolar.com,https://bigskypowerandsolar.com/,Matt Dean,https://evitp.org/montana/listing/big-sky-power-and-solar,evitp.org,2026-08-31
45.77,-108.49,montana,"Brighten, Inc.","P.O. Box 80482, Billings, MT., 59108, USA",4066700505,electrical@brighteninc.net,https://brighteninc.net/,Justin Bergerson,https://evitp.org/montana/listing/brighten-inc,evitp.org,2026-08-31
46.879682,-110.362566,montana,Capstone Solutions,"Montana, USA",5037072656,cblack@capstoneemail.com,https://www.capstone-sol.com/,Chris Black,https://evitp.org/montana/listing/capstone-solutions,evitp.org,2026-08-31
45.881655,-106.631772,montana,CEI Electrical Contractors,"6131 Homestead Blvd, Colstrip, MT, USA",4067404400,bburton@ceionline.com,https://www.ceionline.com/,Brent Burton,https://evitp.org/montana/listing/cei-electrical-contractors,evitp.org,2026-08-31
48.195788,-114.312174,montana,CmB-Electric,"14 3rd St E #250, Kalispell, MT 59901, USA",4064711165,tylerm@cmb-electric.com,https://coppermountainbuilders.com/,Tyler Minney,https://evitp.org/montana/listing/cmb-electric,evitp.org,2026-08-31
46.879682,-110.362566,montana,"Decker Electric, Inc.","Montana, USA",13162658182,bwilson@decker-electric.com,https://www.decker-electric.com/,Ben Wilson,https://evitp.org/montana/listing/decker-electric-inc,evitp.org,2026-08-31
46.61365,-112.022333,montana,Eagle Electric,"1102 Enterprise Drive, Helena, MT, 59601, USA",4064392886,troy@eagleelectricmt.com,https://www.eagleelectricmt.com/,Troy Brandt,https://evitp.org/montana/listing/eagle-electric,evitp.org,2026-08-31
48.311789,-114.239386,montana,"Electrical Systems, Inc.","20 Conestoga Court, Kalispell, MT, 59901, USA",4067552408,colby@esimt.net,,Colby Miller,https://evitp.org/montana/listing/electrical-systems-inc,evitp.org,2026-08-31
46.053932,-112.927698,montana,Elkhorn Electrical Corp.,"P.O. Box 4247 Butte, MT 59702, USA",4064911546,bfivey@elkhornelectric.com,,Bob Fivey,https://evitp.org/montana/listing/elkhorn-electrical-corp,evitp.org,2026-08-31
45.753297,-108.552373,montana,"EnergiSystems, LLC","850 Parkway Lane, Billings, MT, 59101, USA",4068761548,jamison@energisystems.com,https://energisystems.com/,Jamison Lee,https://evitp.org/montana/listing/energisystems-llc,evitp.org,2026-08-31
47.506699,-111.303667,montana,"Enterprise Electric Contractors, Inc.","P.O. Box 2172, Great Falls, MT. 59403, USA",4067613830,eecinc33@gmail.com,http://enterpriseelectricinc.net/,Herman Pulliam,https://evitp.org/montana/listing/enterprise-electric-contractors-inc,evitp.org,2026-08-31
45.970968,-108.363054,montana,"Envirospark Energy Solutions, Inc","Montana, USA",4047369173,info@envirosparkenergy.com,https://envirosparkenergy.com/,Brad Ewing,https://evitp.org/montana/listing/envirospark-energy-solutions-inc,evitp.org,2026-08-31
46.847715,-114.03256,montana,"J & M Electric, Inc.","2221 Livingston Ave, Missoula, MT, 59801, USA",4067286117,dan@jmelectricmt.com,http://jmelectricmt.com/,Dan Bordner,https://evitp.org/montana/listing/j-m-electric-inc,evitp.org,2026-08-31
46.879682,-110.362566,montana,Matrix NAC,"Montana, USA",7323883540,stevenlamastra@matrixservicecompany.com,https://www.matrixnac.com/,Steven LaMastra,https://evitp.org/montana/listing/matrix-nac,evitp.org,2026-08-31
45.925135,-108.472917,montana,Miller Electric Company,"Montana, USA",9048324423,mhall@mecojax.com,https://www.mecojax.com/,Mike Hall,https://evitp.org/montana/listing/miller-electric-company,evitp.org,2026-08-31
47.506699,-111.303667,montana,"Mission Electric, LLLP.","P.O. Box 1911, Great Falls, MT. 59403",4068992110,missionelectric1@yahoo.com,,Brian Harris,https://evitp.org/montana/listing/mission-electric-lllp,evitp.org,2026-08-31
46.879682,-110.362566,montana,"Northern Valley Electrical Service, Inc.","Montana, USA",12182304335,dhultberg@nvesi.com,https://www.nvesi.com/,Darin Hultberg,https://evitp.org/montana/listing/northern-valley-electrical-service-inc,evitp.org,2026-08-31
46.879682,-110.362566,montana,Parsons Electric,"Montana, USA",17635287670,brad.bacon@pecsolutions.com,https://www.pecsolutions.com/,Brad Bacon,https://evitp.org/montana/listing/parsons-electric,evitp.org,2026-08-31
46.987052,-114.133562,montana,"Paulson Electric, inc.","P.O. Box 18250 2603 Industrial Street, Suite F1, Missoula, MT, 59808, USA",4065418250,bill@paulsonelectricinc.com,http://www.paulsonelectricinc.com/,William L. Paulson Jr.,https://evitp.org/montana/listing/paulson-electric-inc,evitp.org,2026-08-31
46.879682,-110.362566,montana,"Pick Electric, Inc.","Montana, USA",5095321975111,chris@pickelectric.com,http://pickelectric.com/,Chris Magnuson,https://evitp.org/montana/listing/pick-electric-inc,evitp.org,2026-08-31
46.879682,-110.362566,montana,Power City Electric,"Montana, USA",5095358500,info@powercityelectric.com,https://powercityelectric.com/,Steve Gilbertz,https://evitp.org/montana/listing/power-city-electric,evitp.org,2026-08-31
48.203003,-114.30791,montana,"River Valley Electric, Inc.","432 East Idaho Street, Suite C427m Kalispell, MT. 59901, USA",4062538207,travis@rivervalleyelectricmt.com,,Travis Wagner,https://evitp.org/montana/listing/river-valley-electric-inc,evitp.org,2026-08-31
48.191989,-114.316813,montana,"Rob Giles Electric, Inc.","P.O. Box 8526. Kalispell, MT 59904, USA",4062602820,jamie@robgileselectric.com,,Jamie Giles,https://evitp.org/montana/listing/rob-giles-electric-inc,evitp.org,2026-08-31
46.879682,-110.362566,montana,"Sun Electric, Inc.","Montana, USA",17012819140,twanzek@suninc.us,http://www.sunelectricnd.com/,Tyler Wanzek,https://evitp.org/montana/listing/sun-electric-inc,evitp.org,2026-08-31
46.879682,-110.362566,montana,The Oscar W. Larson Company,"Montana, USA",8103974757,justin.spence@owlservices.com,https://www.larsonco.com/,Justin Spence,https://evitp.org/montana/listing/the-oscar-w-larson-company,evitp.org,2026-08-31
46.879682,-110.362566,montana,The State Group Industrial (USA) Limited,"Montana, USA",5869921572,Michigan.estimating@stategroup.com,https://stategroup.com/,Gino Robinet – Statewide Coordinator,https://evitp.org/montana/listing/the-state-group-industrial-usa-limited,evitp.org,2026-08-31
46.599065,-111.982268,montana,"The Third Element, Inc.","3116 East Lyndale Avenue, Helena, MT, 59601, USA",4064597070,johnc@3econtractors.com,https://3econtractors.com/,John Colley,https://evitp.org/montana/listing/the-third-element-inc,evitp.org,2026-08-31
47.516346,-111.26613,montana,"Townsend Controls and Electric, LLC.","2322 River Drive North, Great Falls, MT, 59401, USA",4067703143,seth@townsendcontrols.com,https://www.townsendcontrolsllc.com/,Seth Fairbanks,https://evitp.org/montana/listing/townsend-controls-and-electric-llc,evitp.org,2026-08-31
45.784533,-108.598769,montana,"Treasure State Electric, Inc.","3307 Grand Avenue, Suite 103B, Billings, MT, , 59102USA",4062568200,tse@treasurestateelectric.com,http://treasurestateelectric.com/,,https://evitp.org/montana/listing/treasure-state-electric-inc,evitp.org,2026-08-31
46.879682,-110.362566,montana,"Triangle Electric, Inc.","Montana, USA",7015726783,brandon@triangleelectric.net,https://triangleelectric.net/,,https://evitp.org/montana/listing/triangle-electric-inc,evitp.org,2026-08-31
46.879682,-110.362566,montana,"Unity Works Solutions, LLC","Montana, USA",2057323766,andrew.honeycutt@unityws.com,https://unityworkslighting.com/,"Andrew Honeycutt              
             
                             
         
     
 
     
     
         
             
                  Redo search when map moved 
             
              
         
     
 
 
 
 
     
         Showing 34 results 
     
  
 
 											 

									 
					 
			 
   
    

	 
		 

			 
	 
		
		 
			 

				
 
			 
			 			  
	   


 
 

 
	   


The Electric Vehicle Infrastructure Training Program (EVITP) provides training and certification for electricians installing electric vehicle supply equipment (EVSE).  
		 		 
			 
					 
			 
			 			  
		 		 
			 
			  Contact Info 			  
	 
		 
			  		 
	 
	  Canada: www.NETCO.org 
 

 
	 
		 
			  		 
	 
	  United States:  EVITP, 811 N. Main Street, Suite 202,                     Royal Oak, MI  48067
 
 

 
	 
		 
			  		 
	 
	   info@evitp.org 
  
		 		 
	 			 
		 
		 
 


 
			 
			 

			
			 

			 
	 
		 Copyright © 2026 EVITP - ALL RIGHTS RESERVED -  TERMS OF USE  	 
	 
			 
 
			 

				 
		 
	 
		 
	 

   
   
 
{""prefetch"":[{""source"":""document"",""where"":{""and"":[{""href_matches"":""/*""},{""not"":{""href_matches"":[""/wp-*.php"",""/wp-admin/*"",""/wp-content/uploads/*"",""/wp-content/*"",""/wp-content/plugins/*"",""/wp-content/themes/siennawp/*"",""/*\\?(.+)""]}},{""not"":{""selector_matches"":""a[rel~=\""nofollow\""]""}},{""not"":{""selector_matches"":"".no-prefetch, .no-prefetch a""}}]},""eagerness"":""conservative""}]}
 
		  
		 
jQuery(document).ready(function($) {
SABAI.init($(""#sabai-content""));
});
   
  
  
  
  
  
  
 
wp.i18n.setLocaleData( { 'text direction\u0004ltr': [ 'ltr' ] } );
//# sourceURL=wp-i18n-js-after
 
  
 
var wpcf7 = {
    ""api"": {
        ""root"": ""https:\/\/evitp.org\/wp-json\/"",
        ""namespace"": ""contact-form-7\/v1""
    }
};
//# sourceURL=contact-form-7-js-before
 
  
 
var cf7appsHoneypotRefill = {""forceRefillOnInit"":""""};
//# sourceURL=cf7apps-honeypot-refill-js-extra
 
  
  
  
 
var mejsL10n = {""language"":""en"",""strings"":{""mejs.download-file"":""Download File"",""mejs.install-flash"":""You are using a browser that does not have Flash player enabled or installed. Please turn on your Flash player plugin or download the latest version from https://get.adobe.com/flashplayer/"",""mejs.fullscreen"":""Fullscreen"",""mejs.play"":""Play"",""mejs.pause"":""Pause"",""mejs.time-slider"":""Time Slider"",""mejs.time-help-text"":""Use Left/Right Arrow keys to advance one second, Up/Down arrows to advance ten seconds."",""mejs.live-broadcast"":""Live Broadcast"",""mejs.volume-help-text"":""Use Up/Down Arrow keys to increase or decrease volume."",""mejs.unmute"":""Unmute"",""mejs.mute"":""Mute"",""mejs.volume-slider"":""Volume Slider"",""mejs.video-player"":""Video Player"",""mejs.audio-player"":""Audio Player"",""mejs.captions-subtitles"":""Captions/Subtitles"",""mejs.captions-chapters"":""Chapters"",""mejs.none"":""None"",""mejs.afrikaans"":""Afrikaans"",""mejs.albanian"":""Albanian"",""mejs.arabic"":""Arabic"",""mejs.belarusian"":""Belarusian"",""mejs.bulgarian"":""Bulgarian"",""mejs.catalan"":""Catalan"",""mejs.chinese"":""Chinese"",""mejs.chinese-simplified"":""Chinese (Simplified)"",""mejs.chinese-traditional"":""Chinese (Traditional)"",""mejs.croatian"":""Croatian"",""mejs.czech"":""Czech"",""mejs.danish"":""Danish"",""mejs.dutch"":""Dutch"",""mejs.english"":""English"",""mejs.estonian"":""Estonian"",""mejs.filipino"":""Filipino"",""mejs.finnish"":""Finnish"",""mejs.french"":""French"",""mejs.galician"":""Galician"",""mejs.german"":""German"",""mejs.greek"":""Greek"",""mejs.haitian-creole"":""Haitian Creole"",""mejs.hebrew"":""Hebrew"",""mejs.hindi"":""Hindi"",""mejs.hungarian"":""Hungarian"",""mejs.icelandic"":""Icelandic"",""mejs.indonesian"":""Indonesian"",""mejs.irish"":""Irish"",""mejs.italian"":""Italian"",""mejs.japanese"":""Japanese"",""mejs.korean"":""Korean"",""mejs.latvian"":""Latvian"",""mejs.lithuanian"":""Lithuanian"",""mejs.macedonian"":""Macedonian"",""mejs.malay"":""Malay"",""mejs.maltese"":""Maltese"",""mejs.norwegian"":""Norwegian"",""mejs.persian"":""Persian"",""mejs.polish"":""Polish"",""mejs.portuguese"":""Portuguese"",""mejs.romanian"":""Romanian"",""mejs.russian"":""Russian"",""mejs.serbian"":""Serbian"",""mejs.slovak"":""Slovak"",""mejs.slovenian"":""Slovenian"",""mejs.spanish"":""Spanish"",""mejs.swahili"":""Swahili"",""mejs.swedish"":""Swedish"",""mejs.tagalog"":""Tagalog"",""mejs.thai"":""Thai"",""mejs.turkish"":""Turkish"",""mejs.ukrainian"":""Ukrainian"",""mejs.vietnamese"":""Vietnamese"",""mejs.welsh"":""Welsh"",""mejs.yiddish"":""Yiddish""}};
//# sourceURL=mediaelement-core-js-before
 
  
  
 
var _wpmejsSettings = {""pluginPath"":""/wp-includes/js/mediaelement/"",""classPrefix"":""mejs-"",""stretching"":""responsive"",""audioShortcodeLibrary"":""mediaelement"",""videoShortcodeLibrary"":""mediaelement""};
//# sourceURL=mediaelement-js-extra
 
  
  
  
  
  
  
  
  
  
  
  
  
  
  
  
  
  
  
  
  
  
  
  
  
  
  
  
  
  
  
  
  
 
var mkdfGlobalVars = {""vars"":{""mkdfAddForAdminBar"":0,""mkdfElementAppearAmount"":-150,""mkdfFinishedMessage"":""No more posts"",""mkdfMessage"":""Loading new posts..."",""mkdfTopBarHeight"":42,""mkdfStickyHeaderHeight"":0,""mkdfStickyHeaderTransparencyHeight"":60,""mkdfLogoAreaHeight"":0,""mkdfMenuAreaHeight"":131,""mkdfMobileHeaderHeight"":100}};
var mkdfPerPageVars = {""vars"":{""mkdfStickyScrollAmount"":450,""mkdfStickyScrollAmountFullScreen"":false,""mkdfHeaderTransparencyHeight"":0}};
//# sourceURL=sienna-mikado-modules-js-extra
 
  
  
  
 
var mkdfLike = {""ajaxurl"":""https://evitp.org/wp-admin/admin-ajax.php""};
//# sourceURL=sienna-mikado-like-js-extra
 
  
 
var GEM = {""thankyou"":""Thank you for signing up!"",""thankyou_suppressed"":""Thank you for signing up! Please check your email to confirm your subscription."",""oops"":""Oops! There was a problem. Please try again."",""email"":""Please enter a valid email address."",""required"":""%s is a required field.""};
//# sourceURL=gem-main-js-extra
 
  
  
  
 
var wpcf7_recaptcha = {
    ""sitekey"": ""6LdAGgcgAAAAALmBeuQZgYH6HTEI3KlPBF86-YxA"",
    ""actions"": {
        ""homepage"": ""homepage"",
        ""contactform"": ""contactform""
    }
};
//# sourceURL=wpcf7-recaptcha-js-before
 
  
 
{""baseUrl"":""https://s.w.org/images/core/emoji/17.0.2/72x72/"",""ext"":"".png"",""svgUrl"":""https://s.w.org/images/core/emoji/17.0.2/svg/"",""svgExt"":"".svg"",""source"":{""concatemoji"":""https://evitp.org/wp-includes/js/wp-emoji-release.min.js?ver=7.0.4""}}
 
 
/*! This file is auto-generated */
var e=""script#wp-emoji-settings"",t=document.querySelector(e);if(!(t instanceof HTMLScriptElement))throw new Error(""Element missing: ""+e);const r=JSON.parse(t.text),s=(window._wpemojiSettings=r,""wpEmojiSettingsSupports""),o=[""flag"",""emoji""];function i(e){try{var t={supportTests:e,timestamp:(new Date).valueOf()};sessionStorage.setItem(s,JSON.stringify(t))}catch(e){}}function c(e,t,n){e.clearRect(0,0,e.canvas.width,e.canvas.height),e.fillText(t,0,0);t=new Uint32Array(e.getImageData(0,0,e.canvas.width,e.canvas.height).data);e.clearRect(0,0,e.canvas.width,e.canvas.height),e.fillText(n,0,0);const r=new Uint32Array(e.getImageData(0,0,e.canvas.width,e.canvas.height).data);return t.every((e,t)=>e===r[t])}function p(e,t){e.clearRect(0,0,e.canvas.width,e.canvas.height),e.fillText(t,0,0);var n=e.getImageData(16,16,1,1);for(let e=0;e {o[e]=t(s,e,n,r)}),o}function a(e){var t=document.createElement(""script"");t.src=e,t.defer=!0,document.head.appendChild(t)}r.supports={everything:!0,everythingExceptFlag:!0},new Promise(t=>{let n=function(){try{var e=JSON.parse(sessionStorage.getItem(s));if(""object""==typeof e&&""number""==typeof e.timestamp&&(new Date).valueOf() {i(n=e.data),a.terminate(),t(n)})}catch(e){}i(n=f(o,u,c,p))}t(n)}).then(e=>{for(const n in e)r.supports[n]=e[n],r.supports.everything=r.supports.everything&&r.supports[n],""flag""!==n&&(r.supports.everythingExceptFlag=r.supports.everythingExceptFlag&&r.supports[n]);var t;r.supports.everythingExceptFlag=r.supports.everythingExceptFlag&&!r.supports.flag,r.supports.everything||((t=r.source||{}).concatemoji?a(t.concatemoji):t.wpemoji&&t.twemoji&&(a(t.twemoji),a(t.wpemoji)))});
//# sourceURL=https://evitp.org/wp-includes/js/wp-emoji-loader.min.js
 
 			  
			 
				/* @v3-js:start */
					let c4wp_onloadCallback = function() {
						for ( var i = 0; i   {
						if ( typeof jQuery !== 'undefined' && jQuery( 'input[id*=""c4wp-wc-checkout""]' ).length ) {
							var element = document.createElement('div');
							var html = '     ';
							element.innerHTML = html;
							jQuery( '[class*=""c4wp-wc-checkout""]' ).append( element );
							jQuery( '[class*=""c4wp-wc-checkout""]' ).find('*').off();
							c4wp_onloadCallback();
						}
					});
				/* @v3-js:end */",https://evitp.org/montana/listing/unity-works-solutions-llc,evitp.org,2026-08-31
40.823719,-96.683778,nebraska,"ABC Electric Company, inc.","1012 North 25th Street, Lincoln, NE 68503, USA",4024353514,bobc@abcelectric.net,https://www.abcelectric.net/,Bob Codr,https://evitp.org/nebraska/listing/abc-electric-company-inc,evitp.org,2026-08-31
40.837658,-96.702977,nebraska,"Ace Electric, LLC.","1220 Dawes Avenue, Lincoln, NE, 68521, USA",4022024332,ace.electric.ne@gmail.com,,Allyn Shiveley,https://evitp.org/nebraska/listing/electric-llc,evitp.org,2026-08-31
41.492537,-99.901813,nebraska,"Ace Electrical Contractors, INC.","Nebraska, USA",17636948800,palml@aceelectrical.net,http://aceelectrical.net/,Larry Palm,https://evitp.org/nebraska/listing/ace-electrical-contractors-inc,evitp.org,2026-08-31
41.492537,-99.901813,nebraska,"Aldridge Electric, Inc.","Nebraska, USA",18472761127,ggiovannetti@aldridgegroup.com,https://www.aldridgegroup.com/,Gina Giovannetti,https://evitp.org/nebraska/listing/aldridge-electric-inc,evitp.org,2026-08-31
41.492537,-99.901813,nebraska,"Decker Electric, Inc.","Nebraska, USA",13162658182,bwilson@decker-electric.com,https://www.decker-electric.com/,Ben Wilson,https://evitp.org/nebraska/listing/decker-electric-inc,evitp.org,2026-08-31
41.256537,-95.946863,nebraska,Egan Company,"Omaha, NE, USA",7635444131,mat@eganco.com,https://www.eganco.com/,Michael Tengwall,https://evitp.org/nebraska/listing/egan-company,evitp.org,2026-08-31
41.494595,-100.508808,nebraska,Miller Electric Company,"Nebrasks, USA",9048324423,mhall@mecojax.com,https://www.mecojax.com/,Mike Hall,https://evitp.org/nebraska/listing/miller-electric-company,evitp.org,2026-08-31
41.492537,-99.901813,nebraska,Muska Electric Company,"Nebraska, USA",16516365820,tolson@muskaelectric.com,https://www.muskacompanies.com/,Ted Olson,https://evitp.org/nebraska/listing/muska-electric-company,evitp.org,2026-08-31
41.492537,-99.901813,nebraska,NEI Electric,"Nebraska, USA",16512873137,vmathson@neielectric.com,http://www.neielectric.com/,Van Mathson,https://evitp.org/nebraska/listing/nei-electric,evitp.org,2026-08-31
41.38753,-95.97832,nebraska,New River Electrical Corporation,"Nebraska, USA",5405267501,ahartsfield@nrec.ne,https://www.newriverelectrical.com/,Jonathan Aaron Hartsfield,https://evitp.org/nebraska/listing/new-river-electrical-corporation,evitp.org,2026-08-31
41.492537,-99.901813,nebraska,P1 Construction,"Nebraska, USA",17858432910,glen.herring@p1group.com,https://p1group.com/,,https://evitp.org/nebraska/listing/p1-contracting,evitp.org,2026-08-31
41.492537,-99.901813,nebraska,Parsons Electric,"Nebraska, USA",17635287670,brad.bacon@pecsolutions.com,https://www.pecsolutions.com/,Brad Bacon,https://evitp.org/nebraska/listing/parsons-electric,evitp.org,2026-08-31
40.995061,-96.745074,nebraska,"Sterling Industrial, LLC.","Nebraska, USA",8124927118,jhayden@sterlingindustrialllc.com,https://www.sterlingindustrialllc.com/,Jeff Hayden,https://evitp.org/nebraska/listing/sterling-industrial-llc,evitp.org,2026-08-31
41.492537,-99.901813,nebraska,The Oscar W. Larson Company,"Nebraska, USA",8103974757,justin.spence@owlservices.com,https://www.larsonco.com/,Justin Spence,https://evitp.org/nebraska/listing/the-oscar-w-larson-company,evitp.org,2026-08-31
41.492537,-99.901813,nebraska,The State Group Industrial (USA) Limited,"Nebraska, USA",5869921572,Michigan.estimating@stategroup.com,https://stategroup.com/,Gino Robinet – Statewide Coordinator,https://evitp.org/nebraska/listing/the-state-group-industrial-usa-limited,evitp.org,2026-08-31
41.492537,-99.901813,nebraska,Thompson Electric,"Nebraska, USA",7122524221,brian.spader@thompsonknows.com,https://www.thompsonknows.com/,Brian Spader,https://evitp.org/nebraska/listing/thompson-electric,evitp.org,2026-08-31
41.492537,-99.901813,nebraska,Vinco,"Nebraska, USA",6514403616,dmcclellan@vinco-inc.com,https://www.vinco-inc.com/,,https://evitp.org/nebraska/listing/vinco,evitp.org,2026-08-31
41.344242,-96.155475,nebraska,"W.G. Dale Electric, Co.","Nebraska, USA",3076329238,johnb@daleelectric.com,https://www.daleelectric.com/,"John Braunschweig              
             
                             
         
     
 
         
     
     
         
             
                  Redo search when map moved 
             
              
         
     
 
 
 
 
     
         Showing 18 results 
     
  
 
 											 

									 
					 
			 
   
    

	 
		 

			 
	 
		
		 
			 

				
 
			 
			 			  
	   


 
 

 
	   


The Electric Vehicle Infrastructure Training Program (EVITP) provides training and certification for electricians installing electric vehicle supply equipment (EVSE).  
		 		 
			 
					 
			 
			 			  
		 		 
			 
			  Contact Info 			  
	 
		 
			  		 
	 
	  Canada: www.NETCO.org 
 

 
	 
		 
			  		 
	 
	  United States:  EVITP, 811 N. Main Street, Suite 202,                     Royal Oak, MI  48067
 
 

 
	 
		 
			  		 
	 
	   info@evitp.org 
  
		 		 
	 			 
		 
		 
 


 
			 
			 

			
			 

			 
	 
		 Copyright © 2026 EVITP - ALL RIGHTS RESERVED -  TERMS OF USE  	 
	 
			 
 
			 

				 
		 
	 
		 
	 

   
   
 
{""prefetch"":[{""source"":""document"",""where"":{""and"":[{""href_matches"":""/*""},{""not"":{""href_matches"":[""/wp-*.php"",""/wp-admin/*"",""/wp-content/uploads/*"",""/wp-content/*"",""/wp-content/plugins/*"",""/wp-content/themes/siennawp/*"",""/*\\?(.+)""]}},{""not"":{""selector_matches"":""a[rel~=\""nofollow\""]""}},{""not"":{""selector_matches"":"".no-prefetch, .no-prefetch a""}}]},""eagerness"":""conservative""}]}
 
		  
		 
jQuery(document).ready(function($) {
SABAI.init($(""#sabai-content""));
});
   
  
  
  
  
  
  
 
wp.i18n.setLocaleData( { 'text direction\u0004ltr': [ 'ltr' ] } );
//# sourceURL=wp-i18n-js-after
 
  
 
var wpcf7 = {
    ""api"": {
        ""root"": ""https:\/\/evitp.org\/wp-json\/"",
        ""namespace"": ""contact-form-7\/v1""
    }
};
//# sourceURL=contact-form-7-js-before
 
  
 
var cf7appsHoneypotRefill = {""forceRefillOnInit"":""""};
//# sourceURL=cf7apps-honeypot-refill-js-extra
 
  
  
  
 
var mejsL10n = {""language"":""en"",""strings"":{""mejs.download-file"":""Download File"",""mejs.install-flash"":""You are using a browser that does not have Flash player enabled or installed. Please turn on your Flash player plugin or download the latest version from https://get.adobe.com/flashplayer/"",""mejs.fullscreen"":""Fullscreen"",""mejs.play"":""Play"",""mejs.pause"":""Pause"",""mejs.time-slider"":""Time Slider"",""mejs.time-help-text"":""Use Left/Right Arrow keys to advance one second, Up/Down arrows to advance ten seconds."",""mejs.live-broadcast"":""Live Broadcast"",""mejs.volume-help-text"":""Use Up/Down Arrow keys to increase or decrease volume."",""mejs.unmute"":""Unmute"",""mejs.mute"":""Mute"",""mejs.volume-slider"":""Volume Slider"",""mejs.video-player"":""Video Player"",""mejs.audio-player"":""Audio Player"",""mejs.captions-subtitles"":""Captions/Subtitles"",""mejs.captions-chapters"":""Chapters"",""mejs.none"":""None"",""mejs.afrikaans"":""Afrikaans"",""mejs.albanian"":""Albanian"",""mejs.arabic"":""Arabic"",""mejs.belarusian"":""Belarusian"",""mejs.bulgarian"":""Bulgarian"",""mejs.catalan"":""Catalan"",""mejs.chinese"":""Chinese"",""mejs.chinese-simplified"":""Chinese (Simplified)"",""mejs.chinese-traditional"":""Chinese (Traditional)"",""mejs.croatian"":""Croatian"",""mejs.czech"":""Czech"",""mejs.danish"":""Danish"",""mejs.dutch"":""Dutch"",""mejs.english"":""English"",""mejs.estonian"":""Estonian"",""mejs.filipino"":""Filipino"",""mejs.finnish"":""Finnish"",""mejs.french"":""French"",""mejs.galician"":""Galician"",""mejs.german"":""German"",""mejs.greek"":""Greek"",""mejs.haitian-creole"":""Haitian Creole"",""mejs.hebrew"":""Hebrew"",""mejs.hindi"":""Hindi"",""mejs.hungarian"":""Hungarian"",""mejs.icelandic"":""Icelandic"",""mejs.indonesian"":""Indonesian"",""mejs.irish"":""Irish"",""mejs.italian"":""Italian"",""mejs.japanese"":""Japanese"",""mejs.korean"":""Korean"",""mejs.latvian"":""Latvian"",""mejs.lithuanian"":""Lithuanian"",""mejs.macedonian"":""Macedonian"",""mejs.malay"":""Malay"",""mejs.maltese"":""Maltese"",""mejs.norwegian"":""Norwegian"",""mejs.persian"":""Persian"",""mejs.polish"":""Polish"",""mejs.portuguese"":""Portuguese"",""mejs.romanian"":""Romanian"",""mejs.russian"":""Russian"",""mejs.serbian"":""Serbian"",""mejs.slovak"":""Slovak"",""mejs.slovenian"":""Slovenian"",""mejs.spanish"":""Spanish"",""mejs.swahili"":""Swahili"",""mejs.swedish"":""Swedish"",""mejs.tagalog"":""Tagalog"",""mejs.thai"":""Thai"",""mejs.turkish"":""Turkish"",""mejs.ukrainian"":""Ukrainian"",""mejs.vietnamese"":""Vietnamese"",""mejs.welsh"":""Welsh"",""mejs.yiddish"":""Yiddish""}};
//# sourceURL=mediaelement-core-js-before
 
  
  
 
var _wpmejsSettings = {""pluginPath"":""/wp-includes/js/mediaelement/"",""classPrefix"":""mejs-"",""stretching"":""responsive"",""audioShortcodeLibrary"":""mediaelement"",""videoShortcodeLibrary"":""mediaelement""};
//# sourceURL=mediaelement-js-extra
 
  
  
  
  
  
  
  
  
  
  
  
  
  
  
  
  
  
  
  
  
  
  
  
  
  
  
  
  
  
  
  
  
 
var mkdfGlobalVars = {""vars"":{""mkdfAddForAdminBar"":0,""mkdfElementAppearAmount"":-150,""mkdfFinishedMessage"":""No more posts"",""mkdfMessage"":""Loading new posts..."",""mkdfTopBarHeight"":42,""mkdfStickyHeaderHeight"":0,""mkdfStickyHeaderTransparencyHeight"":60,""mkdfLogoAreaHeight"":0,""mkdfMenuAreaHeight"":131,""mkdfMobileHeaderHeight"":100}};
var mkdfPerPageVars = {""vars"":{""mkdfStickyScrollAmount"":450,""mkdfStickyScrollAmountFullScreen"":false,""mkdfHeaderTransparencyHeight"":0}};
//# sourceURL=sienna-mikado-modules-js-extra
 
  
  
  
 
var mkdfLike = {""ajaxurl"":""https://evitp.org/wp-admin/admin-ajax.php""};
//# sourceURL=sienna-mikado-like-js-extra
 
  
 
var GEM = {""thankyou"":""Thank you for signing up!"",""thankyou_suppressed"":""Thank you for signing up! Please check your email to confirm your subscription."",""oops"":""Oops! There was a problem. Please try again."",""email"":""Please enter a valid email address."",""required"":""%s is a required field.""};
//# sourceURL=gem-main-js-extra
 
  
  
  
 
var wpcf7_recaptcha = {
    ""sitekey"": ""6LdAGgcgAAAAALmBeuQZgYH6HTEI3KlPBF86-YxA"",
    ""actions"": {
        ""homepage"": ""homepage"",
        ""contactform"": ""contactform""
    }
};
//# sourceURL=wpcf7-recaptcha-js-before
 
  
 
{""baseUrl"":""https://s.w.org/images/core/emoji/17.0.2/72x72/"",""ext"":"".png"",""svgUrl"":""https://s.w.org/images/core/emoji/17.0.2/svg/"",""svgExt"":"".svg"",""source"":{""concatemoji"":""https://evitp.org/wp-includes/js/wp-emoji-release.min.js?ver=7.0.4""}}
 
 
/*! This file is auto-generated */
var e=""script#wp-emoji-settings"",t=document.querySelector(e);if(!(t instanceof HTMLScriptElement))throw new Error(""Element missing: ""+e);const r=JSON.parse(t.text),s=(window._wpemojiSettings=r,""wpEmojiSettingsSupports""),o=[""flag"",""emoji""];function i(e){try{var t={supportTests:e,timestamp:(new Date).valueOf()};sessionStorage.setItem(s,JSON.stringify(t))}catch(e){}}function c(e,t,n){e.clearRect(0,0,e.canvas.width,e.canvas.height),e.fillText(t,0,0);t=new Uint32Array(e.getImageData(0,0,e.canvas.width,e.canvas.height).data);e.clearRect(0,0,e.canvas.width,e.canvas.height),e.fillText(n,0,0);const r=new Uint32Array(e.getImageData(0,0,e.canvas.width,e.canvas.height).data);return t.every((e,t)=>e===r[t])}function p(e,t){e.clearRect(0,0,e.canvas.width,e.canvas.height),e.fillText(t,0,0);var n=e.getImageData(16,16,1,1);for(let e=0;e {o[e]=t(s,e,n,r)}),o}function a(e){var t=document.createElement(""script"");t.src=e,t.defer=!0,document.head.appendChild(t)}r.supports={everything:!0,everythingExceptFlag:!0},new Promise(t=>{let n=function(){try{var e=JSON.parse(sessionStorage.getItem(s));if(""object""==typeof e&&""number""==typeof e.timestamp&&(new Date).valueOf() {i(n=e.data),a.terminate(),t(n)})}catch(e){}i(n=f(o,u,c,p))}t(n)}).then(e=>{for(const n in e)r.supports[n]=e[n],r.supports.everything=r.supports.everything&&r.supports[n],""flag""!==n&&(r.supports.everythingExceptFlag=r.supports.everythingExceptFlag&&r.supports[n]);var t;r.supports.everythingExceptFlag=r.supports.everythingExceptFlag&&!r.supports.flag,r.supports.everything||((t=r.source||{}).concatemoji?a(t.concatemoji):t.wpemoji&&t.twemoji&&(a(t.twemoji),a(t.wpemoji)))});
//# sourceURL=https://evitp.org/wp-includes/js/wp-emoji-loader.min.js
 
 			  
			 
				/* @v3-js:start */
					let c4wp_onloadCallback = function() {
						for ( var i = 0; i   {
						if ( typeof jQuery !== 'undefined' && jQuery( 'input[id*=""c4wp-wc-checkout""]' ).length ) {
							var element = document.createElement('div');
							var html = '     ';
							element.innerHTML = html;
							jQuery( '[class*=""c4wp-wc-checkout""]' ).append( element );
							jQuery( '[class*=""c4wp-wc-checkout""]' ).find('*').off();
							c4wp_onloadCallback();
						}
					});
				/* @v3-js:end */",https://evitp.org/nebraska/listing/w-g-dale-electric-co,evitp.org,2026-08-31
36.155649,-115.285652,nevada,"Accel Electric, LLC","8716 Isola Drive, Las Vegas, NV, 89117, USA",7022188749,,https://ae-nv.com/,Michael Dreyer,https://evitp.org/nevada/listing/accel-electric-llc,evitp.org,2026-08-31
38.80261,-116.419389,nevada,"Aldridge Electric, Inc.","Nevada, USA",18472761127,ggiovannetti@aldridgegroup.com,https://www.aldridgegroup.com/,Gina Giovannetti,https://evitp.org/nevada/listing/aldridge-electric-inc,evitp.org,2026-08-31
36.014066,-115.123162,nevada,ATM Electric,"9664 Summer Lilac Ct, Las Vegas, NV 89123, USA",7022621623,alec@atmelectricnv.com,http://www.atmelectricnv.com/,Alec VandenBroeck,https://evitp.org/nevada/listing/atm-electric,evitp.org,2026-08-31
38.80261,-116.419389,nevada,"Barin Group, LLC.","Nevada, USA",15037201239,pmiller@barincg.com,https://www.barincg.com/,Paul Miller,https://evitp.org/nevada/listing/barin-group-llc,evitp.org,2026-08-31
36.075588,-115.187573,nevada,Bombard Electric,"3570 W Post Rd, Las Vegas, NV 89118, USA",7022633570,bobby.house@bombardelec.com,http://www.bombardelectric.com,Bobby House,https://evitp.org/nevada/listing/bombard-electric,evitp.org,2026-08-31
38.80261,-116.419389,nevada,Brytemove Energy,"Nevada, USA",7142379200,jkrajniak@brytemove.com,https://www.brytemove.com/,David Krajniak,https://evitp.org/nevada/listing/brytemove-energy,evitp.org,2026-08-31
36.222361,-115.173122,nevada,Century Electric,"3440 Precision Drive, North Las Vegas, NV 89032, USA",7024369500,bpool@centuryelectricllc.com,http://www.centuryelectricllc.com,Brian Pool,https://evitp.org/nevada/listing/century-electric,evitp.org,2026-08-31
36.115399,-115.262621,nevada,Charge Matrix,"4045 South Buffalo Drive Suite A101-149, Las Vegas, NV 89147, USA",7024980890,jayson@chargematrixlv.com,,Jayson Semensow,https://evitp.org/nevada/listing/charge-matrix,evitp.org,2026-08-31
36.074996,-115.192529,nevada,Conti Corp,"3965 W Post Rd, Las Vegas, NV 89118, USA",7022221200,apatrico@conticorporation.com,http://www.conticorporation.com,Anthony Patrico,https://evitp.org/nevada/listing/conti-corp,evitp.org,2026-08-31
36.094132,-115.198226,nevada,G&G Systems,"4340 West Hacienda Avenue, Las Vegas, NV 89118, USA",7027980995,info@ggsystems.net,http://ggsystems.net,Patrick Armour,https://evitp.org/nevada/listing/gg-systems,evitp.org,2026-08-31
36.069311,-115.232062,nevada,HD Electric,"6445 West Sunset Street #166. Las Vegas, NV. 89118, USA",7024126014,hdominguez@hdelectricLV.com,https://www.hdelectriclv.com/,Hector Dominguez,https://evitp.org/nevada/listing/hd-electric,evitp.org,2026-08-31
39.486549,-119.760145,nevada,Intermountain Electric Inc.,"4750 Longley Lane, Reno, NV 89502, USA",7758503600,todd.rash@imelect.com,http://www.imelect.com,Todd Rash,https://evitp.org/nevada/listing/intermountain-electric-inc,evitp.org,2026-08-31
36.069078,-115.196743,nevada,L.C. Electric,"4133 Wagon Trail Avenue, Las Vegas, NV 89118, USA",7028966834,ledger@lcelectric.net,,Ledger P. Cantley,https://evitp.org/nevada/listing/l-c-electric,evitp.org,2026-08-31
39.172896,-119.746359,nevada,Lakeview Electric,"2001 E William St, Carson City, NV, 89701, USA",7752327023,eric@lvenv.net,https://lvenv.net/,Eric Keller,https://evitp.org/nevada/listing/lakeview-electric,evitp.org,2026-08-31
38.80261,-116.419389,nevada,"Layman Electric, Inc.","Nevada, USA",2096045473,jbrooks@laymanelectric.com,https://laymanelectric.com/,Justin Brooks,https://evitp.org/nevada/listing/layman-electric-inc,evitp.org,2026-08-31
36.114437,-115.204895,nevada,"LIVE Electric, Inc.","4175 Cameron Street, Las Vegas, NV 89103, USA",7024202382,heather@liveelectric.vegas,https://liveelectric.vegas/,Heather Avila,https://evitp.org/nevada/listing/live-electric-inc,evitp.org,2026-08-31
36.077679,-115.066309,nevada,MB Herzog Electric,"1860 Whitney Mesa Drive, Henderson, NV, USA",5625312002,mike@herzogelectric.com,http://www.herzogelectric.com,Ryan Herzog,https://evitp.org/nevada/listing/mb-herzog-electric,evitp.org,2026-08-31
39.573386,-119.80977,nevada,Miller Electric Company,"Nevada, USA",9048324423,mhall@mecojax.com,https://www.mecojax.com/,Mike Hall,https://evitp.org/nevada/listing/miller-electric-company,evitp.org,2026-08-31
39.525474,-119.740626,nevada,Nelson Electric Company,"140 East Freeport Boulevard, Sparks, NV 89431, USA",7753580634,jeff@nelsonelectric.net,http://www.nelsonelectric.com,Jeff Nelson,https://evitp.org/nevada/listing/nelson-electric-company,evitp.org,2026-08-31
36.427168,-115.103777,nevada,New River Electrical Company,"Nevada, USA",5405267501,ahartsfield@nrec.net,https://www.newriverelectrical.com/,Jonathan Aaron Hartsfield,https://evitp.org/nevada/listing/new-river-electrical-company,evitp.org,2026-08-31
39.513842,-119.730442,nevada,"Newtron, LLC","742 Spice Islands Drive, Sparks, NV, 89431, USA",9172704001,rfp_nevada@thenewtrongroup.com,https://thenewtrongroup.com/,Lee LaRussa,https://evitp.org/nevada/listing/newtron-llc,evitp.org,2026-08-31
38.80261,-116.419389,nevada,Parsons Electric,"Nevada, USA",17635287670,brad.bacon@pecsolutions.com,https://www.pecsolutions.com/,Brad Bacon,https://evitp.org/nevada/listing/parsons-electric,evitp.org,2026-08-31
36.077716,-115.071319,nevada,Penny Electric LLC,"1987 Whitney Mesa Dr, Henderson, NV, 89014, USA",7024690038,jsmock@pennyelectric.com,https://pennyelectric.com/,Jon Smock,https://evitp.org/nevada/listing/penny-electric-llc,evitp.org,2026-08-31
47.709236,-117.351845,nevada,"Peterson Electric, inc.","5622 North Myrtle Street, Spokane, WA, 99217, USA",5094891950,scott@petersonelectric.com,https://petersonelectric.com/,Scott lee,https://evitp.org/nevada/listing/peterson-electric-inc,evitp.org,2026-08-31
47.73151,-117.267686,nevada,"Pick Electric, Inc.","P.O. Box 6770, Spokane, WA. 99217",5095321975111,chris@pickelectric.com,http://pickelectric.com/,Chris Magnuson,https://evitp.org/nevada/listing/pick-electric-inc,evitp.org,2026-08-31
39.522053,-119.808079,nevada,Power Up Electric,"450 Sinclair Street, Reno, NV, 89501, USA",7753628200,pedro.orozco@powerup-electric.com,https://www.powerup-electric.com/,Pedro Orozco,https://evitp.org/nevada/listing/power-up-electic,evitp.org,2026-08-31
47.04,-122.94,nevada,"Reliable Electric, Inc.","PO Box 12205 Olympia, WA 98508, USA",3609431006,danm@reliableelectric.biz,https://reliableelectric.biz/,Dan Meconi,https://evitp.org/nevada/listing/reliable-electric-inc,evitp.org,2026-08-31
39.501717,-119.758319,nevada,Reliant Electric,"685 Edison Way, Reno, NV 89502, USA",7753422900,mattcottom@sbcglobal.net,,Matt Cottom,https://evitp.org/nevada/listing/reliant-electric,evitp.org,2026-08-31
38.80261,-116.419389,nevada,Royal Electric Company,"Nevada, USA",9166965744,jeffc@royalelect.com,https://www.royalelect.com/,Jeff Cavanagh,https://evitp.org/nevada/listing/royal-electric-company,evitp.org,2026-08-31
39.449447,-119.7512,nevada,"San Joaquin Electric, Inc.","8985 Double Diamond Parkway, Reno, NV, USA",2099936782,wade@sanjoaquinelectric.com,,Wade Johnson,https://evitp.org/nevada/listing/san-joaquin-electric-inc,evitp.org,2026-08-31
39.51998,-119.785758,nevada,"Simple Power, Inc.","790 Louise St, Reno, NV, 89502, USA",7757864006,brandon@simplepowersolar.com,https://simplepowersolar.com/,Brandon Strong,https://evitp.org/nevada/listing/simple-power-inc,evitp.org,2026-08-31
38.80261,-116.419389,nevada,The State Group Industrial (USA) Limited,"Nevada, USA",5869921572,Michigan.estimating@stategroup.com,https://stategroup.com/,Gino Robinet – Statewide Coordinator,https://evitp.org/nevada/listing/the-state-group-industrial-usa-limited,evitp.org,2026-08-31
47.166222,-122.432494,nevada,Thompson Electrical Constructors,"150 100th Street South, Tacoma, WA, 98444, USA",2535390999,stan@thompsonconstructors.com,https://www.thompsonconstructors.com/,Stan Thompson,https://evitp.org/nevada/listing/thompson-electrical-constructors,evitp.org,2026-08-31
30.519078,-91.520862,nevada,"Tilson Technology Management, Inc.","Louisiana, USA",4343901227,jaman@tilsontech.com,https://tilsontech.com/,Jeffrey Aman,https://evitp.org/nevada/listing/tilson-technology-management-inc,evitp.org,2026-08-31
39.512504,-119.747143,nevada,Titan Electrical Contracting Inc.,"5450 Mill St Suite 100, Reno, NV 89502, USA",7758574500,ryan@titanelectric.biz,,Ryan Greenhalgh,https://evitp.org/nevada/listing/titan-electrical-contracting-inc,evitp.org,2026-08-31
46.633772,-122.936249,nevada,"Travers Electric, Inc.","122 Sturdevant Road, Chehalis, WA, 98532, USA",3607480059,ron@traverselectric.net,,Ron Travers,https://evitp.org/nevada/listing/travers-electric-inc,evitp.org,2026-08-31
38.80261,-116.419389,nevada,Treehouse,"Nevada, USA",3235776795,hello@treehouse.pro,https://treehouse.pro/,Cullen Peters,https://evitp.org/nevada/listing/treehouse,evitp.org,2026-08-31
39.524544,-119.760069,nevada,Triumph Electric,"1360 Greg Street, Sparks, NV 89431, USA",7753551965,ryan@triumphelectricreno.com,http://www.triumphelectric.net,Ryan Flickinger,https://evitp.org/nevada/listing/triumph-electric,evitp.org,2026-08-31
36.071914,-115.108454,nevada,Wecom Inc.,"3028 E Sunset Rd, Las Vegas, NV, 89120, USA",7028300371,richardp@wecominc.com,https://wecominc.com/,"Richard Pugh              
             
                             
         
     
 
         
     
     
         
             
                  Redo search when map moved 
             
              
         
     
 
 
 
 
     
         Showing 39 results 
     
  
 
 											 

									 
					 
			 
   
    

	 
		 

			 
	 
		
		 
			 

				
 
			 
			 			  
	   


 
 

 
	   


The Electric Vehicle Infrastructure Training Program (EVITP) provides training and certification for electricians installing electric vehicle supply equipment (EVSE).  
		 		 
			 
					 
			 
			 			  
		 		 
			 
			  Contact Info 			  
	 
		 
			  		 
	 
	  Canada: www.NETCO.org 
 

 
	 
		 
			  		 
	 
	  United States:  EVITP, 811 N. Main Street, Suite 202,                     Royal Oak, MI  48067
 
 

 
	 
		 
			  		 
	 
	   info@evitp.org 
  
		 		 
	 			 
		 
		 
 


 
			 
			 

			
			 

			 
	 
		 Copyright © 2026 EVITP - ALL RIGHTS RESERVED -  TERMS OF USE  	 
	 
			 
 
			 

				 
		 
	 
		 
	 

   
   
 
{""prefetch"":[{""source"":""document"",""where"":{""and"":[{""href_matches"":""/*""},{""not"":{""href_matches"":[""/wp-*.php"",""/wp-admin/*"",""/wp-content/uploads/*"",""/wp-content/*"",""/wp-content/plugins/*"",""/wp-content/themes/siennawp/*"",""/*\\?(.+)""]}},{""not"":{""selector_matches"":""a[rel~=\""nofollow\""]""}},{""not"":{""selector_matches"":"".no-prefetch, .no-prefetch a""}}]},""eagerness"":""conservative""}]}
 
		  
		 
jQuery(document).ready(function($) {
SABAI.init($(""#sabai-content""));
});
   
  
  
  
  
  
  
 
wp.i18n.setLocaleData( { 'text direction\u0004ltr': [ 'ltr' ] } );
//# sourceURL=wp-i18n-js-after
 
  
 
var wpcf7 = {
    ""api"": {
        ""root"": ""https:\/\/evitp.org\/wp-json\/"",
        ""namespace"": ""contact-form-7\/v1""
    }
};
//# sourceURL=contact-form-7-js-before
 
  
 
var cf7appsHoneypotRefill = {""forceRefillOnInit"":""""};
//# sourceURL=cf7apps-honeypot-refill-js-extra
 
  
  
  
 
var mejsL10n = {""language"":""en"",""strings"":{""mejs.download-file"":""Download File"",""mejs.install-flash"":""You are using a browser that does not have Flash player enabled or installed. Please turn on your Flash player plugin or download the latest version from https://get.adobe.com/flashplayer/"",""mejs.fullscreen"":""Fullscreen"",""mejs.play"":""Play"",""mejs.pause"":""Pause"",""mejs.time-slider"":""Time Slider"",""mejs.time-help-text"":""Use Left/Right Arrow keys to advance one second, Up/Down arrows to advance ten seconds."",""mejs.live-broadcast"":""Live Broadcast"",""mejs.volume-help-text"":""Use Up/Down Arrow keys to increase or decrease volume."",""mejs.unmute"":""Unmute"",""mejs.mute"":""Mute"",""mejs.volume-slider"":""Volume Slider"",""mejs.video-player"":""Video Player"",""mejs.audio-player"":""Audio Player"",""mejs.captions-subtitles"":""Captions/Subtitles"",""mejs.captions-chapters"":""Chapters"",""mejs.none"":""None"",""mejs.afrikaans"":""Afrikaans"",""mejs.albanian"":""Albanian"",""mejs.arabic"":""Arabic"",""mejs.belarusian"":""Belarusian"",""mejs.bulgarian"":""Bulgarian"",""mejs.catalan"":""Catalan"",""mejs.chinese"":""Chinese"",""mejs.chinese-simplified"":""Chinese (Simplified)"",""mejs.chinese-traditional"":""Chinese (Traditional)"",""mejs.croatian"":""Croatian"",""mejs.czech"":""Czech"",""mejs.danish"":""Danish"",""mejs.dutch"":""Dutch"",""mejs.english"":""English"",""mejs.estonian"":""Estonian"",""mejs.filipino"":""Filipino"",""mejs.finnish"":""Finnish"",""mejs.french"":""French"",""mejs.galician"":""Galician"",""mejs.german"":""German"",""mejs.greek"":""Greek"",""mejs.haitian-creole"":""Haitian Creole"",""mejs.hebrew"":""Hebrew"",""mejs.hindi"":""Hindi"",""mejs.hungarian"":""Hungarian"",""mejs.icelandic"":""Icelandic"",""mejs.indonesian"":""Indonesian"",""mejs.irish"":""Irish"",""mejs.italian"":""Italian"",""mejs.japanese"":""Japanese"",""mejs.korean"":""Korean"",""mejs.latvian"":""Latvian"",""mejs.lithuanian"":""Lithuanian"",""mejs.macedonian"":""Macedonian"",""mejs.malay"":""Malay"",""mejs.maltese"":""Maltese"",""mejs.norwegian"":""Norwegian"",""mejs.persian"":""Persian"",""mejs.polish"":""Polish"",""mejs.portuguese"":""Portuguese"",""mejs.romanian"":""Romanian"",""mejs.russian"":""Russian"",""mejs.serbian"":""Serbian"",""mejs.slovak"":""Slovak"",""mejs.slovenian"":""Slovenian"",""mejs.spanish"":""Spanish"",""mejs.swahili"":""Swahili"",""mejs.swedish"":""Swedish"",""mejs.tagalog"":""Tagalog"",""mejs.thai"":""Thai"",""mejs.turkish"":""Turkish"",""mejs.ukrainian"":""Ukrainian"",""mejs.vietnamese"":""Vietnamese"",""mejs.welsh"":""Welsh"",""mejs.yiddish"":""Yiddish""}};
//# sourceURL=mediaelement-core-js-before
 
  
  
 
var _wpmejsSettings = {""pluginPath"":""/wp-includes/js/mediaelement/"",""classPrefix"":""mejs-"",""stretching"":""responsive"",""audioShortcodeLibrary"":""mediaelement"",""videoShortcodeLibrary"":""mediaelement""};
//# sourceURL=mediaelement-js-extra
 
  
  
  
  
  
  
  
  
  
  
  
  
  
  
  
  
  
  
  
  
  
  
  
  
  
  
  
  
  
  
  
  
 
var mkdfGlobalVars = {""vars"":{""mkdfAddForAdminBar"":0,""mkdfElementAppearAmount"":-150,""mkdfFinishedMessage"":""No more posts"",""mkdfMessage"":""Loading new posts..."",""mkdfTopBarHeight"":42,""mkdfStickyHeaderHeight"":0,""mkdfStickyHeaderTransparencyHeight"":60,""mkdfLogoAreaHeight"":0,""mkdfMenuAreaHeight"":131,""mkdfMobileHeaderHeight"":100}};
var mkdfPerPageVars = {""vars"":{""mkdfStickyScrollAmount"":450,""mkdfStickyScrollAmountFullScreen"":false,""mkdfHeaderTransparencyHeight"":0}};
//# sourceURL=sienna-mikado-modules-js-extra
 
  
  
  
 
var mkdfLike = {""ajaxurl"":""https://evitp.org/wp-admin/admin-ajax.php""};
//# sourceURL=sienna-mikado-like-js-extra
 
  
 
var GEM = {""thankyou"":""Thank you for signing up!"",""thankyou_suppressed"":""Thank you for signing up! Please check your email to confirm your subscription."",""oops"":""Oops! There was a problem. Please try again."",""email"":""Please enter a valid email address."",""required"":""%s is a required field.""};
//# sourceURL=gem-main-js-extra
 
  
  
  
 
var wpcf7_recaptcha = {
    ""sitekey"": ""6LdAGgcgAAAAALmBeuQZgYH6HTEI3KlPBF86-YxA"",
    ""actions"": {
        ""homepage"": ""homepage"",
        ""contactform"": ""contactform""
    }
};
//# sourceURL=wpcf7-recaptcha-js-before
 
  
 
{""baseUrl"":""https://s.w.org/images/core/emoji/17.0.2/72x72/"",""ext"":"".png"",""svgUrl"":""https://s.w.org/images/core/emoji/17.0.2/svg/"",""svgExt"":"".svg"",""source"":{""concatemoji"":""https://evitp.org/wp-includes/js/wp-emoji-release.min.js?ver=7.0.4""}}
 
 
/*! This file is auto-generated */
var e=""script#wp-emoji-settings"",t=document.querySelector(e);if(!(t instanceof HTMLScriptElement))throw new Error(""Element missing: ""+e);const r=JSON.parse(t.text),s=(window._wpemojiSettings=r,""wpEmojiSettingsSupports""),o=[""flag"",""emoji""];function i(e){try{var t={supportTests:e,timestamp:(new Date).valueOf()};sessionStorage.setItem(s,JSON.stringify(t))}catch(e){}}function c(e,t,n){e.clearRect(0,0,e.canvas.width,e.canvas.height),e.fillText(t,0,0);t=new Uint32Array(e.getImageData(0,0,e.canvas.width,e.canvas.height).data);e.clearRect(0,0,e.canvas.width,e.canvas.height),e.fillText(n,0,0);const r=new Uint32Array(e.getImageData(0,0,e.canvas.width,e.canvas.height).data);return t.every((e,t)=>e===r[t])}function p(e,t){e.clearRect(0,0,e.canvas.width,e.canvas.height),e.fillText(t,0,0);var n=e.getImageData(16,16,1,1);for(let e=0;e {o[e]=t(s,e,n,r)}),o}function a(e){var t=document.createElement(""script"");t.src=e,t.defer=!0,document.head.appendChild(t)}r.supports={everything:!0,everythingExceptFlag:!0},new Promise(t=>{let n=function(){try{var e=JSON.parse(sessionStorage.getItem(s));if(""object""==typeof e&&""number""==typeof e.timestamp&&(new Date).valueOf() {i(n=e.data),a.terminate(),t(n)})}catch(e){}i(n=f(o,u,c,p))}t(n)}).then(e=>{for(const n in e)r.supports[n]=e[n],r.supports.everything=r.supports.everything&&r.supports[n],""flag""!==n&&(r.supports.everythingExceptFlag=r.supports.everythingExceptFlag&&r.supports[n]);var t;r.supports.everythingExceptFlag=r.supports.everythingExceptFlag&&!r.supports.flag,r.supports.everything||((t=r.source||{}).concatemoji?a(t.concatemoji):t.wpemoji&&t.twemoji&&(a(t.twemoji),a(t.wpemoji)))});
//# sourceURL=https://evitp.org/wp-includes/js/wp-emoji-loader.min.js
 
 			  
			 
				/* @v3-js:start */
					let c4wp_onloadCallback = function() {
						for ( var i = 0; i   {
						if ( typeof jQuery !== 'undefined' && jQuery( 'input[id*=""c4wp-wc-checkout""]' ).length ) {
							var element = document.createElement('div');
							var html = '     ';
							element.innerHTML = html;
							jQuery( '[class*=""c4wp-wc-checkout""]' ).append( element );
							jQuery( '[class*=""c4wp-wc-checkout""]' ).find('*').off();
							c4wp_onloadCallback();
						}
					});
				/* @v3-js:end */",https://evitp.org/nevada/listing/wecom-inc,evitp.org,2026-08-31
43.053107,-71.680197,new-hampshire,ACSES,"187 Rolling Hill Drive, Weare, NH, 03281, USA",6035088567,bash_acses@comcast.net,https://www.lightlinklook.com/,Bryan D. Ash,https://evitp.org/newhampshire/listing/acses,evitp.org,2026-08-31
43.077321,-72.162361,new-hampshire,"Aldridge Electric, Inc.","New Hampshire, USA",18472761127,ggiovannetti@aldridgegroup.com,https://www.aldridgegroup.com/,Gina Giovannetti,https://evitp.org/newhampshire/listing/aldridge-electric-inc,evitp.org,2026-08-31
43.041481,-71.440559,new-hampshire,All-Pro Electric,"New Hampshire, USA",9784690100,mikeh@allproelectric.com,https://www.allproelectric.com/,Michael Harrington,https://evitp.org/newhampshire/listing/all-pro-electric,evitp.org,2026-08-31
43.193852,-71.572395,new-hampshire,"American Electrical Systems, Inc.","New Hampshire, USA",9788966324,,https://american-elec.com/,John Gill,https://evitp.org/newhampshire/listing/american-electrical-systems-inc,evitp.org,2026-08-31
43.193852,-71.572395,new-hampshire,"Brava Electric & Telecom, Inc.","New Hampshire, USA",5085842004,brenden@bravaelectric.com,http://bravaelectric.com/,Brenden DeAndrade,https://evitp.org/newhampshire/listing/brava-electric-telecom-inc,evitp.org,2026-08-31
43.193852,-71.572395,new-hampshire,Dagle Electrical Construction Corp.,"New Hampshire, USA",8003791459,dec@deccorp.com,https://deccorp.com/,Maureen Dagle,https://evitp.org/newhampshire/listing/dagle-electrical-construction-corp,evitp.org,2026-08-31
43.619187,-72.145825,new-hampshire,Defiance Electric,"86 Chosen Vale Lane Suite 202, Enfield, NH. 03748, USA",6036324982,travis@defianceelectric.com,https://www.defianceelectric.com/,Travis Boucher,https://evitp.org/newhampshire/listing/defiance-electric,evitp.org,2026-08-31
43.193852,-71.572395,new-hampshire,"Denommee Plumbing, HVAC & Electric","New Hampshire, USA",9786498886,info@denommeeplumbing.com,https://denommeeplumbing.com/,Paul Beaulieu,https://evitp.org/newhampshire/listing/denommee-plumbing-hvac-electric,evitp.org,2026-08-31
43.193852,-71.572395,new-hampshire,"Elm Electrical, Inc.","New Hampshire, USA",4134273924,jhenderson@elmelec.com,https://www.elmelec.com/,John Henderson,https://evitp.org/newhampshire/listing/elm-electrical-inc,evitp.org,2026-08-31
42.789756,-71.520547,new-hampshire,KT&T Distributors,"472 Amherst Street, Nashua, NH, 03063 USA",4014657397,kevin@kttdistributors.com,https://www.kttdistributors.com/,Kevin Porter,https://evitp.org/newhampshire/listing/ktt-distributors,evitp.org,2026-08-31
43.193852,-71.572395,new-hampshire,"M.L. Schmitt, Inc.","New Hampshire, USA",4137337868,marcp@mlschmittelectric.com,https://www.mlschmittelectric.com/,Marc Parent,https://evitp.org/newhampshire/listing/m-l-schmitt-inc,evitp.org,2026-08-31
43.193852,-71.572395,new-hampshire,Matrix NAC,"New Hampshire, USA",7323883540,stevenlaastra@matrixservicecompany.com,https://www.matrixnac.com/,Steven LaMastra,https://evitp.org/newhampshire/listing/matrix-nac,evitp.org,2026-08-31
43.22388,-71.544929,new-hampshire,Miller Electric Company,"New Hampshire, USA",9048324423,mhall@mecojax.com,https://www.mecojax.com/,Mike Hall,https://evitp.org/newhampshire/listing/miller-electric-company,evitp.org,2026-08-31
43.193852,-71.572395,new-hampshire,"NEC Group, LLC","New Hampshire, USA",6035028183,kbarnard@necgroup.com,https://www.necgroup.com/,Keith Barnard,https://evitp.org/newhampshire/listing/nec-group-llc,evitp.org,2026-08-31
43.063558,-71.4282,new-hampshire,New River Electrical Corporation,"New Hampshire, USA",5405267501,ahartsfield@nrec.net,https://www.newriverelectrical.com/,Jonathan Aaron Hartsfield,https://evitp.org/newhampshire/listing/new-river-electrical-corporation,evitp.org,2026-08-31
43.193852,-71.572395,new-hampshire,Northlight Electric,"New Hampshire, USA",2075769141,nick@northlightelectric.com,https://www.northlightelectric.com/,Nicholas Rinchich,https://evitp.org/newhampshire/listing/northlight-electric,evitp.org,2026-08-31
43.193852,-71.572395,new-hampshire,Parsons Electric,"New Hampshire, USA",17635287670,brad.bacon@pecsolutions.com,https://www.pecsolutions.com/,Brad Bacon,https://evitp.org/newhampshire/listing/parsons-electric,evitp.org,2026-08-31
42.893863,-70.885898,new-hampshire,"Richardson Electrical Co., Inc.","17 Batchelder Road, Seabrook, NH, 03874, USA",6034743900,vrichardson@richardsonelectrical.us,https://richardsonelectrical.us/,Vaughan Richardson,https://evitp.org/newhampshire/listing/richardson-electrical-co-inc,evitp.org,2026-08-31
43.193852,-71.572395,new-hampshire,"Riggs Distler & Co., Inc.","New Hampshire, USA",6093525070,jsimpson@riggsdistler.com,https://riggsdistler.com/,Jeffrey Simpson,https://evitp.org/newhampshire/listing/riggs-distler-co-inc,evitp.org,2026-08-31
43.051862,-71.465775,new-hampshire,Sargent Electric Company,"Manchester, New Hampshire, USA",4123947600,info@sargentelectric.com,https://www.sargentelectric.com/,Tim Snyder,https://evitp.org/newhampshire/listing/sargent-electric-company,evitp.org,2026-08-31
43.197248,-70.99977,new-hampshire,"Scarponi Electric, LLC","26 Commerce Way, Barrington, NH, 03825, USA",6038179258,tom@scarponielectric.com,https://scarponielectric.com/,,https://evitp.org/newhampshire/listing/scarponi-electric-llc,evitp.org,2026-08-31
43.193852,-71.572395,new-hampshire,Smart Green Solar,"New Hampshire, USA",4015372294,info@smartgreen.solar,https://smartgreensolar.com/,Joseph Bednarik,https://evitp.org/newhampshire/listing/smart-green-solar,evitp.org,2026-08-31
43.193852,-71.572395,new-hampshire,"Springfield Electrical Co., Inc.","New Hampshire, USA",14137471600,tomc@springfieldelectirc.org,http://springfieldelectric.org/,Tom Collins,https://evitp.org/newhampshire/listing/springfield-electrical-co-inc,evitp.org,2026-08-31
43.193852,-71.572395,new-hampshire,"Stewart Electrical Contracting, Inc.","New Hampshire, USA",18008979423,support@stewartelectricalcontracting.com,https://www.stewartelectricalcontracting.com/,Colby Bruce,https://evitp.org/newhampshire/listing/stewart-electrical-contracting-inc,evitp.org,2026-08-31
43.193852,-71.572395,new-hampshire,The State Group Industrial (USA) Limited,"New Hampshire, USA",5869921572,Michigan.estimating@stategroup.com,https://stategroup.com/,"Gino Robinet – Statewide Coordinator              
             
                             
         
     
 
         
     
     
         
             
                  Redo search when map moved 
             
              
         
     
 
 
 
 
     
         Showing 25 results 
     
  
 
 											 

									 
					 
			 
   
    

	 
		 

			 
	 
		
		 
			 

				
 
			 
			 			  
	   


 
 

 
	   


The Electric Vehicle Infrastructure Training Program (EVITP) provides training and certification for electricians installing electric vehicle supply equipment (EVSE).  
		 		 
			 
					 
			 
			 			  
		 		 
			 
			  Contact Info 			  
	 
		 
			  		 
	 
	  Canada: www.NETCO.org 
 

 
	 
		 
			  		 
	 
	  United States:  EVITP, 811 N. Main Street, Suite 202,                     Royal Oak, MI  48067
 
 

 
	 
		 
			  		 
	 
	   info@evitp.org 
  
		 		 
	 			 
		 
		 
 


 
			 
			 

			
			 

			 
	 
		 Copyright © 2026 EVITP - ALL RIGHTS RESERVED -  TERMS OF USE  	 
	 
			 
 
			 

				 
		 
	 
		 
	 

   
   
 
{""prefetch"":[{""source"":""document"",""where"":{""and"":[{""href_matches"":""/*""},{""not"":{""href_matches"":[""/wp-*.php"",""/wp-admin/*"",""/wp-content/uploads/*"",""/wp-content/*"",""/wp-content/plugins/*"",""/wp-content/themes/siennawp/*"",""/*\\?(.+)""]}},{""not"":{""selector_matches"":""a[rel~=\""nofollow\""]""}},{""not"":{""selector_matches"":"".no-prefetch, .no-prefetch a""}}]},""eagerness"":""conservative""}]}
 
		  
		 
jQuery(document).ready(function($) {
SABAI.init($(""#sabai-content""));
});
   
  
  
  
  
  
  
 
wp.i18n.setLocaleData( { 'text direction\u0004ltr': [ 'ltr' ] } );
//# sourceURL=wp-i18n-js-after
 
  
 
var wpcf7 = {
    ""api"": {
        ""root"": ""https:\/\/evitp.org\/wp-json\/"",
        ""namespace"": ""contact-form-7\/v1""
    }
};
//# sourceURL=contact-form-7-js-before
 
  
 
var cf7appsHoneypotRefill = {""forceRefillOnInit"":""""};
//# sourceURL=cf7apps-honeypot-refill-js-extra
 
  
  
  
 
var mejsL10n = {""language"":""en"",""strings"":{""mejs.download-file"":""Download File"",""mejs.install-flash"":""You are using a browser that does not have Flash player enabled or installed. Please turn on your Flash player plugin or download the latest version from https://get.adobe.com/flashplayer/"",""mejs.fullscreen"":""Fullscreen"",""mejs.play"":""Play"",""mejs.pause"":""Pause"",""mejs.time-slider"":""Time Slider"",""mejs.time-help-text"":""Use Left/Right Arrow keys to advance one second, Up/Down arrows to advance ten seconds."",""mejs.live-broadcast"":""Live Broadcast"",""mejs.volume-help-text"":""Use Up/Down Arrow keys to increase or decrease volume."",""mejs.unmute"":""Unmute"",""mejs.mute"":""Mute"",""mejs.volume-slider"":""Volume Slider"",""mejs.video-player"":""Video Player"",""mejs.audio-player"":""Audio Player"",""mejs.captions-subtitles"":""Captions/Subtitles"",""mejs.captions-chapters"":""Chapters"",""mejs.none"":""None"",""mejs.afrikaans"":""Afrikaans"",""mejs.albanian"":""Albanian"",""mejs.arabic"":""Arabic"",""mejs.belarusian"":""Belarusian"",""mejs.bulgarian"":""Bulgarian"",""mejs.catalan"":""Catalan"",""mejs.chinese"":""Chinese"",""mejs.chinese-simplified"":""Chinese (Simplified)"",""mejs.chinese-traditional"":""Chinese (Traditional)"",""mejs.croatian"":""Croatian"",""mejs.czech"":""Czech"",""mejs.danish"":""Danish"",""mejs.dutch"":""Dutch"",""mejs.english"":""English"",""mejs.estonian"":""Estonian"",""mejs.filipino"":""Filipino"",""mejs.finnish"":""Finnish"",""mejs.french"":""French"",""mejs.galician"":""Galician"",""mejs.german"":""German"",""mejs.greek"":""Greek"",""mejs.haitian-creole"":""Haitian Creole"",""mejs.hebrew"":""Hebrew"",""mejs.hindi"":""Hindi"",""mejs.hungarian"":""Hungarian"",""mejs.icelandic"":""Icelandic"",""mejs.indonesian"":""Indonesian"",""mejs.irish"":""Irish"",""mejs.italian"":""Italian"",""mejs.japanese"":""Japanese"",""mejs.korean"":""Korean"",""mejs.latvian"":""Latvian"",""mejs.lithuanian"":""Lithuanian"",""mejs.macedonian"":""Macedonian"",""mejs.malay"":""Malay"",""mejs.maltese"":""Maltese"",""mejs.norwegian"":""Norwegian"",""mejs.persian"":""Persian"",""mejs.polish"":""Polish"",""mejs.portuguese"":""Portuguese"",""mejs.romanian"":""Romanian"",""mejs.russian"":""Russian"",""mejs.serbian"":""Serbian"",""mejs.slovak"":""Slovak"",""mejs.slovenian"":""Slovenian"",""mejs.spanish"":""Spanish"",""mejs.swahili"":""Swahili"",""mejs.swedish"":""Swedish"",""mejs.tagalog"":""Tagalog"",""mejs.thai"":""Thai"",""mejs.turkish"":""Turkish"",""mejs.ukrainian"":""Ukrainian"",""mejs.vietnamese"":""Vietnamese"",""mejs.welsh"":""Welsh"",""mejs.yiddish"":""Yiddish""}};
//# sourceURL=mediaelement-core-js-before
 
  
  
 
var _wpmejsSettings = {""pluginPath"":""/wp-includes/js/mediaelement/"",""classPrefix"":""mejs-"",""stretching"":""responsive"",""audioShortcodeLibrary"":""mediaelement"",""videoShortcodeLibrary"":""mediaelement""};
//# sourceURL=mediaelement-js-extra
 
  
  
  
  
  
  
  
  
  
  
  
  
  
  
  
  
  
  
  
  
  
  
  
  
  
  
  
  
  
  
  
  
 
var mkdfGlobalVars = {""vars"":{""mkdfAddForAdminBar"":0,""mkdfElementAppearAmount"":-150,""mkdfFinishedMessage"":""No more posts"",""mkdfMessage"":""Loading new posts..."",""mkdfTopBarHeight"":42,""mkdfStickyHeaderHeight"":0,""mkdfStickyHeaderTransparencyHeight"":60,""mkdfLogoAreaHeight"":0,""mkdfMenuAreaHeight"":131,""mkdfMobileHeaderHeight"":100}};
var mkdfPerPageVars = {""vars"":{""mkdfStickyScrollAmount"":450,""mkdfStickyScrollAmountFullScreen"":false,""mkdfHeaderTransparencyHeight"":0}};
//# sourceURL=sienna-mikado-modules-js-extra
 
  
  
  
 
var mkdfLike = {""ajaxurl"":""https://evitp.org/wp-admin/admin-ajax.php""};
//# sourceURL=sienna-mikado-like-js-extra
 
  
 
var GEM = {""thankyou"":""Thank you for signing up!"",""thankyou_suppressed"":""Thank you for signing up! Please check your email to confirm your subscription."",""oops"":""Oops! There was a problem. Please try again."",""email"":""Please enter a valid email address."",""required"":""%s is a required field.""};
//# sourceURL=gem-main-js-extra
 
  
  
  
 
var wpcf7_recaptcha = {
    ""sitekey"": ""6LdAGgcgAAAAALmBeuQZgYH6HTEI3KlPBF86-YxA"",
    ""actions"": {
        ""homepage"": ""homepage"",
        ""contactform"": ""contactform""
    }
};
//# sourceURL=wpcf7-recaptcha-js-before
 
  
 
{""baseUrl"":""https://s.w.org/images/core/emoji/17.0.2/72x72/"",""ext"":"".png"",""svgUrl"":""https://s.w.org/images/core/emoji/17.0.2/svg/"",""svgExt"":"".svg"",""source"":{""concatemoji"":""https://evitp.org/wp-includes/js/wp-emoji-release.min.js?ver=7.0.4""}}
 
 
/*! This file is auto-generated */
var e=""script#wp-emoji-settings"",t=document.querySelector(e);if(!(t instanceof HTMLScriptElement))throw new Error(""Element missing: ""+e);const r=JSON.parse(t.text),s=(window._wpemojiSettings=r,""wpEmojiSettingsSupports""),o=[""flag"",""emoji""];function i(e){try{var t={supportTests:e,timestamp:(new Date).valueOf()};sessionStorage.setItem(s,JSON.stringify(t))}catch(e){}}function c(e,t,n){e.clearRect(0,0,e.canvas.width,e.canvas.height),e.fillText(t,0,0);t=new Uint32Array(e.getImageData(0,0,e.canvas.width,e.canvas.height).data);e.clearRect(0,0,e.canvas.width,e.canvas.height),e.fillText(n,0,0);const r=new Uint32Array(e.getImageData(0,0,e.canvas.width,e.canvas.height).data);return t.every((e,t)=>e===r[t])}function p(e,t){e.clearRect(0,0,e.canvas.width,e.canvas.height),e.fillText(t,0,0);var n=e.getImageData(16,16,1,1);for(let e=0;e {o[e]=t(s,e,n,r)}),o}function a(e){var t=document.createElement(""script"");t.src=e,t.defer=!0,document.head.appendChild(t)}r.supports={everything:!0,everythingExceptFlag:!0},new Promise(t=>{let n=function(){try{var e=JSON.parse(sessionStorage.getItem(s));if(""object""==typeof e&&""number""==typeof e.timestamp&&(new Date).valueOf() {i(n=e.data),a.terminate(),t(n)})}catch(e){}i(n=f(o,u,c,p))}t(n)}).then(e=>{for(const n in e)r.supports[n]=e[n],r.supports.everything=r.supports.everything&&r.supports[n],""flag""!==n&&(r.supports.everythingExceptFlag=r.supports.everythingExceptFlag&&r.supports[n]);var t;r.supports.everythingExceptFlag=r.supports.everythingExceptFlag&&!r.supports.flag,r.supports.everything||((t=r.source||{}).concatemoji?a(t.concatemoji):t.wpemoji&&t.twemoji&&(a(t.twemoji),a(t.wpemoji)))});
//# sourceURL=https://evitp.org/wp-includes/js/wp-emoji-loader.min.js
 
 			  
			 
				/* @v3-js:start */
					let c4wp_onloadCallback = function() {
						for ( var i = 0; i   {
						if ( typeof jQuery !== 'undefined' && jQuery( 'input[id*=""c4wp-wc-checkout""]' ).length ) {
							var element = document.createElement('div');
							var html = '     ';
							element.innerHTML = html;
							jQuery( '[class*=""c4wp-wc-checkout""]' ).append( element );
							jQuery( '[class*=""c4wp-wc-checkout""]' ).find('*').off();
							c4wp_onloadCallback();
						}
					});
				/* @v3-js:end */",https://evitp.org/newhampshire/listing/the-state-group-industrial-usa-limited,evitp.org,2026-08-31
40.001054,-74.943414,new-jersey,"A & S Electric, Inc.","7026 Camden Avenue, Unit C, Pennsauken, NJ 08110, USA",8568163805,estimating@aselinc.com,,Michael Angelone,https://evitp.org/newjersey/listing/a-s-electric,evitp.org,2026-08-31
40.058324,-74.405661,new-jersey,"Aldridge Electric, Inc.","New Jersey, USA",18472761127,ggiovannetti@aldridgegroup.com,https://www.aldridgegroup.com/,Gina Giovannetti,https://evitp.org/newjersey/listing/aldridge-electric-inc,evitp.org,2026-08-31
40.891071,-73.84224,new-jersey,"All Balanced Electrical, Inc.","4021 De Reimer Avenue, The Bronx, NY, 10466, USA",8629268496,,https://allbalancedelectrical.com/,Imru Witter,https://evitp.org/newjersey/listing/all-balanced-electrical-inc,evitp.org,2026-08-31
40.40902,-74.1967,new-jersey,Allstate Sales Group,"670 North Beers Street, Holmdel, NJ, 07733, USA",7323355588,aabadie@asginc.us,https://www.asginc.us/,Anne Abadie,https://evitp.org/newjersey/listing/allstate-sales-group,evitp.org,2026-08-31
40.220582,-74.759717,new-jersey,"Armour & Sons Electric, Inc.","Trenton, NJ, USA",2159434400,rickjr@armourandsons.com,http://armourandsons.com/,,https://evitp.org/newjersey/listing/armour-sons-electric-inc,evitp.org,2026-08-31
40.058324,-74.405661,new-jersey,"Battaglia Electric, Inc.","New Jersey, USA",3023256100,jmeyer@battag.com,http://battag.com/,Jim Meyer,https://evitp.org/newjersey/listing/battaglia-electric-inc,evitp.org,2026-08-31
40.058324,-74.405661,new-jersey,"Billtier Electric, Inc.","New Jersey, USA",15854135850,mpfeffer@billitierelectric.com,https://billitierelectric.com/,Matthew Pfeffer,https://evitp.org/newjersey/listing/billtier-electric-inc,evitp.org,2026-08-31
40.235493,-74.730652,new-jersey,"Bryan Electric Co, Inc.","1800 East State St. Suite 150 C. Hamilton, New Jersey 08609",6093938325,EV@bryanelectricco.com,https://bryanelectricco.com/,,https://evitp.org/newjersey/listing/bryan-electric-co-inc,evitp.org,2026-08-31
40.058324,-74.405661,new-jersey,"Carr and Duff, Inc.","New Jersey, USA",2153282490,sduff@carduff.com,https://carrduff.com/,Shawn Duff,https://evitp.org/newjersey/listing/carr-and-duff-inc,evitp.org,2026-08-31
40.058324,-74.405661,new-jersey,"Charles H, MacDonald Electric, Inc.","New Jersey, USA",610993986627,amacdonald@macdonaldelec.com,https://macdonaldelec.com/,Andrew MacDonald,https://evitp.org/newjersey/listing/charles-h-macdonald-electric-inc,evitp.org,2026-08-31
39.971897,-75.021879,new-jersey,D.P. Murt Co. Inc.,"9028 Collins Ave, Pennsauken Township, NJ 08110, USA",8566653488,eng20@aol.com,http://dpmurt.com/,Dennis Murt,https://evitp.org/newjersey/listing/d-p-murt-co-inc,evitp.org,2026-08-31
40.736575,-74.128623,new-jersey,E-J Electric Installation Co.,"63 Blanchard Street, Newark, NJ, 07105, USA",9739693270,bbergan@ej1899.com,https://www.ej1899.com/,,https://evitp.org/newjersey/listing/e-j-electric-installation-co,evitp.org,2026-08-31
40.102298,-74.076069,new-jersey,Eco-Lectric Electrical Contractors,"651 Valley Road, Brielle, NJ 08730, USA",7329035070,ecolectric@gmail.com,,Todd lockwood,https://evitp.org/newjersey/listing/eco-lectric-electrical-contractors,evitp.org,2026-08-31
40.058324,-74.405661,new-jersey,"Emanon Electric, Inc.","New Jersey, USA",7188482891,faragona@emanonelectric.com,,Frank Argona,https://evitp.org/newjersey/listing/emanon-electric-inc,evitp.org,2026-08-31
40.873199,-74.319908,new-jersey,Encore Energy Group,"24 Commerce Rd. Suite M, Fairfield, NJ. USA, 07004",8666944533,jgumbaz@encoreenergygroup.com,https://encoreenergygroup.com/,Jason Gumbaz,https://evitp.org/newjersey/listing/encore-energy-group,evitp.org,2026-08-31
41.276376,-74.652018,new-jersey,"EV Charging Installers of America, LLC.","1214 Route 23, Bld B. Wantage, NJ, 07461, USA",9738971697,chris.lehr@evcharginginstallers.com,https://www.evcharginginstallers.com/,Chris Lehr,https://evitp.org/newjersey/listing/ev-charging-installers-of-america-llc,evitp.org,2026-08-31
39.972394,-74.683004,new-jersey,"GDS Electric, Inc.","P.O. Box 196, Pemberton, NJ 08068, USA",6093717433,melissa@gdselectricinc.com,http://gdselectricinc.com,Melissa Carson,https://evitp.org/newjersey/listing/gds-electric-inc,evitp.org,2026-08-31
40.908122,-74.679687,new-jersey,"Gilmore Electric, Inc.","Center Street, Landing, NJ, 07850USA",9739004119,tom@gilmorelectric.com,,Thomas Gilmore,https://evitp.org/newjersey/listing/gilmore-electric-inc,evitp.org,2026-08-31
40.873457,-74.081071,new-jersey,"HBC Company, Inc","131 Washington Street, Lodi, NJ,  07644 USA",9737774472,jhoogendoorn@hbcco.com,https://hbcco.com/,Jerry Hoogendoorn,https://evitp.org/newjersey/listing/hbc-company-inc,evitp.org,2026-08-31
40.058324,-74.405661,new-jersey,"Henkels & McCoy, Inc.","New Jersey, USA",2152837815,aisadore@henkels.com,https://www.henkels.com/,Alan Isadore,https://evitp.org/newjersey/listing/henkels-mccoy-inc,evitp.org,2026-08-31
40.058324,-74.405661,new-jersey,"I.B. Abel, Inc.","New Jersey, USA",17178942988,wboyer@ib-abel.com,https://www.ib-abel.com/,Waylon Boyer,https://evitp.org/newjersey/listing/i-b-abel-inc,evitp.org,2026-08-31
40.931051,-74.026102,new-jersey,MasTec Network Solutions,"140 Henley Ave, New Milford, NJ, 07646, USA",6094966517,keith.rodgers@mastec.com,https://www.mastec.com/,Keith Rodgers,https://evitp.org/newjersey/listing/total-power-electrical-solutions-inc,evitp.org,2026-08-31
40.533351,-74.548343,new-jersey,Matrix NAC,"1600 Cottontail Ln, Somerset, NJ 08873, USA",7323883540,stevenlamastra@matrixservicecompany.com,https://www.matrixnac.com/,Steven LaMastra,https://evitp.org/newjersey/listing/matrix-nac,evitp.org,2026-08-31
40.646478,-74.837097,new-jersey,Mt. Salem Electric,"24 Cokesbury Road suite 3, Lebanon, NJ, 08833 USA",9087356126,mike@mtsalemelectric.com,https://mtsalemelectric.com/,Michael Perentin,https://evitp.org/newjersey/listing/mt-salem-electric,evitp.org,2026-08-31
39.438536,-74.438621,new-jersey,New River Electrical Corporation,"New Jersey, USA",5405267501,ahartsfield@nrec.net,https://www.newriverelectrical.com/,Jonathan Aaron Hartsfield,https://evitp.org/newjersey/listing/new-river-electrical-corporation,evitp.org,2026-08-31
40.058324,-74.405661,new-jersey,Nucero Electric,"New Jersey, USA",16107680400,cfox@hbfrazer.com,https://www.hbfrazer.com/,Curt Fox,https://evitp.org/newjersey/listing/nucero-electric,evitp.org,2026-08-31
40.058324,-74.405661,new-jersey,Parsons Electric,"New Jersey, USA",17635287670,brad.bacon@pecsolutions.com,https://www.pecsolutions.com/,Brad Bacon,https://evitp.org/newjersey/listing/parsons-electric,evitp.org,2026-08-31
40.777992,-74.177673,new-jersey,"Power Electric Co., Inc.","22 N 7th St, Belleville, NJ 07109, USA",9734847300,theodore@powerelectric.net,https://powerelectric.net/,Theodore Diaco,https://evitp.org/newjersey/listing/power-electric-co-inc,evitp.org,2026-08-31
40.058324,-74.405661,new-jersey,"Robert B. Samuels, Inc.","New Jersey, USA",2126455150,tpagliaro@rbsamuels.com,http://rbsamuels.com/,Thomas Pagliaro,https://evitp.org/newjersey/listing/robert-b-samuels-inc,evitp.org,2026-08-31
40.735657,-74.172367,new-jersey,Sargent Electric Company,"Newark, NJ, USA",4123947600,info@sargentelectric.com,https://www.sargentelectric.com/,Tim Snyder,https://evitp.org/newjersey/listing/sargent-electric-company,evitp.org,2026-08-31
40.694226,-74.216607,new-jersey,"Solo Energy & Electrical, inc.","1282 North Broad Street, Hillside, NJ, 07205, USA",9177811946,jweisz@soloenergy.com,https://www.soloenergy.com/,Joel Weisz,https://evitp.org/newjersey/listing/solo-energy-and-electrical-inc,evitp.org,2026-08-31
40.058324,-74.405661,new-jersey,The State Group Industrial (USA) Limited,"New Jersey, USA",5869921572,Michigan.estimating@stategroup.com,https://stategroup.com/,Gino Robinet – Statewide Coordinator,https://evitp.org/newjersey/listing/the-state-group-industrial-usa-limited,evitp.org,2026-08-31
40.879316,-74.537655,new-jersey,"Tore Electric Co, Inc.","85 Franklin Road, Units 4A and 5A, Victory Gardens, Dover, NJ, 07801 USA",7329476280,pgasiorowski@toreelectric.com,http://www.toreelectric.com/,Pete Gasiorowski,https://evitp.org/newjersey/listing/tore-electric-co-inc,evitp.org,2026-08-31
40.058324,-74.405661,new-jersey,Treehouse,"New Jersey, USA",3235776795,hello@treehouse.pro,https://treehouse.pro/,Cullen Peters,https://evitp.org/newjersey/listing/treehouse,evitp.org,2026-08-31
40.058324,-74.405661,new-jersey,"Vasoli Electric Co., Inc.","New Jersey, USA",12158661000,svasoli@vasoli.com,http://vasoli.com/,"James Odgers              
             
                             
         
     
 
     
     
         
             
                  Redo search when map moved 
             
              
         
     
 
 
 
 
     
         Showing 35 results 
     
  
 
 											 

									 
					 
			 
   
    

	 
		 

			 
	 
		
		 
			 

				
 
			 
			 			  
	   


 
 

 
	   


The Electric Vehicle Infrastructure Training Program (EVITP) provides training and certification for electricians installing electric vehicle supply equipment (EVSE).  
		 		 
			 
					 
			 
			 			  
		 		 
			 
			  Contact Info 			  
	 
		 
			  		 
	 
	  Canada: www.NETCO.org 
 

 
	 
		 
			  		 
	 
	  United States:  EVITP, 811 N. Main Street, Suite 202,                     Royal Oak, MI  48067
 
 

 
	 
		 
			  		 
	 
	   info@evitp.org 
  
		 		 
	 			 
		 
		 
 


 
			 
			 

			
			 

			 
	 
		 Copyright © 2026 EVITP - ALL RIGHTS RESERVED -  TERMS OF USE  	 
	 
			 
 
			 

				 
		 
	 
		 
	 

   
   
 
{""prefetch"":[{""source"":""document"",""where"":{""and"":[{""href_matches"":""/*""},{""not"":{""href_matches"":[""/wp-*.php"",""/wp-admin/*"",""/wp-content/uploads/*"",""/wp-content/*"",""/wp-content/plugins/*"",""/wp-content/themes/siennawp/*"",""/*\\?(.+)""]}},{""not"":{""selector_matches"":""a[rel~=\""nofollow\""]""}},{""not"":{""selector_matches"":"".no-prefetch, .no-prefetch a""}}]},""eagerness"":""conservative""}]}
 
		  
		 
jQuery(document).ready(function($) {
SABAI.init($(""#sabai-content""));
});
   
  
  
  
  
  
  
 
wp.i18n.setLocaleData( { 'text direction\u0004ltr': [ 'ltr' ] } );
//# sourceURL=wp-i18n-js-after
 
  
 
var wpcf7 = {
    ""api"": {
        ""root"": ""https:\/\/evitp.org\/wp-json\/"",
        ""namespace"": ""contact-form-7\/v1""
    }
};
//# sourceURL=contact-form-7-js-before
 
  
 
var cf7appsHoneypotRefill = {""forceRefillOnInit"":""""};
//# sourceURL=cf7apps-honeypot-refill-js-extra
 
  
  
  
 
var mejsL10n = {""language"":""en"",""strings"":{""mejs.download-file"":""Download File"",""mejs.install-flash"":""You are using a browser that does not have Flash player enabled or installed. Please turn on your Flash player plugin or download the latest version from https://get.adobe.com/flashplayer/"",""mejs.fullscreen"":""Fullscreen"",""mejs.play"":""Play"",""mejs.pause"":""Pause"",""mejs.time-slider"":""Time Slider"",""mejs.time-help-text"":""Use Left/Right Arrow keys to advance one second, Up/Down arrows to advance ten seconds."",""mejs.live-broadcast"":""Live Broadcast"",""mejs.volume-help-text"":""Use Up/Down Arrow keys to increase or decrease volume."",""mejs.unmute"":""Unmute"",""mejs.mute"":""Mute"",""mejs.volume-slider"":""Volume Slider"",""mejs.video-player"":""Video Player"",""mejs.audio-player"":""Audio Player"",""mejs.captions-subtitles"":""Captions/Subtitles"",""mejs.captions-chapters"":""Chapters"",""mejs.none"":""None"",""mejs.afrikaans"":""Afrikaans"",""mejs.albanian"":""Albanian"",""mejs.arabic"":""Arabic"",""mejs.belarusian"":""Belarusian"",""mejs.bulgarian"":""Bulgarian"",""mejs.catalan"":""Catalan"",""mejs.chinese"":""Chinese"",""mejs.chinese-simplified"":""Chinese (Simplified)"",""mejs.chinese-traditional"":""Chinese (Traditional)"",""mejs.croatian"":""Croatian"",""mejs.czech"":""Czech"",""mejs.danish"":""Danish"",""mejs.dutch"":""Dutch"",""mejs.english"":""English"",""mejs.estonian"":""Estonian"",""mejs.filipino"":""Filipino"",""mejs.finnish"":""Finnish"",""mejs.french"":""French"",""mejs.galician"":""Galician"",""mejs.german"":""German"",""mejs.greek"":""Greek"",""mejs.haitian-creole"":""Haitian Creole"",""mejs.hebrew"":""Hebrew"",""mejs.hindi"":""Hindi"",""mejs.hungarian"":""Hungarian"",""mejs.icelandic"":""Icelandic"",""mejs.indonesian"":""Indonesian"",""mejs.irish"":""Irish"",""mejs.italian"":""Italian"",""mejs.japanese"":""Japanese"",""mejs.korean"":""Korean"",""mejs.latvian"":""Latvian"",""mejs.lithuanian"":""Lithuanian"",""mejs.macedonian"":""Macedonian"",""mejs.malay"":""Malay"",""mejs.maltese"":""Maltese"",""mejs.norwegian"":""Norwegian"",""mejs.persian"":""Persian"",""mejs.polish"":""Polish"",""mejs.portuguese"":""Portuguese"",""mejs.romanian"":""Romanian"",""mejs.russian"":""Russian"",""mejs.serbian"":""Serbian"",""mejs.slovak"":""Slovak"",""mejs.slovenian"":""Slovenian"",""mejs.spanish"":""Spanish"",""mejs.swahili"":""Swahili"",""mejs.swedish"":""Swedish"",""mejs.tagalog"":""Tagalog"",""mejs.thai"":""Thai"",""mejs.turkish"":""Turkish"",""mejs.ukrainian"":""Ukrainian"",""mejs.vietnamese"":""Vietnamese"",""mejs.welsh"":""Welsh"",""mejs.yiddish"":""Yiddish""}};
//# sourceURL=mediaelement-core-js-before
 
  
  
 
var _wpmejsSettings = {""pluginPath"":""/wp-includes/js/mediaelement/"",""classPrefix"":""mejs-"",""stretching"":""responsive"",""audioShortcodeLibrary"":""mediaelement"",""videoShortcodeLibrary"":""mediaelement""};
//# sourceURL=mediaelement-js-extra
 
  
  
  
  
  
  
  
  
  
  
  
  
  
  
  
  
  
  
  
  
  
  
  
  
  
  
  
  
  
  
  
  
 
var mkdfGlobalVars = {""vars"":{""mkdfAddForAdminBar"":0,""mkdfElementAppearAmount"":-150,""mkdfFinishedMessage"":""No more posts"",""mkdfMessage"":""Loading new posts..."",""mkdfTopBarHeight"":42,""mkdfStickyHeaderHeight"":0,""mkdfStickyHeaderTransparencyHeight"":60,""mkdfLogoAreaHeight"":0,""mkdfMenuAreaHeight"":131,""mkdfMobileHeaderHeight"":100}};
var mkdfPerPageVars = {""vars"":{""mkdfStickyScrollAmount"":450,""mkdfStickyScrollAmountFullScreen"":false,""mkdfHeaderTransparencyHeight"":0}};
//# sourceURL=sienna-mikado-modules-js-extra
 
  
  
  
 
var mkdfLike = {""ajaxurl"":""https://evitp.org/wp-admin/admin-ajax.php""};
//# sourceURL=sienna-mikado-like-js-extra
 
  
 
var GEM = {""thankyou"":""Thank you for signing up!"",""thankyou_suppressed"":""Thank you for signing up! Please check your email to confirm your subscription."",""oops"":""Oops! There was a problem. Please try again."",""email"":""Please enter a valid email address."",""required"":""%s is a required field.""};
//# sourceURL=gem-main-js-extra
 
  
  
  
 
var wpcf7_recaptcha = {
    ""sitekey"": ""6LdAGgcgAAAAALmBeuQZgYH6HTEI3KlPBF86-YxA"",
    ""actions"": {
        ""homepage"": ""homepage"",
        ""contactform"": ""contactform""
    }
};
//# sourceURL=wpcf7-recaptcha-js-before
 
  
 
{""baseUrl"":""https://s.w.org/images/core/emoji/17.0.2/72x72/"",""ext"":"".png"",""svgUrl"":""https://s.w.org/images/core/emoji/17.0.2/svg/"",""svgExt"":"".svg"",""source"":{""concatemoji"":""https://evitp.org/wp-includes/js/wp-emoji-release.min.js?ver=7.0.4""}}
 
 
/*! This file is auto-generated */
var e=""script#wp-emoji-settings"",t=document.querySelector(e);if(!(t instanceof HTMLScriptElement))throw new Error(""Element missing: ""+e);const r=JSON.parse(t.text),s=(window._wpemojiSettings=r,""wpEmojiSettingsSupports""),o=[""flag"",""emoji""];function i(e){try{var t={supportTests:e,timestamp:(new Date).valueOf()};sessionStorage.setItem(s,JSON.stringify(t))}catch(e){}}function c(e,t,n){e.clearRect(0,0,e.canvas.width,e.canvas.height),e.fillText(t,0,0);t=new Uint32Array(e.getImageData(0,0,e.canvas.width,e.canvas.height).data);e.clearRect(0,0,e.canvas.width,e.canvas.height),e.fillText(n,0,0);const r=new Uint32Array(e.getImageData(0,0,e.canvas.width,e.canvas.height).data);return t.every((e,t)=>e===r[t])}function p(e,t){e.clearRect(0,0,e.canvas.width,e.canvas.height),e.fillText(t,0,0);var n=e.getImageData(16,16,1,1);for(let e=0;e {o[e]=t(s,e,n,r)}),o}function a(e){var t=document.createElement(""script"");t.src=e,t.defer=!0,document.head.appendChild(t)}r.supports={everything:!0,everythingExceptFlag:!0},new Promise(t=>{let n=function(){try{var e=JSON.parse(sessionStorage.getItem(s));if(""object""==typeof e&&""number""==typeof e.timestamp&&(new Date).valueOf() {i(n=e.data),a.terminate(),t(n)})}catch(e){}i(n=f(o,u,c,p))}t(n)}).then(e=>{for(const n in e)r.supports[n]=e[n],r.supports.everything=r.supports.everything&&r.supports[n],""flag""!==n&&(r.supports.everythingExceptFlag=r.supports.everythingExceptFlag&&r.supports[n]);var t;r.supports.everythingExceptFlag=r.supports.everythingExceptFlag&&!r.supports.flag,r.supports.everything||((t=r.source||{}).concatemoji?a(t.concatemoji):t.wpemoji&&t.twemoji&&(a(t.twemoji),a(t.wpemoji)))});
//# sourceURL=https://evitp.org/wp-includes/js/wp-emoji-loader.min.js
 
 			  
			 
				/* @v3-js:start */
					let c4wp_onloadCallback = function() {
						for ( var i = 0; i   {
						if ( typeof jQuery !== 'undefined' && jQuery( 'input[id*=""c4wp-wc-checkout""]' ).length ) {
							var element = document.createElement('div');
							var html = '     ';
							element.innerHTML = html;
							jQuery( '[class*=""c4wp-wc-checkout""]' ).append( element );
							jQuery( '[class*=""c4wp-wc-checkout""]' ).find('*').off();
							c4wp_onloadCallback();
						}
					});
				/* @v3-js:end */",https://evitp.org/newjersey/listing/vasoli-electric-co-inc,evitp.org,2026-08-31
35.178231,-106.596588,new-mexico,"AB Powers, LLC","8300 Corona Loop Suite B. Albuquerque NM, 87113, USA",5055955840,shawn@abpowers.com,https://abpowers.com/,William Shawn Cates,https://evitp.org/newmexico/listing/ab-powers-llc,evitp.org,2026-08-31
34.51994,-105.87009,new-mexico,"Aldridge Electric, Inc.","New Mexico, USA",18472761127,ggiovannetti@aldridgegroup.com,https://www.aldridgegroup.com/,Gina Giovannetti,https://evitp.org/newmexico/listing/aldridge-electric-inc,evitp.org,2026-08-31
35.177784,-106.599153,new-mexico,D&H United Fueling Solutions,"4400 Anaheim Avenue Northeast, Albuquerque, NM, 87113, USA",8323855621,mmccabe@dh-united.com,https://dh-united.com/,Mike McCabe,https://evitp.org/newmexico/listing/dh-united-fueling-solutions,evitp.org,2026-08-31
34.51994,-105.87009,new-mexico,"Decker Electric, Inc.","New Mexico, USA",13162658182,bwilson@decker-electric.com,https://www.decker-electric.com/,Ben Wilson,https://evitp.org/newmexico/listing/decker-electric-inc,evitp.org,2026-08-31
34.51994,-105.87009,new-mexico,"Faith Enterprises, inc.","New Mexico, USA",7195788281,jconway@faithenterprises.com,http://www.faithenterprisesinc.com/,Justin Conway,https://evitp.org/newmexico/listing/faith-enterprises-inc,evitp.org,2026-08-31
34.51994,-105.87009,new-mexico,"Iteris, Inc.","New Mexico, USA",6576528288,bakerley@iteris.com,https://www.iteris.com/,Brian Akerley,https://evitp.org/newmexico/listing/iteris-inc,evitp.org,2026-08-31
32.305174,-106.797974,new-mexico,"Lynco Electric Company, Inc.","1520 W Amador Ave, Las Cruces, NM 88005, USA",5755239066,lyncoelecmark@comcast.net,https://www.lyncoelectric.net/,Mark W. Gill,https://evitp.org/newmexico/listing/lynco-electric-company-inc,evitp.org,2026-08-31
35.1,-106.52,new-mexico,"M Electric, Inc.","P.O. Box 11973, Albuquerque, NM 87192, USA",5058032199,miguel@melectric.com,,Miguel Silva,https://evitp.org/newmexico/listing/m-electric-inc,evitp.org,2026-08-31
35.097246,-106.639133,new-mexico,Miller Electric Company,"New Mexico, USA",9048324423,mhall@mecojax.com,https://www.mecojax.com/,Mike Hall,https://evitp.org/newmexico/listing/miller-electric-company,evitp.org,2026-08-31
35.178104,-106.748996,new-mexico,New River Electrical Corporation,"New Mexico, USA",5405267501,ahartsfield@nrec.net,https://www.newriverelectrical.com/,,https://evitp.org/newmexico/listing/new-river-electrical-corporation,evitp.org,2026-08-31
34.51994,-105.87009,new-mexico,Parsons Electric,"New Mexico, USA",17635287670,brad.bacon@pecsolutions.com,https://www.pecsolutions.com/,Brad Bacon,https://evitp.org/newmexico/listing/parsons-electric,evitp.org,2026-08-31
35.011808,-106.556736,new-mexico,SG Energy Solutions,"New Mexico, USA",3134028816,dsiders@sgenergysolutions.com,https://www.sg-solutionsgroup.com/,Desmen Siders,https://evitp.org/newmexico/listing/sg-energy-solutions,evitp.org,2026-08-31
34.51994,-105.87009,new-mexico,"Shambaugh and Sons, L.P.","New Mexico, USA",12604877846,dhearld@shambaugh.com,https://shambaugh.com/,Douglas M. Hearld,https://evitp.org/newmexico/listing/shambaugh-and-sons-l-p,evitp.org,2026-08-31
34.972731,-105.032364,new-mexico,The Oscar W. Larson Company,"New Mexico, USA",8103974757,justin.spence@owlservices.com,https://www.larsonco.com/,"Justin Spence              
             
                             
         
     
 
         
     
     
         
             
                  Redo search when map moved 
             
              
         
     
 
 
 
 
     
         Showing 14 results 
     
  
 
 											 

									 
					 
			 
   
    

	 
		 

			 
	 
		
		 
			 

				
 
			 
			 			  
	   


 
 

 
	   


The Electric Vehicle Infrastructure Training Program (EVITP) provides training and certification for electricians installing electric vehicle supply equipment (EVSE).  
		 		 
			 
					 
			 
			 			  
		 		 
			 
			  Contact Info 			  
	 
		 
			  		 
	 
	  Canada: www.NETCO.org 
 

 
	 
		 
			  		 
	 
	  United States:  EVITP, 811 N. Main Street, Suite 202,                     Royal Oak, MI  48067
 
 

 
	 
		 
			  		 
	 
	   info@evitp.org 
  
		 		 
	 			 
		 
		 
 


 
			 
			 

			
			 

			 
	 
		 Copyright © 2026 EVITP - ALL RIGHTS RESERVED -  TERMS OF USE  	 
	 
			 
 
			 

				 
		 
	 
		 
	 

   
   
 
{""prefetch"":[{""source"":""document"",""where"":{""and"":[{""href_matches"":""/*""},{""not"":{""href_matches"":[""/wp-*.php"",""/wp-admin/*"",""/wp-content/uploads/*"",""/wp-content/*"",""/wp-content/plugins/*"",""/wp-content/themes/siennawp/*"",""/*\\?(.+)""]}},{""not"":{""selector_matches"":""a[rel~=\""nofollow\""]""}},{""not"":{""selector_matches"":"".no-prefetch, .no-prefetch a""}}]},""eagerness"":""conservative""}]}
 
		  
		 
jQuery(document).ready(function($) {
SABAI.init($(""#sabai-content""));
});
   
  
  
  
  
  
  
 
wp.i18n.setLocaleData( { 'text direction\u0004ltr': [ 'ltr' ] } );
//# sourceURL=wp-i18n-js-after
 
  
 
var wpcf7 = {
    ""api"": {
        ""root"": ""https:\/\/evitp.org\/wp-json\/"",
        ""namespace"": ""contact-form-7\/v1""
    }
};
//# sourceURL=contact-form-7-js-before
 
  
 
var cf7appsHoneypotRefill = {""forceRefillOnInit"":""""};
//# sourceURL=cf7apps-honeypot-refill-js-extra
 
  
  
  
 
var mejsL10n = {""language"":""en"",""strings"":{""mejs.download-file"":""Download File"",""mejs.install-flash"":""You are using a browser that does not have Flash player enabled or installed. Please turn on your Flash player plugin or download the latest version from https://get.adobe.com/flashplayer/"",""mejs.fullscreen"":""Fullscreen"",""mejs.play"":""Play"",""mejs.pause"":""Pause"",""mejs.time-slider"":""Time Slider"",""mejs.time-help-text"":""Use Left/Right Arrow keys to advance one second, Up/Down arrows to advance ten seconds."",""mejs.live-broadcast"":""Live Broadcast"",""mejs.volume-help-text"":""Use Up/Down Arrow keys to increase or decrease volume."",""mejs.unmute"":""Unmute"",""mejs.mute"":""Mute"",""mejs.volume-slider"":""Volume Slider"",""mejs.video-player"":""Video Player"",""mejs.audio-player"":""Audio Player"",""mejs.captions-subtitles"":""Captions/Subtitles"",""mejs.captions-chapters"":""Chapters"",""mejs.none"":""None"",""mejs.afrikaans"":""Afrikaans"",""mejs.albanian"":""Albanian"",""mejs.arabic"":""Arabic"",""mejs.belarusian"":""Belarusian"",""mejs.bulgarian"":""Bulgarian"",""mejs.catalan"":""Catalan"",""mejs.chinese"":""Chinese"",""mejs.chinese-simplified"":""Chinese (Simplified)"",""mejs.chinese-traditional"":""Chinese (Traditional)"",""mejs.croatian"":""Croatian"",""mejs.czech"":""Czech"",""mejs.danish"":""Danish"",""mejs.dutch"":""Dutch"",""mejs.english"":""English"",""mejs.estonian"":""Estonian"",""mejs.filipino"":""Filipino"",""mejs.finnish"":""Finnish"",""mejs.french"":""French"",""mejs.galician"":""Galician"",""mejs.german"":""German"",""mejs.greek"":""Greek"",""mejs.haitian-creole"":""Haitian Creole"",""mejs.hebrew"":""Hebrew"",""mejs.hindi"":""Hindi"",""mejs.hungarian"":""Hungarian"",""mejs.icelandic"":""Icelandic"",""mejs.indonesian"":""Indonesian"",""mejs.irish"":""Irish"",""mejs.italian"":""Italian"",""mejs.japanese"":""Japanese"",""mejs.korean"":""Korean"",""mejs.latvian"":""Latvian"",""mejs.lithuanian"":""Lithuanian"",""mejs.macedonian"":""Macedonian"",""mejs.malay"":""Malay"",""mejs.maltese"":""Maltese"",""mejs.norwegian"":""Norwegian"",""mejs.persian"":""Persian"",""mejs.polish"":""Polish"",""mejs.portuguese"":""Portuguese"",""mejs.romanian"":""Romanian"",""mejs.russian"":""Russian"",""mejs.serbian"":""Serbian"",""mejs.slovak"":""Slovak"",""mejs.slovenian"":""Slovenian"",""mejs.spanish"":""Spanish"",""mejs.swahili"":""Swahili"",""mejs.swedish"":""Swedish"",""mejs.tagalog"":""Tagalog"",""mejs.thai"":""Thai"",""mejs.turkish"":""Turkish"",""mejs.ukrainian"":""Ukrainian"",""mejs.vietnamese"":""Vietnamese"",""mejs.welsh"":""Welsh"",""mejs.yiddish"":""Yiddish""}};
//# sourceURL=mediaelement-core-js-before
 
  
  
 
var _wpmejsSettings = {""pluginPath"":""/wp-includes/js/mediaelement/"",""classPrefix"":""mejs-"",""stretching"":""responsive"",""audioShortcodeLibrary"":""mediaelement"",""videoShortcodeLibrary"":""mediaelement""};
//# sourceURL=mediaelement-js-extra
 
  
  
  
  
  
  
  
  
  
  
  
  
  
  
  
  
  
  
  
  
  
  
  
  
  
  
  
  
  
  
  
  
 
var mkdfGlobalVars = {""vars"":{""mkdfAddForAdminBar"":0,""mkdfElementAppearAmount"":-150,""mkdfFinishedMessage"":""No more posts"",""mkdfMessage"":""Loading new posts..."",""mkdfTopBarHeight"":42,""mkdfStickyHeaderHeight"":0,""mkdfStickyHeaderTransparencyHeight"":60,""mkdfLogoAreaHeight"":0,""mkdfMenuAreaHeight"":131,""mkdfMobileHeaderHeight"":100}};
var mkdfPerPageVars = {""vars"":{""mkdfStickyScrollAmount"":450,""mkdfStickyScrollAmountFullScreen"":false,""mkdfHeaderTransparencyHeight"":0}};
//# sourceURL=sienna-mikado-modules-js-extra
 
  
  
  
 
var mkdfLike = {""ajaxurl"":""https://evitp.org/wp-admin/admin-ajax.php""};
//# sourceURL=sienna-mikado-like-js-extra
 
  
 
var GEM = {""thankyou"":""Thank you for signing up!"",""thankyou_suppressed"":""Thank you for signing up! Please check your email to confirm your subscription."",""oops"":""Oops! There was a problem. Please try again."",""email"":""Please enter a valid email address."",""required"":""%s is a required field.""};
//# sourceURL=gem-main-js-extra
 
  
  
  
 
var wpcf7_recaptcha = {
    ""sitekey"": ""6LdAGgcgAAAAALmBeuQZgYH6HTEI3KlPBF86-YxA"",
    ""actions"": {
        ""homepage"": ""homepage"",
        ""contactform"": ""contactform""
    }
};
//# sourceURL=wpcf7-recaptcha-js-before
 
  
 
{""baseUrl"":""https://s.w.org/images/core/emoji/17.0.2/72x72/"",""ext"":"".png"",""svgUrl"":""https://s.w.org/images/core/emoji/17.0.2/svg/"",""svgExt"":"".svg"",""source"":{""concatemoji"":""https://evitp.org/wp-includes/js/wp-emoji-release.min.js?ver=7.0.4""}}
 
 
/*! This file is auto-generated */
var e=""script#wp-emoji-settings"",t=document.querySelector(e);if(!(t instanceof HTMLScriptElement))throw new Error(""Element missing: ""+e);const r=JSON.parse(t.text),s=(window._wpemojiSettings=r,""wpEmojiSettingsSupports""),o=[""flag"",""emoji""];function i(e){try{var t={supportTests:e,timestamp:(new Date).valueOf()};sessionStorage.setItem(s,JSON.stringify(t))}catch(e){}}function c(e,t,n){e.clearRect(0,0,e.canvas.width,e.canvas.height),e.fillText(t,0,0);t=new Uint32Array(e.getImageData(0,0,e.canvas.width,e.canvas.height).data);e.clearRect(0,0,e.canvas.width,e.canvas.height),e.fillText(n,0,0);const r=new Uint32Array(e.getImageData(0,0,e.canvas.width,e.canvas.height).data);return t.every((e,t)=>e===r[t])}function p(e,t){e.clearRect(0,0,e.canvas.width,e.canvas.height),e.fillText(t,0,0);var n=e.getImageData(16,16,1,1);for(let e=0;e {o[e]=t(s,e,n,r)}),o}function a(e){var t=document.createElement(""script"");t.src=e,t.defer=!0,document.head.appendChild(t)}r.supports={everything:!0,everythingExceptFlag:!0},new Promise(t=>{let n=function(){try{var e=JSON.parse(sessionStorage.getItem(s));if(""object""==typeof e&&""number""==typeof e.timestamp&&(new Date).valueOf() {i(n=e.data),a.terminate(),t(n)})}catch(e){}i(n=f(o,u,c,p))}t(n)}).then(e=>{for(const n in e)r.supports[n]=e[n],r.supports.everything=r.supports.everything&&r.supports[n],""flag""!==n&&(r.supports.everythingExceptFlag=r.supports.everythingExceptFlag&&r.supports[n]);var t;r.supports.everythingExceptFlag=r.supports.everythingExceptFlag&&!r.supports.flag,r.supports.everything||((t=r.source||{}).concatemoji?a(t.concatemoji):t.wpemoji&&t.twemoji&&(a(t.twemoji),a(t.wpemoji)))});
//# sourceURL=https://evitp.org/wp-includes/js/wp-emoji-loader.min.js
 
 			  
			 
				/* @v3-js:start */
					let c4wp_onloadCallback = function() {
						for ( var i = 0; i   {
						if ( typeof jQuery !== 'undefined' && jQuery( 'input[id*=""c4wp-wc-checkout""]' ).length ) {
							var element = document.createElement('div');
							var html = '     ';
							element.innerHTML = html;
							jQuery( '[class*=""c4wp-wc-checkout""]' ).append( element );
							jQuery( '[class*=""c4wp-wc-checkout""]' ).find('*').off();
							c4wp_onloadCallback();
						}
					});
				/* @v3-js:end */",https://evitp.org/newmexico/listing/the-oscar-w-larson-company,evitp.org,2026-08-31
42.110203,-79.216521,new-york,Ahlstrom Schaffer Electric Corp.,"46 Hopkins Avenue, Jamestown, NY, 14701 USA",7166656510,dpainter@as-elec.com,https://www.as-elec.com/,David Painter,https://evitp.org/newyork/listing/ahlstrom-schaffer-electric-corp,evitp.org,2026-08-31
41.429184,-74.163244,new-york,AJP Electrical Corp.,"PO Box 178 Washingtonville, New York, 10992, USA",2012324797,lacy@ajpelectricalcorp.com,https://ajpelectricalcorp.com/,Lacy Gilkeson,https://evitp.org/newyork/listing/ajp-electrical-corp,evitp.org,2026-08-31
40.712775,-74.005973,new-york,"Aldridge Electric, Inc.","New York City, NY, USA",18472761127,ggiovannetti@aldridgegroup.com,https://www.aldridgegroup.com/,,https://evitp.org/newyork/listing/aldridge-electric-inc,evitp.org,2026-08-31
40.54846,-74.231089,new-york,"All Balanced Electrical, Inc.","516 Industrial Loop, Staten Island, NY, 10309, USA",6469383833,allbalancedelectric@gmail.com,https://allbalancedelectrical.com/,Imru Witter,https://evitp.org/newyork/listing/all-balanced-electrical-inc,evitp.org,2026-08-31
42.110883,-75.943077,new-york,"All Phase Electric & Maintenance, Inc.","4 Emma Street, Binghamton, NY, 13905 USA",6077976535,scott.n@allphaseelec.com,http://www.allphaseelec.com/,Scott Nejeschleba,https://evitp.org/newyork/listing/all-phase-electric-maintenance-inc,evitp.org,2026-08-31
40.784403,-73.845211,new-york,"ATJ Electrical, Inc.","122-13 15th Avenue, College Point, NY, 11356, USA",7183210117,jkhait@atjelectrical.com,,Jenny Khait,https://evitp.org/newyork/listing/atj-electrical-inc,evitp.org,2026-08-31
40.664451,-73.78353,new-york,"Aurora Electric, Inc.","154-09 146th Avenue, Jamaica, NY 11434, USA",9178226347,jfein@auroraelewctric.com,https://www.auroraelectric.org/,Josh L. Fein,https://evitp.org/newyork/listing/aurora-electric-inc,evitp.org,2026-08-31
40.706738,-73.396565,new-york,B & G Electrical Contractors,"7100 New Horizons Boulevard, North Amityville, NY 11701, USA",6314847807,ggraz@bgelectrical.com,,Gino Graziadei,https://evitp.org/newyork/listing/b-g-electrical-contractors,evitp.org,2026-08-31
40.984878,-72.615117,new-york,B & G Electrical Contractors,"Suffolk County, NY, USA",6314847807,ggraz@bgelectrical.com,,Gino Graziadei,https://evitp.org/newyork/listing/b-g-electrical-contractors-1,evitp.org,2026-08-31
40.706213,-73.61874,new-york,B & G Electrical Contractors,"Town of Hempstead, NY, USA",6314847807,ggraz@bgelectrical.com,,Gino Graziadei,https://evitp.org/newyork/listing/b-g-electrical-contractors-2,evitp.org,2026-08-31
40.723713,-73.704853,new-york,B & G Electrical Contractors,"Floral Park, NY, USA",16314847807,ggraz@bgelectrical.com,,Gino Graziadei,https://evitp.org/newyork/listing/b-g-electrical-contractors-3,evitp.org,2026-08-31
40.657602,-73.583184,new-york,B & G Electrical Contractors,"Freeport, NY, USA",16314847807,ggraz@bgelectrical.com,,Gino Graziadei,https://evitp.org/newyork/listing/b-g-electrical-contractors-4,evitp.org,2026-08-31
40.74929,-73.907887,new-york,B & G Electrical Contractors,"38-22 55th Street, Woodside, NY 11377, USA",16314847807,ggraz@bgelectrical.com,,Gino Graziadei,https://evitp.org/newyork/listing/b-g-electrical-contractors-5,evitp.org,2026-08-31
42.441389,-79.321514,new-york,BECC Electric,"69 Orchard Street, Fredonia, NY, 14063, USA",7163637602,slaska@beccelectric.com,https://www.beccelectric.com/,Steven Laska,https://evitp.org/newyork/listing/becc-electric,evitp.org,2026-08-31
43.131136,-77.6567,new-york,"Billitier Electric, Inc.","760 Brooks Ave, Rochester, NY, 14619 USA      95 Niagara Square, Buffalo, NY, 14202, USA      349-399 U.S. 11, Syracuse NY, 13202, USA      4 Main Street, Cortland NY, 13045, USA",5854135850,mpfeffer@billitierelectric.com,https://billitierelectric.com/,Matthew Pfeffer,https://evitp.org/newyork/listing/billitier-electric-inc,evitp.org,2026-08-31
42.107249,-75.985374,new-york,"Blanding Electric, Inc.","429 Commerce Road, Vestal, NY, 13850, USA",6077293545,mlabosky@blandingelectric.com,https://blandingelectricinc.com/,Matthew Labosky,https://evitp.org/newyork/listing/blanding-electric-inc,evitp.org,2026-08-31
42.09639,-76.807896,new-york,"Bouille Electric, Inc.","154 East 5th Street, Elmira, NY 14901, USA",6077346106,mike.sincock@bouilleelectric.com,http://bouilleelectric.com/,,https://evitp.org/newyork/listing/bouille-electric-inc,evitp.org,2026-08-31
43.104842,-76.084467,new-york,"Bruce Electric, Inc.","Corporate Circle, East Syracuse, NY, 13057, USA",3154321835,dennis@bruceelectricricity.com,http://bruceelectricity.com/,Dennis Van Slyke,https://evitp.org/newyork/listing/bruce-electric-inc,evitp.org,2026-08-31
42.931734,-76.566053,new-york,"Bruce Electric, Inc.","Auburn, NY, USA",3154321835,dennis@bruceelectricricity.com,http://bruceelectricity.com/,Dennis Van Slyke,https://evitp.org/newyork/listing/bruce-electric-inc-1,evitp.org,2026-08-31
43.455346,-76.510497,new-york,"Bruce Electric, Inc.","Oswego, NY, USA",3154321835,dennis@bruceelectricricity.com,http://bruceelectricity.com/,Dennis Van Slyke,https://evitp.org/newyork/listing/bruce-electric-inc-2,evitp.org,2026-08-31
43.100903,-75.232664,new-york,"Bruce Electric, Inc.","Utica, NY, USA",3154321835,dennis@bruceelectricricity.com,http://bruceelectricity.com/,Dennis Van Slyke,https://evitp.org/newyork/listing/bruce-electric-inc-3,evitp.org,2026-08-31
42.098687,-75.917974,new-york,"Cellectric Electric, LLC - Binghamton","Binghamton, NY, USA",13153743017,,http://cellectric.net/,Stephen A. Palladino,https://evitp.org/newyork/listing/cellectric-electric-llc-binghamton,evitp.org,2026-08-31
43.049716,-76.065027,new-york,"Cellectric Electric, LLC - Syracuse","6615 Towpath Road, East Syracuse, NY, 13057 USA",3153743017,,http://cellectric.net/,,https://evitp.org/newyork/listing/cellectric-electric-llc,evitp.org,2026-08-31
42.979007,-78.792272,new-york,"Cellectric Electric, LLC. - Amherst","Amherst, NY, USA",3153743017,,http://cellectric.net/,Stephen A. Palladino,https://evitp.org/newyork/listing/cellectric-electric-llc-amherst,evitp.org,2026-08-31
43.455346,-76.510497,new-york,"Cellectric Electric, LLC. - Oswego","Oswego, NY, USA",3153743017,,http://cellectric.net/,Stephen A. Palladino,https://evitp.org/newyork/listing/cellectric-electric-llc-oswego,evitp.org,2026-08-31
41.435107,-73.794852,new-york,"Cellectric Electric, LLC. - Putnam County","Putnam County, NY, USA",3153743017,,http://cellectric.net/,Stephen A. Palladino,https://evitp.org/newyork/listing/cellectric-electric-llc-putnam-county,evitp.org,2026-08-31
43.156578,-77.608847,new-york,"Cellectric Electric, LLC. - Rochester","Rochester, NY, USA",3153743017,,http://cellectric.net/,Stephen A. Palladino,https://evitp.org/newyork/listing/cellectric-electric-llc-rochester,evitp.org,2026-08-31
41.122019,-73.794852,new-york,"Cellectric Electric, LLC. - Westchester","Westchester County, NY, USA",3153743017,,http://cellectric.net/,Stephen A. Palladino,https://evitp.org/newyork/listing/cellectric-electric-llc-westchester,evitp.org,2026-08-31
40.695723,-73.325163,new-york,"Charles J. Hoyler Electrical Contractor, Inc.","122 W. Main Street, Suite 201, Babylon, NY 11702, USA",6316692619,jamie@hoylerelectric.com,https://hoylerelectric.com/,Jamie Hoyler,https://evitp.org/newyork/listing/charles-j-hoyler-electrical-contractor-inc,evitp.org,2026-08-31
40.654615,-73.559413,new-york,"Charles J. Hoyler Electrical Contractor, Inc.","Nassau County, NY, USA",6316692619,jamie@hoylerelectric.com,https://hoylerelectric.com/,Jamie Hoyler,https://evitp.org/newyork/listing/charles-j-hoyler-electrical-contractor-inc-1,evitp.org,2026-08-31
40.789142,-73.134961,new-york,"Charles J. Hoyler Electrical Contractor, inc.","Long Island, NY",16316692619,jamie@hoylerelectric.com,https://hoylerelectric.com/,Jamie Hoyler,https://evitp.org/newyork/listing/charles-j-hoyler-electrical-contractor-inc-2,evitp.org,2026-08-31
41.052227,-73.821275,new-york,"D&M Electrical Contracting, Inc.","90 South Central Avenue, Elmsford, NY, 10523, USA      Westchester County, NY      Orange County, NY      Syracuse, NY      Town of Tonowanda, NY",9143452102,kgeberth@dmeelectrical.com,https://dmelectrical.com/,Kevin Geberth,https://evitp.org/newyork/listing/dm-contracting-inc,evitp.org,2026-08-31
41.207444,-73.997309,new-york,"De Leonardis Electric, Inc.","P.O. Box Box 108, Garnerville, NY.  10923      Orange County, NY      Rockland County, NY      Sullivan County, NY",8459471572,ahohnson@deleonardiselectric.com,https://www.deleonardiselectric.com/,,https://evitp.org/newyork/listing/deleonardis-electric-inc,evitp.org,2026-08-31
40.675059,-74.248895,new-york,"Decker Electric, Inc.","New York, USA",13162658182,bwilson@decker-electric.com,https://www.decker-electric.com/,,https://evitp.org/newyork/listing/decker-electric-inc,evitp.org,2026-08-31
42.817187,-73.633776,new-york,"DLC Electric, LLC.","479 State Route 40, Troy, NY, 12182 USA",5183268130,shansen@dlcelectric.net,https://www.dlcelectric.net/,Shelly Hansen,https://evitp.org/newyork/listing/dlc-electric-llc,evitp.org,2026-08-31
40.744754,-73.591718,new-york,E-J Electric Installation Co.,"900 Merchants Concourse, Suite 106, Westbury, NY, 11101,  USA",7187869400,ejelectric@ej1899.com,https://www.ej1899.com/,,https://evitp.org/newyork/listing/e-j-electric-installation-co-1,evitp.org,2026-08-31
41.543316,-74.060948,new-york,E-J Electric Installation Co.,"5 Jeanne Drive, Newburgh, NY 12550, USA",8452344280,ejhudsonvalley@ej1899.com,https://www.ej1899.com/,,https://evitp.org/newyork/listing/e-j-electric-installation-co-2,evitp.org,2026-08-31
43.096306,-76.088071,new-york,E-J Electric installation Co.,"6601 Joy Road, East Syracuse, NY, 13057 USA",9174406407,wburns@ej1899.com,https://www.ej1899.com/,William Burns,https://evitp.org/newyork/listing/e-j-electric-installation-co,evitp.org,2026-08-31
42.163634,-75.895534,new-york,EES Energy Services,"101 Castle Creek Road, Binghamton, NY, 13901, USA",6072177206,ehuff@eesenergyservices.com,http://ees.services/,Eric Huff,https://evitp.org/newyork/listing/ees-energy-services,evitp.org,2026-08-31
43.156436,-77.662858,new-york,EES Energy Services Corp.,"325 Mount Read Boulevard, Rochester, NY, 14611, USA",5857296761,sramos@eesenergyservices.com,http://ees.services/,Sergio Ramos Benitez,https://evitp.org/newyork/listing/ees-energy-services-corp,evitp.org,2026-08-31
40.803945,-73.038821,new-york,Eldor Contracting Corporation,"30 Corporate Drive, Holtsville, NY, 11742, USA",6312180010,kfeldmann@eldor.com,https://www.eldor.com/,Kurt Feldmann,https://evitp.org/newyork/listing/eldor-contracting-corporation,evitp.org,2026-08-31
40.782769,-73.839247,new-york,Eldor Electric,"18-15 129th Street, College Point, NY, 11356, USA",7188831030,kfeldmann@eldor.com,https://www.eldor.com/,Kurt Feldmann,https://evitp.org/newyork/listing/eldor-electric,evitp.org,2026-08-31
42.864369,-78.843263,new-york,"Electrical Service & Systems Installation, Inc.","35 Lee Street, Buffalo, New York, 14210, USA",7168268707,ehoward@essibuf.com,https://essibuf.com/,Edward Howard or Michael Krawiec,https://evitp.org/newyork/listing/electrical-service-systems-installation-inc,evitp.org,2026-08-31
40.752401,-73.991336,new-york,"Emanon Electric, Inc.","237 West 35th Street, New York, NY, 10001, USA",7188482891,faragona@emanonelectric.com,,Frank Aragona,https://evitp.org/newyork/listing/emanon-electric-inc,evitp.org,2026-08-31
43.455346,-76.510497,new-york,"Engler Electric, Inc. - Oswego","Oswego, NY, USA",13157240135,jengler@engler-electric.com,https://engler-electric.com/,,https://evitp.org/newyork/listing/engler-electric-inc-oswego,evitp.org,2026-08-31
43.048122,-76.147424,new-york,"Engler Electric, Inc. - Syracuse","Syracuse, NY, USA",3157240135,jengler@engler-electric.com,https://engler-electric.com/,Rocco Padula,https://evitp.org/newyork/listing/engler-electric-inc-syracuse,evitp.org,2026-08-31
43.107021,-75.245229,new-york,"Engler Electric, Inc. - Utica","1020 Erie Street, Utica, NY, 13502, USA",3157240135,jengler@engler-electric.com,https://engler-electric.com/,Rocco Padula,https://evitp.org/newyork/listing/engler-electric-inc,evitp.org,2026-08-31
42.101765,-75.906578,new-york,"EQ Electric, Inc.","P.O. Box 1841, Binghamton, NY 13902",6077221466,boll@eqelectric.com,https://www.eqelectric.com/,William G. Emmons,https://evitp.org/newyork/listing/eq-electric-inc,evitp.org,2026-08-31
40.712775,-74.005973,new-york,"EV Charging Installers of America, LLC","New York, USA",9738971697,chris.lehr@evcharginginstallers.com,https://www.evcharginginstallers.com/,Chris Lehr,https://evitp.org/newyork/listing/ev-charging-installers-of-america-llc,evitp.org,2026-08-31
42.992555,-78.894053,new-york,"Frey Electric Construction Co., Inc.","100 Pearce Avenue, Tonawanda, NY,  14150USA",7168741710,dzarbo@frey-electric.com,https://frey-electric.com/,Deborah Zarbo,https://evitp.org/newyork/listing/frey-electric,evitp.org,2026-08-31
42.979007,-78.792272,new-york,"Frey Electric Construction Co., Inc.","Amherst, NY, USA",7168741710,dzarbo@frey-electric.com,https://frey-electric.com/,Deborah Zarbo,https://evitp.org/newyork/listing/frey-electric-construction-co-inc,evitp.org,2026-08-31
42.886447,-78.878369,new-york,"Frey Electric Construction Co., Inc.","Buffalo, NY, USA",17168741710,dzarbo@frey-electric.com,https://frey-electric.com/,Deborah Zarbo,https://evitp.org/newyork/listing/frey-electric-construction-co-inc-1,evitp.org,2026-08-31
42.440058,-79.331711,new-york,"Frey Electric Construction Co., Inc.","Fredonia, NY, USA",17168741710,dzarbo@frey-electric.com,https://frey-electric.com/,Deborah Zarbo,https://evitp.org/newyork/listing/frey-electric-construction-co-inc-2,evitp.org,2026-08-31
43.021628,-78.96573,new-york,"Frey Electric Construction Co., Inc.","Grand Island, NY, USA",17168741710,dzarbo@frey-electric.com,https://frey-electric.com/,Deborah Zarbo,https://evitp.org/newyork/listing/frey-electric-construction-co-inc-3,evitp.org,2026-08-31
42.965891,-78.870036,new-york,"Frey Electric Construction Co., Inc.","Kenmore, NY, USA",17168741710,dzarbo@frey-electric.com,https://frey-electric.com/,Deborah Zarbo,https://evitp.org/newyork/listing/frey-electric-construction-co-inc-4,evitp.org,2026-08-31
42.825614,-78.823366,new-york,"Frey Electric Construction Co., Inc.","Lackawanna, NY, USA",17168741710,dzarbo@frey-electric.com,https://frey-electric.com/,Deborah Zarbo,https://evitp.org/newyork/listing/frey-electric-construction-co-inc-5,evitp.org,2026-08-31
43.096214,-79.037739,new-york,"Frey Electric Construction Co., Inc.","Niagara Falls, NY, USA",17168741710,dzarbo@frey-electric.com,https://frey-electric.com/,Deborah Zarbo,https://evitp.org/newyork/listing/frey-electric-construction-co-inc-6,evitp.org,2026-08-31
42.767532,-78.744092,new-york,"Frey Electric Construction Co., Inc.","Orchard Park, NY, USA",17168741710,dzarbo@frey-electric.com,https://frey-electric.com/,Deborah Zarbo,https://evitp.org/newyork/listing/frey-electric-construction-co-inc-7,evitp.org,2026-08-31
42.988685,-78.872397,new-york,"Frey Electric Construction Co., Inc.","Town of Tonawanda, NY, USA",17168741710,dzarbo@frey-electric.com,https://frey-electric.com/,Deborah Zarbo,https://evitp.org/newyork/listing/frey-electric-construction-co-inc-8,evitp.org,2026-08-31
43.156578,-77.608847,new-york,"Frey Electric Construction Co., Inc.","Rochester, NY, USA",17168741710,dzarbo@frey-electric.com,https://frey-electric.com/,,https://evitp.org/newyork/listing/frey-electric-construction-co-inc-9,evitp.org,2026-08-31
42.835898,-78.75389,new-york,"Frey Electric Construction Co., Inc.","West Seneca, NY, USA",17168741710,dzarbo@frey-electric.com,https://frey-electric.com/,Deborah Zarbo,https://evitp.org/newyork/listing/frey-electric-construction-co-inc-10,evitp.org,2026-08-31
43.085107,-78.872234,new-york,"Frey Electric Construction Co., Inc.","Wheatfield, NY, USA",17168741710,dzarbo@frey-electric.com,https://frey-electric.com/,,https://evitp.org/newyork/listing/frey-electric-construction-co-inc-11,evitp.org,2026-08-31
42.479502,-79.333932,new-york,"Frey Electric Construction Co., Inc.","Dunkirk, NY, USA",17168741710,dzarbo@frey-electric.com,https://frey-electric.com/,,https://evitp.org/newyork/listing/frey-electric-construction-co-inc-12,evitp.org,2026-08-31
40.813048,-72.942273,new-york,"Gordon L. Seaman, Inc.","29 Old Dock Road, Yaphank, NY, 11980 USA",6315678000,alyke@gordonlseaman.com,https://gordonlseaman.com/,Andrew Lyce,https://evitp.org/newyork/listing/gordon-l-seaman-inc,evitp.org,2026-08-31
43.636751,-76.185515,new-york,"Graf Electric, llc.","61 Lake Shore Road, Pulaski, NY, 13142, USA",3153879988,admin@grafelectric.net,https://www.grafelectric.net/,Carl Graf,https://evitp.org/newyork/listing/graf-electric-llc,evitp.org,2026-08-31
42.669576,-73.769252,new-york,Hewitt Young Electric,"520 Livingston Avenue, Albany, NY, 12206, USA",15852884480,info@hewittyoung.com,http://www.hewittyoung.com/,Mark Spall,https://evitp.org/newyork/listing/hewitt-young-electric,evitp.org,2026-08-31
43.155109,-77.642443,new-york,"Hewitt Young Electric, LLC.","645 Maple Street, Rochester, NY, 14611, USA",5852884480,info@hewittyoung.com,http://www.hewittyoung.com/,Mark Spall,https://evitp.org/newyork/listing/hewitt-young-electric-llc,evitp.org,2026-08-31
42.835898,-78.75389,new-york,"Hewitt Young Electric, LLC.","West Seneca, NY, USA",5852884480,info@hewittyoung.com,http://www.hewittyoung.com/,Mark Spall,https://evitp.org/newyork/listing/hewitt-young-electric-llc-1,evitp.org,2026-08-31
42.979007,-78.792272,new-york,"Hewitt Young Electric, LLC.","Amherst, NY, USA",15852884480,info@hewittyoung.com,http://www.hewittyoung.com/,Mark Spall,https://evitp.org/newyork/listing/hewitt-young-electric-llc-2,evitp.org,2026-08-31
42.098687,-75.917974,new-york,"Hewitt Young Electric, LLC.","Binghamton, NY, USA",15852884480,info@hewittyoung.com,http://www.hewittyoung.com/,Mark Spall,https://evitp.org/newyork/listing/hewitt-young-electric-llc-3,evitp.org,2026-08-31
43.048122,-76.147424,new-york,"Hewitt Young Electric, LLC.","Syracuse, NY, USA",15852884480,info@hewittyoung.com,http://www.hewittyoung.com/,Mark Spall,https://evitp.org/newyork/listing/hewitt-young-electric-llc-4,evitp.org,2026-08-31
40.777118,-73.101489,new-york,"Hinck Electrical Contractor, Inc.","75 Orville Drive, Bohemia, NY, 11716, USA",6312777700,john.buck@hinckelectric.com,https://hinckelectric.com/,John G Buck,https://evitp.org/newyork/listing/hinck-electrical-contractor-inc,evitp.org,2026-08-31
43.094206,-76.084468,new-york,"Huen Electric, Inc.","6695 Old Collamer Road, East Syracuse, NY, 13057, USA      2118 Beechgrove Place, Utica New York, 13501,USA      330 Water Street, Binghamton New York, 13901, USA",3154325060,jdesocio@huenelectric.com,https://www.huenelectric.com/,Jeff DeSocio,https://evitp.org/newyork/listing/huen-electric-inc,evitp.org,2026-08-31
40.659415,-74.004489,new-york,"IDL Communications & Electric, Inc.","850  3rd Avenue, Suite 408, Brooklyn, NY. 11232, USA",7184429099,pvieiro@idlelectric.com,https://idlelectric.com/,Paul Vieiro,https://evitp.org/newyork/listing/idl-communications-electric-inc,evitp.org,2026-08-31
42.883054,-78.827182,new-york,Industrial Power & Lighting Corp.,"60 Depot Street, Buffalo, NY, 14206 USA",7168541811,gschlemmer@iplcorp.com,https://iplcorp.com/,,https://evitp.org/newyork/listing/industrial-power-lighting-corp,evitp.org,2026-08-31
43.094334,-76.081296,new-york,"J.B. Brighton Electric Co., Inc.","5 Adler Drive, East Syracuse, NY, 13057 USA",3154711490,jbbrighton1979@gmail.com,https://jbbrightonelectric.business.site/,Jan Jastrzab,https://evitp.org/newyork/listing/j-b-brighton-electric-co-inc,evitp.org,2026-08-31
40.662652,-73.926697,new-york,James Lewis Electrical Corp,"995 Rutland Road, Brooklyn, NY, 11212, USA",3473653166700,,https://www.jameslewiselectrical.com/,Ozni Lewis,https://evitp.org/newyork/listing/james-lewis-electrical-corp,evitp.org,2026-08-31
42.429134,-76.42743,new-york,"John Mills Electric, Inc.","19 Quarry Road, Ithaca, NY, 14850, USA",6077344111,gdenmark@johnmillselectric.com,http://www.johnmillselectric.com/,Dusty Rector,https://evitp.org/newyork/listing/john-mills-electric-inc,evitp.org,2026-08-31
42.134439,-76.818981,new-york,"John Mills Electric, LLC.","1836 Grand Central Avenue, Elmira Heights, NY, 14903, USA",6073830380,drector@johnmillselectric.com,http://www.johnmillselectric.com/,Dusty Rector,https://evitp.org/newyork/listing/john-mille-electric-ic,evitp.org,2026-08-31
42.692044,-73.722456,new-york,"Kasselman Electric Co., Inc.","279 Broadway, Menands, NY 12204, USA",5184654795113,tjh@kasselmanelectric.com,https://kasselmanelectric.com/,"Thomas J, Henchey",https://evitp.org/newyork/listing/kasselman-electric-co-inc,evitp.org,2026-08-31
40.659426,-74.004521,new-york,"Kleinberg Electric, Inc.","850 Third Avenue, Suite 405, Brooklyn, NY. 11232, USA",2122061140122,paul@kleinbergelectric.net,http://kleinbergelectric.net/,Paul Kleinberg,https://evitp.org/newyork/listing/kleinberg-electric-inc,evitp.org,2026-08-31
42.957478,-76.564492,new-york,"Knapp Electric, Inc.","7012 Potter Rd, Auburn, NY, 13021 USA",3152550398,rknapp@knappelectric.com,http://knappelectric.com/,,https://evitp.org/newyork/listing/knapp-electric-inc,evitp.org,2026-08-31
43.06258,-77.244893,new-york,"Kyle R Lawrence Electric, Inc.","101 Hyde Parkway, Palmyra, NY, 14522, USA",3155024181,kylerlelect@rochester.rr.com,,Kyle R. Lawrence,https://evitp.org/newyork/listing/kyle-r-lawrence-electric-inc,evitp.org,2026-08-31
42.61975,-73.737397,new-york,Martin Electric,"164 Columbia Turnpike, Rensselaer, NY, 12144, USA",5184777577127,kemdrah@martinelectric.com,https://www.martinelectric.com/,Kendra hart,https://evitp.org/newyork/listing/martin-electric,evitp.org,2026-08-31
41.056984,-74.021451,new-york,"Mehl Electric Co., Inc.","74 South Main Street, Pearl River, NY, 10965 USA",8457702871,joec@mehlnet.com,http://www.mehlnet.com/index.htm,Joe Caporale,https://evitp.org/newyork/listing/mehl-electric-co-inc,evitp.org,2026-08-31
40.598922,-73.973246,new-york,"Mid City Electric, Corp.","2190 McDonald Avenue, Brooklyn, NY, 11223, USA",7183332588,,,,https://evitp.org/newyork/listing/mid-city-electric-corp,evitp.org,2026-08-31
43.054783,-76.173325,new-york,"Myriad Constructions, Inc.","414 Liberty Street, Syracuse, NY 13204, USA",3154767616,scott.jaworski@myriadconstruction.com,,,https://evitp.org/newyork/listing/myriad-constructions-inc,evitp.org,2026-08-31
41.458836,-74.40628,new-york,Napp Electric,"249 Cottage Street, Middletown, NY 10940, USA",8453423748,Rmetz@Nappelectric.com,http://nappelectric.com/,Robert A. Metz,https://evitp.org/newyork/listing/napp-electric,evitp.org,2026-08-31
40.984878,-72.615117,new-york,"Nesbitt Electric Co, Inc.","Suffolk County, NY, USA",5165877407,,,Maurice Nesbitt,https://evitp.org/newyork/listing/nesbitt-electric-co-inc,evitp.org,2026-08-31
42.928297,-78.615149,new-york,"O'Connell Electric Company, Inc.","20 Lancaster Parkway, Lancaster, NY, U14086 SA",7163915531,brad.keatley@oconnellelectric.com,https://www.oconnellelectric.com/,Brad Keatley,https://evitp.org/newyork/listing/oconnell-electric-company-inc,evitp.org,2026-08-31
42.833779,-73.919541,new-york,"O'Connell Electric Company, Inc.","2360 Maxon Road Extension, Schenectady, NY, 12308 USA",5186128234,thomas.sauer@oconnellelectric.com,https://www.oconnellelectric.com/,Thomas Sauer,https://evitp.org/newyork/listing/oconnell-electric-company-inc-1,evitp.org,2026-08-31
43.124709,-76.091486,new-york,"O'Connell Electric Company, Inc.","Hancock Airpark-7001 Performance Drive, North Syracuse, NY. 13212 USA",3157661047,david.coon@oconnellelectric.com,https://www.oconnellelectric.com/,David Coon,https://evitp.org/newyork/listing/oconnell-electric-company-inc-2,evitp.org,2026-08-31
42.998965,-77.45629,new-york,"O'Connell Electric Company, Inc.","830 Phillips Road, Victor, NY, 14564 USA",5858694505,andrew.dohse@oconnellelectric.com,https://www.oconnellelectric.com/,Andrew Dohse,https://evitp.org/newyork/listing/oconnell-electric-company-inc-3,evitp.org,2026-08-31
43.133014,-75.220512,new-york,"Oneida Electrical Contractors, Inc.","5630 Horatio Street, Utica, NY, 13052 USA",3157331311,info@oneidaelectric.com,https://www.oneidaelectric.com/,,https://evitp.org/newyork/listing/oneida-electrical-contractors-ind,evitp.org,2026-08-31
40.899214,-73.086,new-york,Paragon Electric Corp.,"10-12 Technology Drive, East Setauket, NY, 11733 USA",6317247030,jasper@paragon-electric.net,http://paragon-electric.net/,Jasper Kassay,https://evitp.org/newyork/listing/paragon-electric-corp,evitp.org,2026-08-31
43.077965,-76.112017,new-york,Phoenix Electric of CNY Inc.,"6307 Meade Rd, Syracuse, NY, 13206, USA",3154130740,mhendrix@phoenix-electric.com,http://phoenix-electric.com/,"Michael J., Hendrix Sr.",https://evitp.org/newyork/listing/phoenix-electric-of-cny-inc,evitp.org,2026-08-31
43.322846,-76.417159,new-york,Phoenix Electric of CNY Inc.,"Fulton, NY, USA",3154130740,mhendrix@phoenix-electric.com,http://phoenix-electric.com/,Michael J. Hendrix Sr.,https://evitp.org/newyork/listing/phoenix-electric-of-cny-inc-1,evitp.org,2026-08-31
42.931734,-76.566053,new-york,"Phoenix Electric of CNY, Inc.","Auburn, NY, USA",3154130740,mhendrix@phoenix-electric.com,http://phoenix-electric.com/,Michael J. Hendrix Sr.,https://evitp.org/newyork/listing/phoenix-electric-of-cny-inc-2,evitp.org,2026-08-31
43.100903,-75.232664,new-york,"Phoenix Electric of CNY, Inc.","Utica, NY, USA",13154130740,mhendrix@phoenix-electric.com,http://phoenix-electric.com/,Michael J. Hendrix,https://evitp.org/newyork/listing/phoenix-electric-of-cny-inc-3,evitp.org,2026-08-31
43.455346,-76.510497,new-york,"Phoenix Electric of CNY, Inc.","Oswego, NY, USA",13154130740,mhendrix@phoenix-electric.com,http://phoenix-electric.com/,Michael J. Hendrix,https://evitp.org/newyork/listing/phoenix-electric-of-cny-inc-4,evitp.org,2026-08-31
42.413417,-73.673175,new-york,"Plug In Stations Online, LLC","7 Cotton Mill Ln, Valatie, NY, 12184, USA",3473274980,chris@pisoev.com,https://pisoev.com/,Chris Carmody,https://evitp.org/newyork/listing/plug-in-stations-online-llc,evitp.org,2026-08-31
40.852252,-73.842804,new-york,"Powerone Electrical Contracting, Inc.","1459 Bassett Ave, Bronx, NY, 10461, USA",7182411900,pwrone@yahoo.com,,Billy Servulus,https://evitp.org/newyork/listing/powerone-electrical-contracting-inc,evitp.org,2026-08-31
40.790547,-73.025446,new-york,"Quest Electrical, LLC","97 Lakeview Dr, Patchogue, NY 11772, USA",6316187240,questelectricalcorp@gmail.com,,Peter Buonasera,https://evitp.org/newyork/listing/quest-electrical-llc,evitp.org,2026-08-31
43.085758,-76.144769,new-york,"Ridley Electric, LLC.","1810 Lemoyne Avenue, Syracuse, NY, 13208, USA",3154638606,estimating@ridleyelectric.com,https://www.ridleyelectric.com/,,https://evitp.org/newyork/listing/ridley-electric-llc,evitp.org,2026-08-31
40.751599,-73.988513,new-york,"Robert B. Samuels, Inc.","132 West 36th Street - 2nd Floor, New York, NY. 10018, USA",2126455150,tpagliaro@rbsamuels.com,http://rbsamuels.com/,Thomas Pagliaro,https://evitp.org/newyork/listing/robert-b-samuels-inc,evitp.org,2026-08-31
42.665708,-73.756232,new-york,Sargent Electric Company,"Albany, NY, USA",4123947600,info@sargentelectric.com,https://www.sargentelectric.com/,Tim Snyder,https://evitp.org/newyork/listing/sargent-electric-company,evitp.org,2026-08-31
43.162326,-77.496434,new-york,"Scanlan Electric, LLC","9 Westfield Commons, Rochester, NY, 14625, USA",5856459731,brian@scanlanelectricllc.com,,Julie Scanlan,https://evitp.org/newyork/listing/scanlan-electric-llc,evitp.org,2026-08-31
40.644617,-73.929966,new-york,"Schlesinger Electrical Contractors, Inc.","4909 Clarendon Road, Brooklyn, NY, 11203, USA",7186363944,jacob@schlesingerelectric.com,,Jacob Levita,https://evitp.org/newyork/listing/schlesinger-electrical-contractors-inc,evitp.org,2026-08-31
43.081457,-77.651386,new-york,Schuler-Haas Electric Corp.,"240 Commerce Drive, Rochester, NY, 14623, USA",5853251060,mdobbins@schuler-haas.com,https://schuler-haas.com/,Matt Dobbins,https://evitp.org/newyork/listing/schuler-haas-electric-corp,evitp.org,2026-08-31
40.712775,-74.005973,new-york,"Solo Energy & Electrical, Inc.","New York, USA",9177811946,jweisz@soloenergy.com,https://www.soloenergy.com/,Joel Weisz,https://evitp.org/newyork/listing/solo-energy-electrical-inc,evitp.org,2026-08-31
42.867371,-73.75028,new-york,"T&J Electrical Associates, LLC","419 New York 146, Clifton Park, NY, 12065, USA",5184063046,service@tandjelectric.com,https://www.tandjelectric.com/,Nicholas Sestito,https://evitp.org/newyork/listing/tj-electrical-associates-llc,evitp.org,2026-08-31
40.712775,-74.005973,new-york,The State Group Industrial (USA) Limited,"New York, NY, USA",5869921572,Michigan.estimating@stategroup.com,https://stategroup.com/,Gino Robinet – Statewide Coordinator,https://evitp.org/newyork/listing/the-state-group-industrial-usa-limited,evitp.org,2026-08-31
43.299429,-74.217933,new-york,Tri-County Electric,"New York State, USA",2039741894,office@tcect.com,https://tricountyelectricct.com/,Brian McCarthy,https://evitp.org/newyork/listing/tri-county-electric,evitp.org,2026-08-31
41.480503,-74.066868,new-york,"Upstate Electric, LLC.","501 Temple Hill Road, New Windsor, NY, 102553, USA",8455652026,Rich@upstateelectricny.com,http://www.upstateelectricny.com/,Rich Schwarzbeck,https://evitp.org/newyork/listing/upstate-electric-llc,evitp.org,2026-08-31
43.113089,-75.280581,new-york,"Usmail Electric, Inc.","800 Calder Avenue, Yorkville, NY, 13495, USA",3157360808,tusmail@usmailelectric.com,https://www.usmailelectric.com/,Todd Usmail,https://evitp.org/newyork/listing/usmail-electric-inc,evitp.org,2026-08-31
40.686684,-73.375498,new-york,Woodhollow Contracting Corp,"103 School Street, Lindenhurst, NY, 11757, USA",5168275916,ngasparo@woodhollowdesigns.com,https://www.woodhollowdesigns.com/,,https://evitp.org/newyork/listing/woodhollow-contracting-corp,evitp.org,2026-08-31
47.551493,-101.002012,north-dakota,"Ace Electrical Contractors, Inc.","North Dakota, USA",17636948800,palml@aceelectrical.net,http://aceelectrical.net/,Larry Palm,https://evitp.org/northdakota/listing/ace-electrical-contractors-inc,evitp.org,2026-08-31
47.551493,-101.002012,north-dakota,"Aldridge Electric, Inc.","North Dakota, USA",18472761127,ggiovannetti@aldridgegroup.com,https://www.aldridgegroup.com/,Gina Giovannetti,https://evitp.org/northdakota/listing/aldridge-electric-inc,evitp.org,2026-08-31
48.24032,-101.318744,north-dakota,Brown Electric,"1620 4th Avenue Northwest, Minot, ND, 58703, USA",7012267737,jesse@brown-electric.com,,Jesse Brown,https://evitp.org/northdakota/listing/brown-electric,evitp.org,2026-08-31
48.277189,-101.431978,north-dakota,"Burlington Electric, Inc","P.O. Box 127, Burlington MD., 58722 USA",7018524967,be1@minot.com,https://www.burlington-electric.com/,Josh Boling,https://evitp.org/northdakota/listing/burlington-electric-inc,evitp.org,2026-08-31
47.551493,-101.002012,north-dakota,CEI Electrical Contractors,"North Dakota, USA",4067404400,bburton@ceionline.com,https://www.ceionline.com/,Brent Burton,https://evitp.org/northdakota/listing/cei-electrical-contractors,evitp.org,2026-08-31
47.551493,-101.002012,north-dakota,"Decker Electric, Inc.","North Dakota, USA",13162658182,bwilson@decker-electric.com,https://www.decker-electric.com/,Ben Wilson,https://evitp.org/northdakota/listing/decker-electric-inc,evitp.org,2026-08-31
47.551493,-101.002012,north-dakota,"Electric Supply Co., Inc.","North Dakota, USA",6053606888,bob@electricsupplyfsd.com,https://electricsupplyfsd.com/,Robert Jarding,https://evitp.org/northdakota/listing/electric-supply-co-inc,evitp.org,2026-08-31
48.281514,-101.294321,north-dakota,"Gefroh Electric, Inc.","100 45th Ave NW, Minot, ND, 58703 USA",7018380225,gfelect@srt.com,https://gefrohelectric.com/,,https://evitp.org/northdakota/listing/gefroh-electric-inc,evitp.org,2026-08-31
48.14,-101.39,north-dakota,"Main Electric Construction, Inc.","2629 Valley Street, P.O. Box 936, Minot, North Dakota, 58702 USA",7018523315,dhendershot@minot.com,https://main-electric.com/,David Hendershot,https://evitp.org/northdakota/listing/main-electric-construction-inc,evitp.org,2026-08-31
48.223673,-101.311417,north-dakota,Mayer Electric,"1711 12th Avenue Southwest, Minot, ND, 58701 USA",7018388401,info@mayer-electric.com,http://mayer-electric.com/,,https://evitp.org/northdakota/listing/mayer-electric,evitp.org,2026-08-31
46.924931,-100.782285,north-dakota,Miller Electric Company,"North Dakota, USA",9048324423,mhall@mecojax.com,https://www.mecojax.com/,,https://evitp.org/northdakota/listing/miller-electric-company,evitp.org,2026-08-31
47.551493,-101.002012,north-dakota,Muska Electric Company,"North Dakota, USA",16516365820,tolson@muskaelectric.com,https://www.muskacompanies.com/,Ted Olson,https://evitp.org/northdakota/listing/muska-electric-company,evitp.org,2026-08-31
47.551493,-101.002012,north-dakota,NEI Electric,"North Dakota, USA",16512873137,vmathson@neielectric.com,http://www.neielectric.com/,Van Mathson,https://evitp.org/northdakota/listing/nei-electric,evitp.org,2026-08-31
47.877459,-97.04357,north-dakota,"Northern Valley Electrical Service, Inc.","4551 South Washington Street, Grand Forks, ND 58201, USA",2182304335,dhultberg@nvesi.com,https://www.nvesi.com/,Darin Hultberg,https://evitp.org/northdakota/listing/northern-valley-electrical-service-inc,evitp.org,2026-08-31
48.764815,-101.501105,north-dakota,"Northland Electric, inc.","101 Industrial Avenue, P.O. Box 160, Mohall, ND. 58761, USA",7017566861,nei1@srt.com,,,https://evitp.org/northdakota/listing/northland-electric-inc,evitp.org,2026-08-31
48.223155,-101.295217,north-dakota,"Northwestern Electric, Inc.","1314 1st Street Southwest, Minot, ND, 58701. USA",7018520324,minotnorthwestern@gmail.com,https://northwestern-electric.com/,Eric J. Bretheim,https://evitp.org/northdakota/listing/northwestern-electric-inc,evitp.org,2026-08-31
47.551493,-101.002012,north-dakota,Parsons Electric,"North Dakota, USA",17635287670,brad.bacon@pecsolutions.com,https://www.pecsolutions.com/,Brad Bacon,https://evitp.org/northdakota/listing/parsons-electric,evitp.org,2026-08-31
46.702156,-100.739397,north-dakota,"Rafter Electric, LLC","9401 Sycamore Lane, Bismarck, ND, 58504,  USA",7019553798,rafterelectric@gmail.com,https://www.rafterelectric.com/,James Hach,https://evitp.org/northdakota/listing/rafter-electric-llc,evitp.org,2026-08-31
46.806874,-100.756922,north-dakota,Skeels Electric Company,"217 North 23rd Street, Bismarck, ND, 58501 USA",7012235440,drew@skeelselectric.com,https://www.skeelselectric.com/,Drew Flurer,https://evitp.org/northdakota/listing/skeels-electric-company,evitp.org,2026-08-31
47.551493,-101.002012,north-dakota,The State Group Industrial (USA) Limited,"North Dakota, USA",5869921572,michigan.estimating@stategroup.com,https://stategroup.com/,Gino Robinet – Statewide Coordinator,https://evitp.org/northdakota/listing/the-state-group-industrial-usa-limited,evitp.org,2026-08-31
48.165088,-103.621046,north-dakota,"Triangle Electric, Inc.","1st Avenue East, Williston, ND,  USA,",7015726783,brandon@triangleelectric.net,https://triangleelectric.net/,Brandon Johnson,https://evitp.org/northdakota/listing/triangle-electric-inc,evitp.org,2026-08-31
47.551493,-101.002012,north-dakota,"Unity Works Solutions, LLC","North Dakota, USA",2057323766,andrew.honeycutt@unityws.com,https://unityworkslighting.com/,Andrew Honeycutt,https://evitp.org/northdakota/listing/unity-works-solutions-llc,evitp.org,2026-08-31
47.551493,-101.002012,north-dakota,Vinco,"North Dakota, USA",6514403616,dmcclellan@vinco-inc.com,https://www.vinco-inc.com/,Dan McClellan,https://evitp.org/northdakota/listing/vinco,evitp.org,2026-08-31
48.114211,-98.860839,north-dakota,"Warrior Energy, LLC.","609 4th Ave NE, Devils Lake, ND, 58301, USA",2182894934,miguel.shockman@warriorenergyllc.com,https://www.warriorenergyllc.com/,"Miguel Shockman              
             
                             
         
     
 
     
     
         
             
                  Redo search when map moved 
             
              
         
     
 
 
 
 
     
         Showing 24 results 
     
  
 
 											 

									 
					 
			 
   
    

	 
		 

			 
	 
		
		 
			 

				
 
			 
			 			  
	   


 
 

 
	   


The Electric Vehicle Infrastructure Training Program (EVITP) provides training and certification for electricians installing electric vehicle supply equipment (EVSE).  
		 		 
			 
					 
			 
			 			  
		 		 
			 
			  Contact Info 			  
	 
		 
			  		 
	 
	  Canada: www.NETCO.org 
 

 
	 
		 
			  		 
	 
	  United States:  EVITP, 811 N. Main Street, Suite 202,                     Royal Oak, MI  48067
 
 

 
	 
		 
			  		 
	 
	   info@evitp.org 
  
		 		 
	 			 
		 
		 
 


 
			 
			 

			
			 

			 
	 
		 Copyright © 2026 EVITP - ALL RIGHTS RESERVED -  TERMS OF USE  	 
	 
			 
 
			 

				 
		 
	 
		 
	 

   
   
 
{""prefetch"":[{""source"":""document"",""where"":{""and"":[{""href_matches"":""/*""},{""not"":{""href_matches"":[""/wp-*.php"",""/wp-admin/*"",""/wp-content/uploads/*"",""/wp-content/*"",""/wp-content/plugins/*"",""/wp-content/themes/siennawp/*"",""/*\\?(.+)""]}},{""not"":{""selector_matches"":""a[rel~=\""nofollow\""]""}},{""not"":{""selector_matches"":"".no-prefetch, .no-prefetch a""}}]},""eagerness"":""conservative""}]}
 
		  
		 
jQuery(document).ready(function($) {
SABAI.init($(""#sabai-content""));
});
   
  
  
  
  
  
  
 
wp.i18n.setLocaleData( { 'text direction\u0004ltr': [ 'ltr' ] } );
//# sourceURL=wp-i18n-js-after
 
  
 
var wpcf7 = {
    ""api"": {
        ""root"": ""https:\/\/evitp.org\/wp-json\/"",
        ""namespace"": ""contact-form-7\/v1""
    }
};
//# sourceURL=contact-form-7-js-before
 
  
 
var cf7appsHoneypotRefill = {""forceRefillOnInit"":""""};
//# sourceURL=cf7apps-honeypot-refill-js-extra
 
  
  
  
 
var mejsL10n = {""language"":""en"",""strings"":{""mejs.download-file"":""Download File"",""mejs.install-flash"":""You are using a browser that does not have Flash player enabled or installed. Please turn on your Flash player plugin or download the latest version from https://get.adobe.com/flashplayer/"",""mejs.fullscreen"":""Fullscreen"",""mejs.play"":""Play"",""mejs.pause"":""Pause"",""mejs.time-slider"":""Time Slider"",""mejs.time-help-text"":""Use Left/Right Arrow keys to advance one second, Up/Down arrows to advance ten seconds."",""mejs.live-broadcast"":""Live Broadcast"",""mejs.volume-help-text"":""Use Up/Down Arrow keys to increase or decrease volume."",""mejs.unmute"":""Unmute"",""mejs.mute"":""Mute"",""mejs.volume-slider"":""Volume Slider"",""mejs.video-player"":""Video Player"",""mejs.audio-player"":""Audio Player"",""mejs.captions-subtitles"":""Captions/Subtitles"",""mejs.captions-chapters"":""Chapters"",""mejs.none"":""None"",""mejs.afrikaans"":""Afrikaans"",""mejs.albanian"":""Albanian"",""mejs.arabic"":""Arabic"",""mejs.belarusian"":""Belarusian"",""mejs.bulgarian"":""Bulgarian"",""mejs.catalan"":""Catalan"",""mejs.chinese"":""Chinese"",""mejs.chinese-simplified"":""Chinese (Simplified)"",""mejs.chinese-traditional"":""Chinese (Traditional)"",""mejs.croatian"":""Croatian"",""mejs.czech"":""Czech"",""mejs.danish"":""Danish"",""mejs.dutch"":""Dutch"",""mejs.english"":""English"",""mejs.estonian"":""Estonian"",""mejs.filipino"":""Filipino"",""mejs.finnish"":""Finnish"",""mejs.french"":""French"",""mejs.galician"":""Galician"",""mejs.german"":""German"",""mejs.greek"":""Greek"",""mejs.haitian-creole"":""Haitian Creole"",""mejs.hebrew"":""Hebrew"",""mejs.hindi"":""Hindi"",""mejs.hungarian"":""Hungarian"",""mejs.icelandic"":""Icelandic"",""mejs.indonesian"":""Indonesian"",""mejs.irish"":""Irish"",""mejs.italian"":""Italian"",""mejs.japanese"":""Japanese"",""mejs.korean"":""Korean"",""mejs.latvian"":""Latvian"",""mejs.lithuanian"":""Lithuanian"",""mejs.macedonian"":""Macedonian"",""mejs.malay"":""Malay"",""mejs.maltese"":""Maltese"",""mejs.norwegian"":""Norwegian"",""mejs.persian"":""Persian"",""mejs.polish"":""Polish"",""mejs.portuguese"":""Portuguese"",""mejs.romanian"":""Romanian"",""mejs.russian"":""Russian"",""mejs.serbian"":""Serbian"",""mejs.slovak"":""Slovak"",""mejs.slovenian"":""Slovenian"",""mejs.spanish"":""Spanish"",""mejs.swahili"":""Swahili"",""mejs.swedish"":""Swedish"",""mejs.tagalog"":""Tagalog"",""mejs.thai"":""Thai"",""mejs.turkish"":""Turkish"",""mejs.ukrainian"":""Ukrainian"",""mejs.vietnamese"":""Vietnamese"",""mejs.welsh"":""Welsh"",""mejs.yiddish"":""Yiddish""}};
//# sourceURL=mediaelement-core-js-before
 
  
  
 
var _wpmejsSettings = {""pluginPath"":""/wp-includes/js/mediaelement/"",""classPrefix"":""mejs-"",""stretching"":""responsive"",""audioShortcodeLibrary"":""mediaelement"",""videoShortcodeLibrary"":""mediaelement""};
//# sourceURL=mediaelement-js-extra
 
  
  
  
  
  
  
  
  
  
  
  
  
  
  
  
  
  
  
  
  
  
  
  
  
  
  
  
  
  
  
  
  
 
var mkdfGlobalVars = {""vars"":{""mkdfAddForAdminBar"":0,""mkdfElementAppearAmount"":-150,""mkdfFinishedMessage"":""No more posts"",""mkdfMessage"":""Loading new posts..."",""mkdfTopBarHeight"":42,""mkdfStickyHeaderHeight"":0,""mkdfStickyHeaderTransparencyHeight"":60,""mkdfLogoAreaHeight"":0,""mkdfMenuAreaHeight"":131,""mkdfMobileHeaderHeight"":100}};
var mkdfPerPageVars = {""vars"":{""mkdfStickyScrollAmount"":450,""mkdfStickyScrollAmountFullScreen"":false,""mkdfHeaderTransparencyHeight"":0}};
//# sourceURL=sienna-mikado-modules-js-extra
 
  
  
  
 
var mkdfLike = {""ajaxurl"":""https://evitp.org/wp-admin/admin-ajax.php""};
//# sourceURL=sienna-mikado-like-js-extra
 
  
 
var GEM = {""thankyou"":""Thank you for signing up!"",""thankyou_suppressed"":""Thank you for signing up! Please check your email to confirm your subscription."",""oops"":""Oops! There was a problem. Please try again."",""email"":""Please enter a valid email address."",""required"":""%s is a required field.""};
//# sourceURL=gem-main-js-extra
 
  
  
  
 
var wpcf7_recaptcha = {
    ""sitekey"": ""6LdAGgcgAAAAALmBeuQZgYH6HTEI3KlPBF86-YxA"",
    ""actions"": {
        ""homepage"": ""homepage"",
        ""contactform"": ""contactform""
    }
};
//# sourceURL=wpcf7-recaptcha-js-before
 
  
 
{""baseUrl"":""https://s.w.org/images/core/emoji/17.0.2/72x72/"",""ext"":"".png"",""svgUrl"":""https://s.w.org/images/core/emoji/17.0.2/svg/"",""svgExt"":"".svg"",""source"":{""concatemoji"":""https://evitp.org/wp-includes/js/wp-emoji-release.min.js?ver=7.0.4""}}
 
 
/*! This file is auto-generated */
var e=""script#wp-emoji-settings"",t=document.querySelector(e);if(!(t instanceof HTMLScriptElement))throw new Error(""Element missing: ""+e);const r=JSON.parse(t.text),s=(window._wpemojiSettings=r,""wpEmojiSettingsSupports""),o=[""flag"",""emoji""];function i(e){try{var t={supportTests:e,timestamp:(new Date).valueOf()};sessionStorage.setItem(s,JSON.stringify(t))}catch(e){}}function c(e,t,n){e.clearRect(0,0,e.canvas.width,e.canvas.height),e.fillText(t,0,0);t=new Uint32Array(e.getImageData(0,0,e.canvas.width,e.canvas.height).data);e.clearRect(0,0,e.canvas.width,e.canvas.height),e.fillText(n,0,0);const r=new Uint32Array(e.getImageData(0,0,e.canvas.width,e.canvas.height).data);return t.every((e,t)=>e===r[t])}function p(e,t){e.clearRect(0,0,e.canvas.width,e.canvas.height),e.fillText(t,0,0);var n=e.getImageData(16,16,1,1);for(let e=0;e {o[e]=t(s,e,n,r)}),o}function a(e){var t=document.createElement(""script"");t.src=e,t.defer=!0,document.head.appendChild(t)}r.supports={everything:!0,everythingExceptFlag:!0},new Promise(t=>{let n=function(){try{var e=JSON.parse(sessionStorage.getItem(s));if(""object""==typeof e&&""number""==typeof e.timestamp&&(new Date).valueOf() {i(n=e.data),a.terminate(),t(n)})}catch(e){}i(n=f(o,u,c,p))}t(n)}).then(e=>{for(const n in e)r.supports[n]=e[n],r.supports.everything=r.supports.everything&&r.supports[n],""flag""!==n&&(r.supports.everythingExceptFlag=r.supports.everythingExceptFlag&&r.supports[n]);var t;r.supports.everythingExceptFlag=r.supports.everythingExceptFlag&&!r.supports.flag,r.supports.everything||((t=r.source||{}).concatemoji?a(t.concatemoji):t.wpemoji&&t.twemoji&&(a(t.twemoji),a(t.wpemoji)))});
//# sourceURL=https://evitp.org/wp-includes/js/wp-emoji-loader.min.js
 
 			  
			 
				/* @v3-js:start */
					let c4wp_onloadCallback = function() {
						for ( var i = 0; i   {
						if ( typeof jQuery !== 'undefined' && jQuery( 'input[id*=""c4wp-wc-checkout""]' ).length ) {
							var element = document.createElement('div');
							var html = '     ';
							element.innerHTML = html;
							jQuery( '[class*=""c4wp-wc-checkout""]' ).append( element );
							jQuery( '[class*=""c4wp-wc-checkout""]' ).find('*').off();
							c4wp_onloadCallback();
						}
					});
				/* @v3-js:end */",https://evitp.org/northdakota/listing/warrior-energy-llc,evitp.org,2026-08-31
40.417287,-82.907123,ohio,Allstate Sales Group,"Ohio, USA",7323355588,aabadie@asginc.us,https://www.asginc.us/,Anne Abadie,https://evitp.org/ohio/listing/allstate-sales-group,evitp.org,2026-08-31
40.765258,-82.513214,ohio,"Alpine Electric, Inc","57 E 6th St, Mansfield, OH 44902, USA",4195226616,alpine1660@aol.com,https://www.alpineelectricmansfield.com/,Mark Bosko,https://evitp.org/ohio/listing/alpine-electric-inc,evitp.org,2026-08-31
41.42809,-81.881483,ohio,"Alternalite Electric, Inc.","4171 Linden Circle, North Olmsted, OH, 44070, USA",4407777800,jramos@alternalite.com,https://www.alternalite.com/,Jose Ramos Jr.,https://evitp.org/ohio/listing/alternalite-electric-inc,evitp.org,2026-08-31
39.757282,-84.154717,ohio,"Asidaco, LLC","400 Linden Avenue, Dayton, OH, 45403, USA",8572341544,info@asidaco.com,https://asidaco.com/,Ardrea T. Bashaw,https://evitp.org/ohio/listing/asidaco-llc,evitp.org,2026-08-31
40.073455,-82.998618,ohio,"Atlas Industrial Contractor, LLC","5275 Sinclair Road, Columbus, OH 43229, USA",6148414500,kevinb@atlascos.com,http://atlascos.com/,Kevin Briggs,https://evitp.org/ohio/listing/atlas-industrial-contractor-llc,evitp.org,2026-08-31
39.699504,-82.580834,ohio,Axxel Electric,"1477 Sugar Grove Road, Lancaster, OH, 43130, USA",7404387472,admin@axxelelectric.com,https://axxelelectric.com/,Luke Hurst,https://evitp.org/ohio/listing/axxel-electric,evitp.org,2026-08-31
39.187028,-84.453458,ohio,B&J Electrical Co.,"6265 Wiehe Road, Cincinnati, OH, 45237 USA",5133517100,steve@bjelectrical.com,http://www.bjelectrical.com/,Steve Janzen,https://evitp.org/ohio/listing/bj-electrical-co,evitp.org,2026-08-31
40.857178,-82.231948,ohio,"BCU Electric, Inc","1019 U.S. Highway 250 North, Ashland, OH 44805, USA",4196512077,whitney@bcuelectric.com,https://www.bcuelectric.com/,Whitney Uselton,https://evitp.org/ohio/listing/bcu-electric-inc,evitp.org,2026-08-31
40.417287,-82.907123,ohio,Bruce & Merrilees Electric Co.,"Ohio, USA",7246525566503,bsmith@bruceandmerrilees.com,https://www.bruceandmerrilees.com/,Brian Smith,https://evitp.org/ohio/listing/bruce-merrilees-electric-co,evitp.org,2026-08-31
40.922247,-81.110492,ohio,"Burden Electric Co., Inc.","245 West Main Street, Alliance, OH, 44601, USA",3308235229,matt@burdenelectric.com,,Matthew W. Rhodes,https://evitp.org/ohio/listing/burden-electric-co-inc,evitp.org,2026-08-31
40.39546,-84.25747,ohio,"C & J Electric, Inc.","13510 Ohio 29, Anna, OH, 45302, USA",9375380078,charlie@cjelectric.us,https://cjelectric.us/,Charlie Axe,https://evitp.org/ohio/listing/c-j-electric-inc,evitp.org,2026-08-31
39.720725,-84.113077,ohio,"Chapel Electric Co., LLC","1985 Founders Drive, Dayton, OH, 45420, USA",9372222290,rick.wesier@chapel.com,https://www.chapel.com,Rick Weiser,https://evitp.org/ohio/listing/chapel-electric-co-llc,evitp.org,2026-08-31
39.223066,-84.392403,ohio,"Cincy Electrical Solutions, LLC","4240 Rossplain Dr, Cincinnati, OH, 45236, USA",5132377681,sfedorov@cincyelectricalsolutions.com,https://cincyelectricalsolutions.com/,Sergey Fedorov,https://evitp.org/ohio/listing/cincy-electrical-solutions-llc,evitp.org,2026-08-31
41.141132,-80.671571,ohio,CR Electric,"Trumbull Ave, Girard, OH, 44420, USA",3307598780,dbarber@crelectric.pro,https://crelectric.pro/,Dale Barber,https://evitp.org/ohio/listing/cr-electric,evitp.org,2026-08-31
39.894794,-84.151579,ohio,CSL Technology Solutions,"2750 U.S. 40, Tipp City, OH, 45371, USA",9376674421,ev@csl-tech.com,https://csl-tech.com/,Chris Sipes,https://evitp.org/ohio/listing/csl-technology-solutions,evitp.org,2026-08-31
41.702914,-83.764873,ohio,Current Electrical Systems,"9211 Shadow Brook Drive, Sylvania, OH, 43560, USA",7342107667,tim@currentelectricalsystems.com,https://currentelectricalsystems.com/,Tim Lambert,https://evitp.org/ohio/listing/current-electrical-systems,evitp.org,2026-08-31
40.060569,-82.400523,ohio,"Davis Electrical & Solar Services, LLC","70 East Church Street, Newark, OH, 43058, USA",7408776907,business@daviselectricalsolar.com,https://daviselectricalsolar.com/,Jeremy Davis Jr.,https://evitp.org/ohio/listing/davis-electrical-solar-services-llc,evitp.org,2026-08-31
40.417287,-82.907123,ohio,"Decker Electric, Inc.","Ohio, USA",13162658182,bwilson@decker-electric.com,https://www.decker-electric.com/,,https://evitp.org/ohio/listing/decker-electric-inc,evitp.org,2026-08-31
39.180721,-84.526069,ohio,"Delta Electrical Contractors, LTD","4890 Gray Road, Cincinnati, OH, 45232, USA",5134217744,erics@deltaelectrical.us,https://www.delta-electrical.com/,Eric Scheidt,https://evitp.org/ohio/listing/delta-electrical-contractors-ltd,evitp.org,2026-08-31
40.417287,-82.907123,ohio,"Dixon Electrical Systems & Contracting, Inc.","Ohio, USA",3045232712,matt@dixonelectrical.com,https://www.dixonelectrical.com/,Matthew G. Simms,https://evitp.org/ohio/listing/dixon-electrical-systems-contracting-inc,evitp.org,2026-08-31
39.938556,-83.062418,ohio,"Eagle Electrical Services, LLC","2430-A W. Mound St, Columbus, OH 43204, USA",6142064890,dondi@eesohio.com,,Dondi Hatcher,https://evitp.org/ohio/listing/eagle-electrical-services-llc,evitp.org,2026-08-31
40.010466,-83.007923,ohio,Egan Company,"Columbus, Ohio, USA",7635444131,mat@eganco.com,https://www.eganco.com/,Michael Tengwall,https://evitp.org/ohio/listing/egan-company,evitp.org,2026-08-31
41.420629,-81.678965,ohio,Einheit Electric,"240 Tuxedo Avenue, Cleveland, OH 44131, USA",2166616000,john@einheitelectric.com,http://einheitelectric.com/,John Mraz,https://evitp.org/ohio/listing/einheit-electric,evitp.org,2026-08-31
41.287424,-81.443263,ohio,"Emery Electric, Inc.","2080 Case Parkway South, Twinsburg, OH, 44087, USA",3309637811,tim@emeryelectric.com,http://www.emeryelec.com/,C. Tim Emery,https://evitp.org/ohio/listing/emery-electric-inc,evitp.org,2026-08-31
39.961176,-82.998794,ohio,"Envirospark Energy Solutions, Inc.","Columbus, OH, USA",4047369173,info@envirosparkenergy.com,https://envirosparkenergy.com/,Brad Ewing,https://evitp.org/ohio/listing/envirospark-energy-solutions-inc,evitp.org,2026-08-31
40.070916,-80.747814,ohio,Erb Electric Company,"500 Hall Street, Bridgeport, OH, 43912, USA",7406335055,jklempa@erbelectric.com,http://erbelectric.com/,Justin Klempa,https://evitp.org/ohio/listing/erb-electric-company,evitp.org,2026-08-31
39.701544,-84.206683,ohio,ESI Electrical Contractors,"3400 Kettering Blvd. Dayton, OH. 45439, USA",9373135773,rodney.blair@esielectrical.com,https://esielectrical.com/,Rodney Blair,https://evitp.org/ohio/listing/esi-electrical-contractors,evitp.org,2026-08-31
39.837214,-83.088846,ohio,"ESI, Inc.","6150 Enterprise Parkway, Grove City, OH, 43123, USA",6147822472,jeff.lacey@esielectrical.com,https://esielectrical.com/,Jeff Lacey,https://evitp.org/ohio/listing/esi-inc,evitp.org,2026-08-31
39.307368,-84.467917,ohio,"ESI, Inc.","4696 Devitt Drive, Cincinatti, OH. 45246, USA",5134543741,,https://esielectrical.com/,,https://evitp.org/ohio/listing/esi-inc-1,evitp.org,2026-08-31
40.900516,-81.10629,ohio,First Choice Electrical Solutions,"2115 South Union Avenue, Alliance, OH, 44601, USA",3305961885,moakes@fcesoh.com,http://www.fcesoh.com/,Michael Oakes,https://evitp.org/ohio/listing/first-choice-electrical-solutions,evitp.org,2026-08-31
41.444995,-82.699598,ohio,"Fresch Electric, Inc.","1414 Milan Road, Sandusky, OH 44870, USA",4196262535,tyghewindau@freschelectric.net,https://www.freschelectric.com/,Tyghe Windau,https://evitp.org/ohio/listing/fresch-electric-inc,evitp.org,2026-08-31
41.28056,-81.626242,ohio,G&B Electric Company,"10343 Brecksville Road, Brecksville, OH, 44141, USA",4408380880,seanarthur@gb-electric.com,https://gb-electric.com/,Sean Arthur,https://evitp.org/ohio/listing/gb-electric-company,evitp.org,2026-08-31
41.632771,-83.624762,ohio,Great Lakes Electrical Contracting,"440 Arco Drive, Toledo, OH, 43611 USA",4194801235,greg@glecinc.com,https://www.glecinc.com/,Gregory E. Kreyston,https://evitp.org/ohio/listing/great-lakes-electrical-contracting,evitp.org,2026-08-31
41.109835,-80.669668,ohio,Gulu Electric,"1295 Crescent Street, Youngstown, OH, 44502, USA",3305022800,,https://guluelectric.com/,Gary Gulu,https://evitp.org/ohio/listing/gulu-electric,evitp.org,2026-08-31
41.50587,-81.661092,ohio,Harrington Electric Co.,"3800 Perkins Avenue, Cleveland, OH, 44114, USA",2168540191,tmorgan@Harringtonelectric.com,https://harringtonelectric.com/,Thomas A. Morgan,https://evitp.org/ohio/listing/harrington-electric-co,evitp.org,2026-08-31
41.441069,-81.653935,ohio,Herbst Electric Company,"5171 Grant Avenue, Cuyahoga Heights, Ohio, 44125, USA",2166215890,jbenevento@herbstelectric.com,https://herbstelectric.com/,John Benevento,https://evitp.org/ohio/listing/herbst-electric-company,evitp.org,2026-08-31
40.801527,-81.377963,ohio,Hilscher-Clarke Electric Company,"519 Fourth St. N.W. , Canton, OH 44703, USA",3303531254,tfay@hilscher-clarke.com,https://www.hilscher-clarke.com,Anthony Fay,https://evitp.org/ohio/listing/hilscher-clarke-electric-company,evitp.org,2026-08-31
39.276959,-84.494391,ohio,Hilvert and Pope Electric,"11070 Southland Road, Cincinnati, Ohio, 45240 USA",5138257685,david@hilvertpope.com,https://www.hilvertpopeelectric.com/,David Joesting,https://evitp.org/ohio/listing/hilvert-and-pope-electric,evitp.org,2026-08-31
40.417287,-82.907123,ohio,Income Power,"Ohio, USA",8088662118,plloyd@incomepowerllc.com,https://www.incomepowerllc.com/,Patrick Lloyd,https://evitp.org/ohio/listing/income-power,evitp.org,2026-08-31
40.417287,-82.907123,ohio,"Iteris, Inc.","Ohio, USA",6576528288,bakerley@iteris.com,https://www.iteris.com/,Brian Akerley,https://evitp.org/ohio/listing/iteris-inc,evitp.org,2026-08-31
39.144508,-82.979604,ohio,"J. F. Heibel Electric, Inc.","567 Circleview Drive, Waverly, OH, 45690,  USA",7409472880,jf_heibel_electric@yahoo.com,,James M. Heibel,https://evitp.org/ohio/listing/j-f-heibel-electric-inc,evitp.org,2026-08-31
40.014601,-82.98952,ohio,"J. Ranck Electric, Inc.","Ohio, USA",19312074354,swalker@jranck.com,https://www.jranck.com/,Scott Walker,https://evitp.org/ohio/listing/j-ranck-electric-inc,evitp.org,2026-08-31
40.96527,-81.395783,ohio,"JMP Resources, LLC.","2894 Carriage Stone Street NW, Uniontown, OH. 44319, USA",3303299448,jason@jmpelec.com,,Jason Pribanich,https://evitp.org/ohio/listing/jmp-resources-llc,evitp.org,2026-08-31
41.643067,-83.625324,ohio,Laibe Electric Co.,"404 North Byrne Road, Toledo, OH, 43607-2609, USA",4197248200,mikedeaton@laibe.com,https://laibe.com/,Michael A. Deaton,https://evitp.org/ohio/listing/laibe-electric-co,evitp.org,2026-08-31
41.45779,-83.644694,ohio,"Lake Erie Electric of Toledo, Inc.","12763 Middleton Pike, Bowling Green, OH, 43402, USA",4193527141,cgreiner@lakeerieelectric.com,https://www.lakeerieelectric.com/about-lake-erie-electric/lake-erie-electric-locations/toledo/,Chad Greiner,https://evitp.org/ohio/listing/lake-erie-electric-of-toledo-inc,evitp.org,2026-08-31
38.435793,-82.592674,ohio,"M&M Service Station Equipment Specialist, Inc.","106 Commerce Drive, South Point, OH, 45680, USA",8597810402,hailie.newman@mid-valleysupply.com,https://mid-valleysupply.com/,,https://evitp.org/ohio/listing/mm-service-station-equipment-specialist-inc,evitp.org,2026-08-31
40.417287,-82.907123,ohio,Matrix NAC,"Ohio, USA",6108769292,stevenlamastra@matrixservicecompany.com,https://www.matrixnac.com/,Steven LaMastra,https://evitp.org/ohio/listing/matrix-nac,evitp.org,2026-08-31
39.15135,-84.405694,ohio,"Mayers Electric Co., Inc.","4004 Erie Court, Cincinnati, OH, 45227, USA",5132722900,smayers@mayerselectric.com,https://mayerselectric.com/,Steve Mayers,https://evitp.org/ohio/listing/mayers-electric-co-inc,evitp.org,2026-08-31
40.100579,-82.918674,ohio,Mid-City Electric,"937 Eastwind Drive, Westerville, OH 43081, USA",6142215153,slogar@midcityelectric.com,https://www.midcityelectric.com,Sarah Logar,https://evitp.org/ohio/listing/mid-city-electric,evitp.org,2026-08-31
40.006186,-82.984027,ohio,Miller Electric Company,"Ohio, USA",9048324423,mhall@mecojax.com,https://www.mecojax.com/,Mike Hall,https://evitp.org/ohio/listing/miller-electric-company,evitp.org,2026-08-31
40.417287,-82.907123,ohio,Muska Electric Company,"Ohio, USA",16516365820,tolson@muskaelectric.com,https://www.muskacompanies.com/,,https://evitp.org/ohio/listing/muska-electric-company,evitp.org,2026-08-31
40.095419,-82.929357,ohio,New River Electrical Corporation,"6005 Westerville Road Westerville, Ohio 43081, USA      Athens, OH      Canton, Oh      Columbus, OH      Delaware, OH      Dublin, OH      Lancaster, OH      Steubenville, OH      Fayette County, OH      Wapukoneta, OH",5405267501,ahartsfield@nrec.net,https://www.newriverelectrical.com/,Jonathan Aaron Hartsfield,https://evitp.org/ohio/listing/new-river-electrical-corporation,evitp.org,2026-08-31
39.127637,-84.609418,ohio,Paff Electric,"5115 Crookshank Road, Cincinnati, OH, 45238 USA",5134511061,nickwilliams@paffelectricandsolar.com,https://www.paffelectricandsolar.com/,Nick Williams,https://evitp.org/ohio/listing/paff-electric,evitp.org,2026-08-31
40.417287,-82.907123,ohio,Parsons Electric,"Ohio, USA",7635287670,brad.bacon@pecsolutions.com,https://www.pecsolutions.com/,Brad Bacon,https://evitp.org/ohio/listing/parsons-electric,evitp.org,2026-08-31
39.209848,-84.637816,ohio,"Pro Lighting & Solar, LLC","5852 Ravens Ridge Lane, Cincinnati, OH 45247, USA",5133782535,prolightingsolar@gmail.com,https://www.prolightingsolar.com/,Matt Kolbinsky,https://evitp.org/ohio/listing/pro-lighting-solar-llc,evitp.org,2026-08-31
41.712154,-83.553403,ohio,"Regent Electric, Inc.","5235 Tractor Rd, Toledo, OH, 43612, USA",4194768333,,http://regentelectric.com/,Sean McCarthy,https://evitp.org/ohio/listing/regent-electric-inc,evitp.org,2026-08-31
38.810796,-82.200466,ohio,River Town Electric,"617 South Route 7 N, Golapolis, OH 45713, USA",7403500567,nick@rivertownelectric.org,http://www.rivertownelectric.org,Nick Dobbs,https://evitp.org/ohio/listing/river-town-electric,evitp.org,2026-08-31
39.971412,-83.079967,ohio,"Roberts Service Group, Inc.","820 North Hague Avenue, Columbus, OH 43204, USA",6142760126,rich@robertssg.com,https://rich@robertssg.com,Rich Roberts,https://evitp.org/ohio/listing/roberts-service-group-inc,evitp.org,2026-08-31
41.719258,-83.518515,ohio,"Romanoff Electric Co., LLC","5570 Enterprise Blvd, Toledo, OH, 43612, USA",4193924434,dana.hostetler@romanoffelectric.com,https://quebeholdingsinc.com/romanoff-electric-co,Dana Hostetler,https://evitp.org/ohio/listing/romanoff-electric-co-llc,evitp.org,2026-08-31
41.503434,-81.665521,ohio,Sargent Electric Company,"Cleveland, Ohio, USA",4123947600,info@sargentelectric.com,https://www.sargentelectric.com/,Tim Snyder,https://evitp.org/ohio/listing/sargent-electric-company,evitp.org,2026-08-31
40.039839,-82.984027,ohio,SG Energy Solutions,"Ohio, USA",3134028816,dsiders@sgenergysolutions.com,https://www.sg-solutionsgroup.com/,Desmen Siders,https://evitp.org/ohio/listing/sg-energy-solutions,evitp.org,2026-08-31
40.417287,-82.907123,ohio,"Shambaugh and Son, L.P.","Ohio, USA",12604877846,dhearld@shambaugh.com,https://shambaugh.com/,Douglas M. Hearld,https://evitp.org/ohio/listing/shambaugh-and-son-l-p,evitp.org,2026-08-31
40.276432,-84.187421,ohio,Sidney Electric Company,"840 South Vandemark Road, Sidney, OH, 45635, USA",4192221109,jbrendle@sidneyelectric.com,https://sidneyelectric.com/,Jake Brendle,https://evitp.org/ohio/listing/sidney-electric-company,evitp.org,2026-08-31
41.459184,-81.701101,ohio,"Signature Electric, Inc.","3494 West 25th Street, Cleveland, OH, 44019, USA",2164858710,Mmazzola@SigElectric.net,http://www.signatureelectriccorp.com/,Michael Mazzola,https://evitp.org/ohio/listing/signature-electric-inc,evitp.org,2026-08-31
41.551857,-83.396111,ohio,"Skyline Electric, LLC","23945 West Meadow Drive, Genoa, OH, 43430, USA",5672770922,mike@skylineelectricohio.com,https://www.skylineelectricohio.com/,Michael L. Rushlow,https://evitp.org/ohio/listing/skyline-electric-llc,evitp.org,2026-08-31
41.364283,-82.071569,ohio,"South Shore Electric, Inc","589 Ternes Lane, Elyria, OH 44035, USA",4403666289,kbuckley@southshoreelectricinc.com,https://www.southshoreelectricinc.com/,Keith Buckley,https://evitp.org/ohio/listing/south-shore-electric-inc,evitp.org,2026-08-31
41.107658,-81.433264,ohio,"Speelman Electric, Inc.","235 Northeast Avenue, Tallmadge, OH, 44278, USA",3309582083,jasonh@speelmanelectric.com,https://www.speelmanelectric.com/,Jason Hughes,https://evitp.org/ohio/listing/speelman-electric-inc,evitp.org,2026-08-31
40.772922,-82.567146,ohio,"Spring Electrical Construction Co., Inc.","1500 East Lindaire Lane, Mansfield, OH 44906, USA",4197477911,mdanals@spring-electrical.com,,Mark Danals,https://evitp.org/ohio/listing/spring-electrical-construction-co-inc,evitp.org,2026-08-31
40.417287,-82.907123,ohio,"State Electric Company, Inc.","Ohio, USA",8669768890,gregc@statecontractingus.com,https://www.stateelectriccompany.net/,,https://evitp.org/ohio/listing/state-electric-company-inc,evitp.org,2026-08-31
40.023014,-83.000507,ohio,"Sterling Industrial, LLC","Ohio, USA",8124927118,jhayden@sterlingindustrialllc.com,https://www.sterlingindustrialllc.com/,Jeff Hayden,https://evitp.org/ohio/listing/sterling-industrial-llc,evitp.org,2026-08-31
41.297512,-81.512374,ohio,"STG Electric Services, LLC","7791 Capital Blvd unit 4, Macedonia, OH 44056, USA",3306500513,frank.mcmillen@stgelectricservices.com,https://stgelectricservices.com/,Frank McMillen,https://evitp.org/ohio/listing/stg-electric-services-llc,evitp.org,2026-08-31
39.847465,-84.267491,ohio,Studebaker Electric Company,"8459 North Main Street, Dayton, OH, 45415 USA",9375333724,bkohl@studebakerelectric.com,http://www.studebakerelectric.com/,Bill Kohl,https://evitp.org/ohio/listing/studebaker-electric-company,evitp.org,2026-08-31
41.64809,-83.507145,ohio,TAS Inc.,"433 Dearborn Avenue, Toledo, OH, 43605 USA",4196933353,tom@tasinc.net,,Thomas Susor,https://evitp.org/ohio/listing/tas-inc,evitp.org,2026-08-31
39.143243,-84.402845,ohio,"The Archiable Electric Company, Inc.","3803 Ford Circle, Cincinnati, OH, 45227, USA",5136211307,info@archaibleelectric.com,https://www.archiableelectric.com/,Michael Schroth,https://evitp.org/ohio/listing/the-archiable-electric-company-inc,evitp.org,2026-08-31
40.417287,-82.907123,ohio,The Oscar W. Larson Company,"OH, USA",8103974757,justin.spence@owlservices.com,https://www.larsonco.com/,Justin Spence,https://evitp.org/ohio/listing/the-oscar-w-lawrence-company,evitp.org,2026-08-31
40.417287,-82.907123,ohio,The State Group Industrial (USA) Limited,"Ohio, USA",5869921572,Michigan.estimating@stategroup.com,https://stategroup.com/,Gino Robinet – Statewide Coordinator,https://evitp.org/ohio/listing/the-state-group-industrial-usa-limited,evitp.org,2026-08-31
39.971006,-83.041214,ohio,The Superior Group,"535 Reach Blvd. Ste. 400, Columbus, OH 43215, USA",6144888025,tfalco@superiorgroup.net,https://www.superiorgroup.net,Tony Falco,https://evitp.org/ohio/listing/the-superior-group,evitp.org,2026-08-31
41.130872,-81.441375,ohio,"Thompson Electric, Inc.","49 Northmoreland Avenue, Munroe Falls, OH, 44262, USA",3302562349,john@thompsonelectric.com,https://www.thompsonelectric.com/,John Haag,https://evitp.org/ohio/listing/thompson-electric-inc,evitp.org,2026-08-31
41.625892,-83.653005,ohio,Transtar Electric,"767 Warehouse Road, Toledo, OH, 43615, USA",4193857573,rj@transtarcorp.com,https://transtarcorp.com/,RJ Wisniewski,https://evitp.org/ohio/listing/transtar-electric,evitp.org,2026-08-31
40.429405,-80.769503,ohio,TS Electric,"210 South Park Street, Richmond, OH 43944, USA",7407654321,ts.electric@comcast.net,http://www.tselectricohio.com/,Jason Eddy,https://evitp.org/ohio/listing/ts-electric,evitp.org,2026-08-31
41.674488,-83.747582,ohio,Turner Electric,"8530 West Central Avenue, Sylvania, OH, 43560, USA",4198415446,chad@turnerelectricalservices.com,https://www.turnerelectricalservices.com/,Chad Turner,https://evitp.org/ohio/listing/turner-electric,evitp.org,2026-08-31
41.516791,-83.46449,ohio,U.S. Utility,"3592 Genoa Road, Perrysburg, OH 43551, USA",4198379753,tulery@usutility.com,,Tony Ulery,https://evitp.org/ohio/listing/u-s-utility,evitp.org,2026-08-31
39.140125,-84.539133,ohio,United Electric,"1309 Ethan Avenue, Cincinnati, OH 45225, USA",5133837547,rickrebholz@unitedelec.com,https://www.unitedelec.com/,Rick Rebholz,https://evitp.org/ohio/listing/united-electric,evitp.org,2026-08-31
40.417287,-82.907123,ohio,"United Electrical of Wheeling, Inc","Ohio, USA",3042321330,unitedel@swave.net,,Robert Kubovicz,https://evitp.org/ohio/listing/united-electrical-of-wheeling-inc,evitp.org,2026-08-31
41.737242,-81.277923,ohio,"V. L. Chapman Electric, Inc.","624 River Street, Grand River, OH, 44045, USA",4403542310,lad@vlchapmanelectric.com,https://vlchapmanelectric.com/,Lad Chapman,https://evitp.org/ohio/listing/v-l-chapman-electric-inc,evitp.org,2026-08-31
41.665632,-81.341551,ohio,V.I.P. Electric Company,"8358 Mentor Avenue, Mentor, OH, 44060, USA",4402550180,kevin@vipelectric.com,http://www.vipelectric.com/,Kevin Yayo,https://evitp.org/ohio/listing/v-i-p-electric-company,evitp.org,2026-08-31
41.483411,-81.629795,ohio,"Veterans Electrical Group, LLC","8100 Grand Avenue, Suite 700, Cleveland, OH, 44104, USA",2164136036,london@Vegelectrical.com,,London Burnett,https://evitp.org/ohio/listing/veterans-electrical-group-llc,evitp.org,2026-08-31
41.096967,-80.873539,ohio,"W.T. Leone's Tri-Area Electric Co., Inc.","185 Rosemont Road, North Jackson, OH, 44451, USA",3205653586,joe@triareaelectric.com,,Jon Delullo,https://evitp.org/ohio/listing/w-t-leones-tri-area-electric-co-inc,evitp.org,2026-08-31
40.034548,-82.96141,ohio,"Watt 1 Electrical Systems, LLC","1994 Britains Lane, Columbus, OH, 43224, USA",6142164573,watt1electrical@att.net,https://watt1electrical.com/,"Michael Watkins, Sr.",https://evitp.org/ohio/listing/watt-1-electrical-systems-llc,evitp.org,2026-08-31
38.731348,-82.999122,ohio,"West End Electric Co., Inc","640 2nd Street, Portsmouth, OH 45662, USA",7403548671,miles@westendelectricco.com,http://www.westendelectricco.com/,Miles Ferguson,https://evitp.org/ohio/listing/west-end-electric-co-inc,evitp.org,2026-08-31
40.417287,-82.907123,ohio,White Electrical Construction Company,"Ohio, USA",19126637148,sgraham@white-electrical.com,http://www.white-electrical.com/,Scott Graham,https://evitp.org/ohio/listing/white-electrical-construction-company,evitp.org,2026-08-31
41.422684,-81.513803,ohio,Zenith Systems,"5055 Corbin Drive, Bedford Heights, OH, 44128, USA",2165879510,vandrews@zenithsystems.com,http://www.zenithsystems.com/,"Vince Andrews              
             
                             
         
     
 
         
     
     
         
             
                  Redo search when map moved 
             
              
         
     
 
 
 
 
     
         Showing 92 results 
     
  
 
 											 

									 
					 
			 
   
    

	 
		 

			 
	 
		
		 
			 

				
 
			 
			 			  
	   


 
 

 
	   


The Electric Vehicle Infrastructure Training Program (EVITP) provides training and certification for electricians installing electric vehicle supply equipment (EVSE).  
		 		 
			 
					 
			 
			 			  
		 		 
			 
			  Contact Info 			  
	 
		 
			  		 
	 
	  Canada: www.NETCO.org 
 

 
	 
		 
			  		 
	 
	  United States:  EVITP, 811 N. Main Street, Suite 202,                     Royal Oak, MI  48067
 
 

 
	 
		 
			  		 
	 
	   info@evitp.org 
  
		 		 
	 			 
		 
		 
 


 
			 
			 

			
			 

			 
	 
		 Copyright © 2026 EVITP - ALL RIGHTS RESERVED -  TERMS OF USE  	 
	 
			 
 
			 

				 
		 
	 
		 
	 

   
   
 
{""prefetch"":[{""source"":""document"",""where"":{""and"":[{""href_matches"":""/*""},{""not"":{""href_matches"":[""/wp-*.php"",""/wp-admin/*"",""/wp-content/uploads/*"",""/wp-content/*"",""/wp-content/plugins/*"",""/wp-content/themes/siennawp/*"",""/*\\?(.+)""]}},{""not"":{""selector_matches"":""a[rel~=\""nofollow\""]""}},{""not"":{""selector_matches"":"".no-prefetch, .no-prefetch a""}}]},""eagerness"":""conservative""}]}
 
		  
		 
jQuery(document).ready(function($) {
SABAI.init($(""#sabai-content""));
});
   
  
  
  
  
  
  
 
wp.i18n.setLocaleData( { 'text direction\u0004ltr': [ 'ltr' ] } );
//# sourceURL=wp-i18n-js-after
 
  
 
var wpcf7 = {
    ""api"": {
        ""root"": ""https:\/\/evitp.org\/wp-json\/"",
        ""namespace"": ""contact-form-7\/v1""
    }
};
//# sourceURL=contact-form-7-js-before
 
  
 
var cf7appsHoneypotRefill = {""forceRefillOnInit"":""""};
//# sourceURL=cf7apps-honeypot-refill-js-extra
 
  
  
  
 
var mejsL10n = {""language"":""en"",""strings"":{""mejs.download-file"":""Download File"",""mejs.install-flash"":""You are using a browser that does not have Flash player enabled or installed. Please turn on your Flash player plugin or download the latest version from https://get.adobe.com/flashplayer/"",""mejs.fullscreen"":""Fullscreen"",""mejs.play"":""Play"",""mejs.pause"":""Pause"",""mejs.time-slider"":""Time Slider"",""mejs.time-help-text"":""Use Left/Right Arrow keys to advance one second, Up/Down arrows to advance ten seconds."",""mejs.live-broadcast"":""Live Broadcast"",""mejs.volume-help-text"":""Use Up/Down Arrow keys to increase or decrease volume."",""mejs.unmute"":""Unmute"",""mejs.mute"":""Mute"",""mejs.volume-slider"":""Volume Slider"",""mejs.video-player"":""Video Player"",""mejs.audio-player"":""Audio Player"",""mejs.captions-subtitles"":""Captions/Subtitles"",""mejs.captions-chapters"":""Chapters"",""mejs.none"":""None"",""mejs.afrikaans"":""Afrikaans"",""mejs.albanian"":""Albanian"",""mejs.arabic"":""Arabic"",""mejs.belarusian"":""Belarusian"",""mejs.bulgarian"":""Bulgarian"",""mejs.catalan"":""Catalan"",""mejs.chinese"":""Chinese"",""mejs.chinese-simplified"":""Chinese (Simplified)"",""mejs.chinese-traditional"":""Chinese (Traditional)"",""mejs.croatian"":""Croatian"",""mejs.czech"":""Czech"",""mejs.danish"":""Danish"",""mejs.dutch"":""Dutch"",""mejs.english"":""English"",""mejs.estonian"":""Estonian"",""mejs.filipino"":""Filipino"",""mejs.finnish"":""Finnish"",""mejs.french"":""French"",""mejs.galician"":""Galician"",""mejs.german"":""German"",""mejs.greek"":""Greek"",""mejs.haitian-creole"":""Haitian Creole"",""mejs.hebrew"":""Hebrew"",""mejs.hindi"":""Hindi"",""mejs.hungarian"":""Hungarian"",""mejs.icelandic"":""Icelandic"",""mejs.indonesian"":""Indonesian"",""mejs.irish"":""Irish"",""mejs.italian"":""Italian"",""mejs.japanese"":""Japanese"",""mejs.korean"":""Korean"",""mejs.latvian"":""Latvian"",""mejs.lithuanian"":""Lithuanian"",""mejs.macedonian"":""Macedonian"",""mejs.malay"":""Malay"",""mejs.maltese"":""Maltese"",""mejs.norwegian"":""Norwegian"",""mejs.persian"":""Persian"",""mejs.polish"":""Polish"",""mejs.portuguese"":""Portuguese"",""mejs.romanian"":""Romanian"",""mejs.russian"":""Russian"",""mejs.serbian"":""Serbian"",""mejs.slovak"":""Slovak"",""mejs.slovenian"":""Slovenian"",""mejs.spanish"":""Spanish"",""mejs.swahili"":""Swahili"",""mejs.swedish"":""Swedish"",""mejs.tagalog"":""Tagalog"",""mejs.thai"":""Thai"",""mejs.turkish"":""Turkish"",""mejs.ukrainian"":""Ukrainian"",""mejs.vietnamese"":""Vietnamese"",""mejs.welsh"":""Welsh"",""mejs.yiddish"":""Yiddish""}};
//# sourceURL=mediaelement-core-js-before
 
  
  
 
var _wpmejsSettings = {""pluginPath"":""/wp-includes/js/mediaelement/"",""classPrefix"":""mejs-"",""stretching"":""responsive"",""audioShortcodeLibrary"":""mediaelement"",""videoShortcodeLibrary"":""mediaelement""};
//# sourceURL=mediaelement-js-extra
 
  
  
  
  
  
  
  
  
  
  
  
  
  
  
  
  
  
  
  
  
  
  
  
  
  
  
  
  
  
  
  
  
 
var mkdfGlobalVars = {""vars"":{""mkdfAddForAdminBar"":0,""mkdfElementAppearAmount"":-150,""mkdfFinishedMessage"":""No more posts"",""mkdfMessage"":""Loading new posts..."",""mkdfTopBarHeight"":42,""mkdfStickyHeaderHeight"":0,""mkdfStickyHeaderTransparencyHeight"":60,""mkdfLogoAreaHeight"":0,""mkdfMenuAreaHeight"":131,""mkdfMobileHeaderHeight"":100}};
var mkdfPerPageVars = {""vars"":{""mkdfStickyScrollAmount"":450,""mkdfStickyScrollAmountFullScreen"":false,""mkdfHeaderTransparencyHeight"":0}};
//# sourceURL=sienna-mikado-modules-js-extra
 
  
  
  
 
var mkdfLike = {""ajaxurl"":""https://evitp.org/wp-admin/admin-ajax.php""};
//# sourceURL=sienna-mikado-like-js-extra
 
  
 
var GEM = {""thankyou"":""Thank you for signing up!"",""thankyou_suppressed"":""Thank you for signing up! Please check your email to confirm your subscription."",""oops"":""Oops! There was a problem. Please try again."",""email"":""Please enter a valid email address."",""required"":""%s is a required field.""};
//# sourceURL=gem-main-js-extra
 
  
  
  
 
var wpcf7_recaptcha = {
    ""sitekey"": ""6LdAGgcgAAAAALmBeuQZgYH6HTEI3KlPBF86-YxA"",
    ""actions"": {
        ""homepage"": ""homepage"",
        ""contactform"": ""contactform""
    }
};
//# sourceURL=wpcf7-recaptcha-js-before
 
  
 
{""baseUrl"":""https://s.w.org/images/core/emoji/17.0.2/72x72/"",""ext"":"".png"",""svgUrl"":""https://s.w.org/images/core/emoji/17.0.2/svg/"",""svgExt"":"".svg"",""source"":{""concatemoji"":""https://evitp.org/wp-includes/js/wp-emoji-release.min.js?ver=7.0.4""}}
 
 
/*! This file is auto-generated */
var e=""script#wp-emoji-settings"",t=document.querySelector(e);if(!(t instanceof HTMLScriptElement))throw new Error(""Element missing: ""+e);const r=JSON.parse(t.text),s=(window._wpemojiSettings=r,""wpEmojiSettingsSupports""),o=[""flag"",""emoji""];function i(e){try{var t={supportTests:e,timestamp:(new Date).valueOf()};sessionStorage.setItem(s,JSON.stringify(t))}catch(e){}}function c(e,t,n){e.clearRect(0,0,e.canvas.width,e.canvas.height),e.fillText(t,0,0);t=new Uint32Array(e.getImageData(0,0,e.canvas.width,e.canvas.height).data);e.clearRect(0,0,e.canvas.width,e.canvas.height),e.fillText(n,0,0);const r=new Uint32Array(e.getImageData(0,0,e.canvas.width,e.canvas.height).data);return t.every((e,t)=>e===r[t])}function p(e,t){e.clearRect(0,0,e.canvas.width,e.canvas.height),e.fillText(t,0,0);var n=e.getImageData(16,16,1,1);for(let e=0;e {o[e]=t(s,e,n,r)}),o}function a(e){var t=document.createElement(""script"");t.src=e,t.defer=!0,document.head.appendChild(t)}r.supports={everything:!0,everythingExceptFlag:!0},new Promise(t=>{let n=function(){try{var e=JSON.parse(sessionStorage.getItem(s));if(""object""==typeof e&&""number""==typeof e.timestamp&&(new Date).valueOf() {i(n=e.data),a.terminate(),t(n)})}catch(e){}i(n=f(o,u,c,p))}t(n)}).then(e=>{for(const n in e)r.supports[n]=e[n],r.supports.everything=r.supports.everything&&r.supports[n],""flag""!==n&&(r.supports.everythingExceptFlag=r.supports.everythingExceptFlag&&r.supports[n]);var t;r.supports.everythingExceptFlag=r.supports.everythingExceptFlag&&!r.supports.flag,r.supports.everything||((t=r.source||{}).concatemoji?a(t.concatemoji):t.wpemoji&&t.twemoji&&(a(t.twemoji),a(t.wpemoji)))});
//# sourceURL=https://evitp.org/wp-includes/js/wp-emoji-loader.min.js
 
 			  
			 
				/* @v3-js:start */
					let c4wp_onloadCallback = function() {
						for ( var i = 0; i   {
						if ( typeof jQuery !== 'undefined' && jQuery( 'input[id*=""c4wp-wc-checkout""]' ).length ) {
							var element = document.createElement('div');
							var html = '     ';
							element.innerHTML = html;
							jQuery( '[class*=""c4wp-wc-checkout""]' ).append( element );
							jQuery( '[class*=""c4wp-wc-checkout""]' ).find('*').off();
							c4wp_onloadCallback();
						}
					});
				/* @v3-js:end */",https://evitp.org/ohio/listing/zenith-systems,evitp.org,2026-08-31
35.007752,-97.092877,oklahoma,"Ace Electrical Contractors, Inc.","Oklahoma, USA",17636948800,palml@aceelectrical.net,http://aceelectrical.net/,Larry Palm,https://evitp.org/oklahoma/listing/ace-electrical-contractors-inc,evitp.org,2026-08-31
35.007752,-97.092877,oklahoma,"Aldridge Electric, Inc.","Oklahoma, USA",18472761127,ggraz@bgelectrical.com,https://www.aldridgegroup.com/,Gina Giovannetti,https://evitp.org/oklahoma/listing/aldridge-electric-inc,evitp.org,2026-08-31
36.062161,-95.965125,oklahoma,Angler Electrical Services,"1831 East 71st Street, Tulsa, OK, 74136, USA",9188772603,eric@anglerelectric.com,,Eric Wilkins,https://evitp.org/oklahoma/listing/angler-electrical-services,evitp.org,2026-08-31
36.156276,-95.841212,oklahoma,"BridgePoint Electric, inc.","171 S 122nd E Ave, Tulsa, OK, 74128, USA",9183875358,josh@bridgepointelectric.com,https://bridgepointelectric.com/,Joshua Bridgeman,https://evitp.org/oklahoma/listing/bridgepoint-electric-inc,evitp.org,2026-08-31
35.452453,-97.550893,oklahoma,D&H United Fueling Solutions,"2010 Exchange Ave, Oklahoma City, OK, 73108, USA",8323855621,mmccabe@dh-united.com,https://dh-united.com/,Mike McCabe,https://evitp.org/oklahoma/listing/dh-united-fueling-solutions,evitp.org,2026-08-31
36.097549,-95.868144,oklahoma,D&H United Fueling Solutions,"4545 South Mingo Road, Tulsa, OK, 74146, USA",8323855621,mmccabe@dh-united.com,https://dh-united.com/,Mike McCabe,https://evitp.org/oklahoma/listing/dh-united-fueling-solutions-1,evitp.org,2026-08-31
35.446741,-97.604458,oklahoma,Dane & Associates Electric Co.,"4721 Southwest 18th Street, Oklahoma City, OK, 73128, USA",4056860290,jasonwatts@daneelectric.com,https://daneelectric.com/,Jason Watts,https://evitp.org/oklahoma/listing/dane-associates-electric-co,evitp.org,2026-08-31
35.007752,-97.092877,oklahoma,"Decker Electric, inc.","Oklahoma, USA",13162658182,bwilson@decker-electric.com,https://www.decker-electric.com/,Ben Wilson,https://evitp.org/oklahoma/listing/decker-electric-inc,evitp.org,2026-08-31
35.007752,-97.092877,oklahoma,Dynamic EVC,"Oklahoma, USA",8166828414,nate@dynamicevc.com,https://dynamicevc.com/,Nate Fleener,https://evitp.org/oklahoma/listing/dynamic-evc,evitp.org,2026-08-31
35.049994,-97.941304,oklahoma,"Electrical Technologies, Inc.","P.O. Box 308, Chickasha, OK. 73023-0308, USA",4052249100,joeh@etiok.net,,Joe Hutmacher,https://evitp.org/oklahoma/listing/electrical-technologies-inc,evitp.org,2026-08-31
35.007752,-97.092877,oklahoma,"EMS Electric, LLC.","Oklahoma, USA",13183760976,josh@emselectric.com,http://emselectric.com/,Josh Palmer,https://evitp.org/oklahoma/listing/ems-electric-llc,evitp.org,2026-08-31
36.152283,-95.989455,oklahoma,Francis Energy,"15 E 5th St, Tulsa, OK 74103, USA",9188639747,abradberry@francisenergy.com,https://francisenergy.com/,Charles Bradberry,https://evitp.org/oklahoma/listing/francis-energy,evitp.org,2026-08-31
35.333868,-97.49038,oklahoma,Guerrero Electrical Services,"P. O. Box 7512, Moore, OK. 73153 USA",4055206617,noah@guerreroelectrical.com,https://www.guerreroelectrical.com/,Noah Guerrero,https://evitp.org/oklahoma/listing/guerrero-electrican-services,evitp.org,2026-08-31
36.75065,-95.995383,oklahoma,"Holtz Electric, Inc.","318 Southwest Adeline Avenue, Bartlesville, OK, 74003, USA",9183365971,bholtz@holtzelectric.com,http://holtzelectric.com/,Todd Holtz,https://evitp.org/oklahoma/listing/holtz-electric-inc,evitp.org,2026-08-31
35.007752,-97.092877,oklahoma,Income Power,"Oklahoma, USA",8088662118,plloyd@incomepowerllc.com,https://www.incomepowerllc.com/,Patrick Lloyd,https://evitp.org/oklahoma/listing/income-power,evitp.org,2026-08-31
35.007752,-97.092877,oklahoma,"J.F. Electric, Inc.","Oklahoma, USA",6187975353,estimating@jfelectric.com,https://www.jfelectric.com/,Les Benton,https://evitp.org/oklahoma/listing/j-f-electric-inc-1,evitp.org,2026-08-31
35.505648,-97.521344,oklahoma,Joplin Industrial Electric,"Oklahoma, USA",4179527246,jeff@joplinelectric.com,https://www.joplinelectric.com/,Jeff Cartright,https://evitp.org/oklahoma/listing/joplin-industrial-electric,evitp.org,2026-08-31
35.007752,-97.092877,oklahoma,Laibe Electric Co.,"Oklahoma, USA",14197248200,mikedeaton@laibe.com,https://laibe.com/,Michael A. Deaton,https://evitp.org/oklahoma/listing/laibe-electric-co,evitp.org,2026-08-31
35.510119,-97.499371,oklahoma,Miller Electric Company,"OK, USA",9048324423,mhall@mecojax.com,https://www.mecojax.com/,Mike Hall,https://evitp.org/oklahoma/listing/miller-electric-company,evitp.org,2026-08-31
35.787847,-95.323728,oklahoma,Moore Electric & Logistics,"3600 River Bend Rd, Muskogee, OK 74403, USA",9186865509,moore_electric@sbcglobal.net,https://www.mooreelectricandlogistics.com/,Dennis Moore,https://evitp.org/oklahoma/listing/moore-electric-logistics,evitp.org,2026-08-31
35.007752,-97.092877,oklahoma,Muska Electric Company,"Oklahoma, USA",16516365820,tolson@muskaelectric.com,https://www.muskacompanies.com/,Ted Olson,https://evitp.org/oklahoma/listing/muska-electric-company,evitp.org,2026-08-31
35.46756,-97.516428,oklahoma,New River Electrical Corporation,"Oklahoma, USA",5405267501,ahartsfield@nrec.ne,https://www.newriverelectrical.com/,Jonathan Aaron Hartsfield,https://evitp.org/oklahoma/listing/new-river-electrical-corporation,evitp.org,2026-08-31
35.38678,-97.703868,oklahoma,"Noralta Technologies USA, Inc.","1031 E Thunderbird Ln suite 105, Mustang, OK, 73064, USA",4053122648,,https://www.noralta.com/,,https://evitp.org/oklahoma/listing/noralta-technologies-usa-inc,evitp.org,2026-08-31
35.007752,-97.092877,oklahoma,P1 Construction,"Oklahoma, USA",7858432910,glen.herring@p1group.com,https://p1group.com/,,https://evitp.org/oklahoma/listing/p1-construction,evitp.org,2026-08-31
35.007752,-97.092877,oklahoma,Parsons Electric,"Oklahoma, USA",17635287670,brad.bacon@pecsolutions.com,https://www.pecsolutions.com/,Brad Bacon,https://evitp.org/oklahoma/listing/parsons-electric,evitp.org,2026-08-31
35.283626,-97.72411,oklahoma,Prime Tech Automation,"517 South Mustang Road, Tuttle, OK 73089, USA",5804301514,jonnier@primetechtx.com,https://primetechtx.com/,Jonnie Reed,https://evitp.org/oklahoma/listing/prime-tech-automation,evitp.org,2026-08-31
36.179545,-95.896651,oklahoma,"Shoemaker Electric, LLC.","1623 North 71st East Avenue, Tulsa, OK, 74115, USA",9185851239,cmoser@shoemakerelectricllc.com,http://shoemakerac.com/,Chris Moser,https://evitp.org/oklahoma/listing/shoemaker-electric-llc,evitp.org,2026-08-31
35.759181,-95.455953,oklahoma,Strickland Electric Inc.,"501 Mockingbird Lane, Muskogee, OK 74401, USA",9184411785,,http://www.stricklandelectric-ok.com/,,https://evitp.org/oklahoma/listing/strickland-electric-inc,evitp.org,2026-08-31
35.007752,-97.092877,oklahoma,"T&B Electric, LLC","Oklahoma, USA",6208990781,office@tbelectric.com,https://www.tb-electric.com/,Travis Kinast or Blaine Barnes,https://evitp.org/oklahoma/listing/tb-electric-llc,evitp.org,2026-08-31
35.007752,-97.092877,oklahoma,The Oscar W. Larson Company,"Oklahoma, USA",8103974757,justin.spence@owlservices.com,https://www.larsonco.com/,Justin Spence,https://evitp.org/oklahoma/listing/the-oscar-w-larson-company,evitp.org,2026-08-31
35.007752,-97.092877,oklahoma,The State Group Industrial (USA) Limited,"Oklahoma, USA",5869921572,Michigan.estimating@stategroup.com,https://stategroup.com/,"Gino Robinet – Statewide Coordinator              
             
                             
         
     
 
     
     
         
             
                  Redo search when map moved 
             
              
         
     
 
 
 
 
     
         Showing 31 results 
     
  
 
 											 

									 
					 
			 
   
    

	 
		 

			 
	 
		
		 
			 

				
 
			 
			 			  
	   


 
 

 
	   


The Electric Vehicle Infrastructure Training Program (EVITP) provides training and certification for electricians installing electric vehicle supply equipment (EVSE).  
		 		 
			 
					 
			 
			 			  
		 		 
			 
			  Contact Info 			  
	 
		 
			  		 
	 
	  Canada: www.NETCO.org 
 

 
	 
		 
			  		 
	 
	  United States:  EVITP, 811 N. Main Street, Suite 202,                     Royal Oak, MI  48067
 
 

 
	 
		 
			  		 
	 
	   info@evitp.org 
  
		 		 
	 			 
		 
		 
 


 
			 
			 

			
			 

			 
	 
		 Copyright © 2026 EVITP - ALL RIGHTS RESERVED -  TERMS OF USE  	 
	 
			 
 
			 

				 
		 
	 
		 
	 

   
   
 
{""prefetch"":[{""source"":""document"",""where"":{""and"":[{""href_matches"":""/*""},{""not"":{""href_matches"":[""/wp-*.php"",""/wp-admin/*"",""/wp-content/uploads/*"",""/wp-content/*"",""/wp-content/plugins/*"",""/wp-content/themes/siennawp/*"",""/*\\?(.+)""]}},{""not"":{""selector_matches"":""a[rel~=\""nofollow\""]""}},{""not"":{""selector_matches"":"".no-prefetch, .no-prefetch a""}}]},""eagerness"":""conservative""}]}
 
		  
		 
jQuery(document).ready(function($) {
SABAI.init($(""#sabai-content""));
});
   
  
  
  
  
  
  
 
wp.i18n.setLocaleData( { 'text direction\u0004ltr': [ 'ltr' ] } );
//# sourceURL=wp-i18n-js-after
 
  
 
var wpcf7 = {
    ""api"": {
        ""root"": ""https:\/\/evitp.org\/wp-json\/"",
        ""namespace"": ""contact-form-7\/v1""
    }
};
//# sourceURL=contact-form-7-js-before
 
  
 
var cf7appsHoneypotRefill = {""forceRefillOnInit"":""""};
//# sourceURL=cf7apps-honeypot-refill-js-extra
 
  
  
  
 
var mejsL10n = {""language"":""en"",""strings"":{""mejs.download-file"":""Download File"",""mejs.install-flash"":""You are using a browser that does not have Flash player enabled or installed. Please turn on your Flash player plugin or download the latest version from https://get.adobe.com/flashplayer/"",""mejs.fullscreen"":""Fullscreen"",""mejs.play"":""Play"",""mejs.pause"":""Pause"",""mejs.time-slider"":""Time Slider"",""mejs.time-help-text"":""Use Left/Right Arrow keys to advance one second, Up/Down arrows to advance ten seconds."",""mejs.live-broadcast"":""Live Broadcast"",""mejs.volume-help-text"":""Use Up/Down Arrow keys to increase or decrease volume."",""mejs.unmute"":""Unmute"",""mejs.mute"":""Mute"",""mejs.volume-slider"":""Volume Slider"",""mejs.video-player"":""Video Player"",""mejs.audio-player"":""Audio Player"",""mejs.captions-subtitles"":""Captions/Subtitles"",""mejs.captions-chapters"":""Chapters"",""mejs.none"":""None"",""mejs.afrikaans"":""Afrikaans"",""mejs.albanian"":""Albanian"",""mejs.arabic"":""Arabic"",""mejs.belarusian"":""Belarusian"",""mejs.bulgarian"":""Bulgarian"",""mejs.catalan"":""Catalan"",""mejs.chinese"":""Chinese"",""mejs.chinese-simplified"":""Chinese (Simplified)"",""mejs.chinese-traditional"":""Chinese (Traditional)"",""mejs.croatian"":""Croatian"",""mejs.czech"":""Czech"",""mejs.danish"":""Danish"",""mejs.dutch"":""Dutch"",""mejs.english"":""English"",""mejs.estonian"":""Estonian"",""mejs.filipino"":""Filipino"",""mejs.finnish"":""Finnish"",""mejs.french"":""French"",""mejs.galician"":""Galician"",""mejs.german"":""German"",""mejs.greek"":""Greek"",""mejs.haitian-creole"":""Haitian Creole"",""mejs.hebrew"":""Hebrew"",""mejs.hindi"":""Hindi"",""mejs.hungarian"":""Hungarian"",""mejs.icelandic"":""Icelandic"",""mejs.indonesian"":""Indonesian"",""mejs.irish"":""Irish"",""mejs.italian"":""Italian"",""mejs.japanese"":""Japanese"",""mejs.korean"":""Korean"",""mejs.latvian"":""Latvian"",""mejs.lithuanian"":""Lithuanian"",""mejs.macedonian"":""Macedonian"",""mejs.malay"":""Malay"",""mejs.maltese"":""Maltese"",""mejs.norwegian"":""Norwegian"",""mejs.persian"":""Persian"",""mejs.polish"":""Polish"",""mejs.portuguese"":""Portuguese"",""mejs.romanian"":""Romanian"",""mejs.russian"":""Russian"",""mejs.serbian"":""Serbian"",""mejs.slovak"":""Slovak"",""mejs.slovenian"":""Slovenian"",""mejs.spanish"":""Spanish"",""mejs.swahili"":""Swahili"",""mejs.swedish"":""Swedish"",""mejs.tagalog"":""Tagalog"",""mejs.thai"":""Thai"",""mejs.turkish"":""Turkish"",""mejs.ukrainian"":""Ukrainian"",""mejs.vietnamese"":""Vietnamese"",""mejs.welsh"":""Welsh"",""mejs.yiddish"":""Yiddish""}};
//# sourceURL=mediaelement-core-js-before
 
  
  
 
var _wpmejsSettings = {""pluginPath"":""/wp-includes/js/mediaelement/"",""classPrefix"":""mejs-"",""stretching"":""responsive"",""audioShortcodeLibrary"":""mediaelement"",""videoShortcodeLibrary"":""mediaelement""};
//# sourceURL=mediaelement-js-extra
 
  
  
  
  
  
  
  
  
  
  
  
  
  
  
  
  
  
  
  
  
  
  
  
  
  
  
  
  
  
  
  
  
 
var mkdfGlobalVars = {""vars"":{""mkdfAddForAdminBar"":0,""mkdfElementAppearAmount"":-150,""mkdfFinishedMessage"":""No more posts"",""mkdfMessage"":""Loading new posts..."",""mkdfTopBarHeight"":42,""mkdfStickyHeaderHeight"":0,""mkdfStickyHeaderTransparencyHeight"":60,""mkdfLogoAreaHeight"":0,""mkdfMenuAreaHeight"":131,""mkdfMobileHeaderHeight"":100}};
var mkdfPerPageVars = {""vars"":{""mkdfStickyScrollAmount"":450,""mkdfStickyScrollAmountFullScreen"":false,""mkdfHeaderTransparencyHeight"":0}};
//# sourceURL=sienna-mikado-modules-js-extra
 
  
  
  
 
var mkdfLike = {""ajaxurl"":""https://evitp.org/wp-admin/admin-ajax.php""};
//# sourceURL=sienna-mikado-like-js-extra
 
  
 
var GEM = {""thankyou"":""Thank you for signing up!"",""thankyou_suppressed"":""Thank you for signing up! Please check your email to confirm your subscription."",""oops"":""Oops! There was a problem. Please try again."",""email"":""Please enter a valid email address."",""required"":""%s is a required field.""};
//# sourceURL=gem-main-js-extra
 
  
  
  
 
var wpcf7_recaptcha = {
    ""sitekey"": ""6LdAGgcgAAAAALmBeuQZgYH6HTEI3KlPBF86-YxA"",
    ""actions"": {
        ""homepage"": ""homepage"",
        ""contactform"": ""contactform""
    }
};
//# sourceURL=wpcf7-recaptcha-js-before
 
  
 
{""baseUrl"":""https://s.w.org/images/core/emoji/17.0.2/72x72/"",""ext"":"".png"",""svgUrl"":""https://s.w.org/images/core/emoji/17.0.2/svg/"",""svgExt"":"".svg"",""source"":{""concatemoji"":""https://evitp.org/wp-includes/js/wp-emoji-release.min.js?ver=7.0.4""}}
 
 
/*! This file is auto-generated */
var e=""script#wp-emoji-settings"",t=document.querySelector(e);if(!(t instanceof HTMLScriptElement))throw new Error(""Element missing: ""+e);const r=JSON.parse(t.text),s=(window._wpemojiSettings=r,""wpEmojiSettingsSupports""),o=[""flag"",""emoji""];function i(e){try{var t={supportTests:e,timestamp:(new Date).valueOf()};sessionStorage.setItem(s,JSON.stringify(t))}catch(e){}}function c(e,t,n){e.clearRect(0,0,e.canvas.width,e.canvas.height),e.fillText(t,0,0);t=new Uint32Array(e.getImageData(0,0,e.canvas.width,e.canvas.height).data);e.clearRect(0,0,e.canvas.width,e.canvas.height),e.fillText(n,0,0);const r=new Uint32Array(e.getImageData(0,0,e.canvas.width,e.canvas.height).data);return t.every((e,t)=>e===r[t])}function p(e,t){e.clearRect(0,0,e.canvas.width,e.canvas.height),e.fillText(t,0,0);var n=e.getImageData(16,16,1,1);for(let e=0;e {o[e]=t(s,e,n,r)}),o}function a(e){var t=document.createElement(""script"");t.src=e,t.defer=!0,document.head.appendChild(t)}r.supports={everything:!0,everythingExceptFlag:!0},new Promise(t=>{let n=function(){try{var e=JSON.parse(sessionStorage.getItem(s));if(""object""==typeof e&&""number""==typeof e.timestamp&&(new Date).valueOf() {i(n=e.data),a.terminate(),t(n)})}catch(e){}i(n=f(o,u,c,p))}t(n)}).then(e=>{for(const n in e)r.supports[n]=e[n],r.supports.everything=r.supports.everything&&r.supports[n],""flag""!==n&&(r.supports.everythingExceptFlag=r.supports.everythingExceptFlag&&r.supports[n]);var t;r.supports.everythingExceptFlag=r.supports.everythingExceptFlag&&!r.supports.flag,r.supports.everything||((t=r.source||{}).concatemoji?a(t.concatemoji):t.wpemoji&&t.twemoji&&(a(t.twemoji),a(t.wpemoji)))});
//# sourceURL=https://evitp.org/wp-includes/js/wp-emoji-loader.min.js
 
 			  
			 
				/* @v3-js:start */
					let c4wp_onloadCallback = function() {
						for ( var i = 0; i   {
						if ( typeof jQuery !== 'undefined' && jQuery( 'input[id*=""c4wp-wc-checkout""]' ).length ) {
							var element = document.createElement('div');
							var html = '     ';
							element.innerHTML = html;
							jQuery( '[class*=""c4wp-wc-checkout""]' ).append( element );
							jQuery( '[class*=""c4wp-wc-checkout""]' ).find('*').off();
							c4wp_onloadCallback();
						}
					});
				/* @v3-js:end */",https://evitp.org/oklahoma/listing/the-state-group-industrial-usa-limited,evitp.org,2026-08-31
45.757702,-122.878068,oregon,"A+ Electrical Services, Inc.","PO Box 446, Scappoose, Oregon, 97056, USA",5032847300,jim@apluselectricalpdx.com,https://apelectrical.net/,Jim Courtney,https://evitp.org/oregon/listing/a-electrical-services-inc,evitp.org,2026-08-31
44.646507,-124.054642,oregon,"Aboveboard Electric, Inc.","P.O. Box 2042/1247 NW Grove Street, Suite 2, Newport, OR. 97365",5415742948,aboveboardelectric@gmail.com,https://www.aboveboardelectric.com/,Rand Smith II,https://evitp.org/oregon/listing/aboveboard-electric-inc,evitp.org,2026-08-31
44.646507,-124.054642,oregon,"Aboveboard Electric, Inc.","P.O. Box 2042/1247 NW Grove Street, Suite 2, Newport, OR. 97365",5415742948,aboveboardelectric@gmail.com,https://www.aboveboardelectric.com/,Randy Smith II,https://evitp.org/oregon/listing/aboveboard-electric-inc-1,evitp.org,2026-08-31
43.804133,-120.554201,oregon,"Ace Electrical Contractors, Inc.","Oregon, USA",17636948800,palml@aceelectrical.net,http://aceelectrical.net/,Larry Palm,https://evitp.org/oregon/listing/ace-electrical-contractors-inc,evitp.org,2026-08-31
45.547828,-122.61807,oregon,Alameda Electric,"3415 NE 44th Ave, Portland, OR, 97213, USA",5033192192,solarpdx@me.com,,David Thompson,https://evitp.org/oregon/listing/alameda-electric,evitp.org,2026-08-31
45.87598,-122.707522,oregon,ALCO Electric,"Oregon, USA",3609461307,,https://alco-electric.com/,Brian Alexander,https://evitp.org/oregon/listing/alco-electric,evitp.org,2026-08-31
43.804133,-120.554201,oregon,"Aldridge Electric, Inc.","Oregon, USA",18472761127,ggiovannetti@aldridgegroup.com,https://www.aldridgegroup.com/,Gina Giovannetti,https://evitp.org/oregon/listing/aldridge-electric-inc,evitp.org,2026-08-31
44.059912,-123.017935,oregon,Alternate Source Energy,"P.O. Box 428, Springfield, OR 97477, USA",5413210073,trevor@alternatesourceenergy.com,https://alternatesourceenergy.com/,Trevor Stephens,https://evitp.org/oregon/listing/alternate-source-energy,evitp.org,2026-08-31
43.804133,-120.554201,oregon,"BlueCore Power, LLC","Oregon, USA",5038910410,Chris.Kosmas@bluecorepower.com,https://www.bluecorepower.com/,Chris Kosmas,https://evitp.org/oregon/listing/bluecore-power-llc,evitp.org,2026-08-31
43.804133,-120.554201,oregon,Brytemove Energy,"Oregon, USA",7142379200,jkrajniak@brytemove.com,https://www.brytemove.com/,David Krajniak,https://evitp.org/oregon/listing/brytemove-energy,evitp.org,2026-08-31
45.403539,-122.288878,oregon,Bull Run Electric,"36409 Industrial Way, Sandy, OR, 97055, USA",5036684800,kyle@bullrunelectric.com,https://bullrunelectric.com/,Kyle Ruthardt,https://evitp.org/oregon/listing/bull-run-electric,evitp.org,2026-08-31
44.046448,-123.021898,oregon,"Camp Creek Electric, LLC","P.O. Box 70245, Springfield, OR 97475, USA",5415011589,mike@campcreekelectric.com,https://campcreekelectric.com/,,https://evitp.org/oregon/listing/camp-creek-electric-llc,evitp.org,2026-08-31
45.559524,-122.498703,oregon,Capstone Solution,"15929 NE Cameron Blvd, Portland, OR, USA",5037072656,cblack@capstoneemail.com,https://www.capstone-sol.com/,Chris Black,https://evitp.org/oregon/listing/capstone-solution,evitp.org,2026-08-31
44.294037,-121.164983,oregon,"Cascade Solar and Electric, LLC","362 NE Oak Ct, Redmond, OR, 97756 USA",5415272156,mathew_boaz@cascadesolarelectric.com,https://cascadesolarelectric.com/,Mathew Boaz,https://evitp.org/oregon/listing/cascade-solar-and-electric-llc,evitp.org,2026-08-31
44.921779,-123.017648,oregon,Cherry City Electric,"1596 22nd Street Southeast, Salem, OR, 97302, USA",5035665600,service@cherrycityelectric.com,https://www.cherrycityelectric.com/,David Hutchens,https://evitp.org/oregon/listing/cherry-city-electric,evitp.org,2026-08-31
45.541866,-122.48516,oregon,"Christenson Electric, Inc.","17201 NE Sacramento St, Portland, OR, 97230, USA",5034193342,,https://www.christenson.com/,Amy Delbrouck,https://evitp.org/oregon/listing/christenson-electric-inc-1,evitp.org,2026-08-31
45.540165,-122.524775,oregon,"Cloud City Electric, LLC","2355 Northeast 134th Place, Portland, OR, 97230, USA",5032320351,info@cloudcityelectric.com,https://cloudcityelectric.com/,Ryan Lella,https://evitp.org/oregon/listing/cloud-city-electric-llc,evitp.org,2026-08-31
45.419351,-122.755025,oregon,Cochran Inc.,"7550 Southwest Tech Center Drive, Tigard, OR, 97223, USA",5033515462,gbambusch@cochraninc.com,https://www.cochraninc.com/,Greg Banbusch,https://evitp.org/oregon/listing/cochran-inc,evitp.org,2026-08-31
44.199265,-123.026125,oregon,Columbia River Electric Maintenance,"Oregon, USA",2536938326,brandon.tobey@brothersecllc.com,https://www.crem-inc.com/,Brandon Tobey,https://evitp.org/oregon/listing/columbia-river-electric-maintenance,evitp.org,2026-08-31
44.050918,-123.16774,oregon,"Contractors Electric, LLC","750 Commercial Street #1, Eugene, OR, 97402, USA",5413432222,johng@c-elec.com,https://www.electrician-eugene.com/,John Gilder,https://evitp.org/oregon/listing/contractors-electric-llc,evitp.org,2026-08-31
44.539857,-122.901406,oregon,Damgaard Electric,"386 E Ash St, Lebanon, OR, 97355, USA",5038042177,jason.damgaard@damgaardelectric.com,,Jason Damgaard,https://evitp.org/oregon/listing/damgaard-electric,evitp.org,2026-08-31
45.53844,-122.693178,oregon,Dynalectric Oregon,"2225 Northwest 20th Avenue, Portland, OR, 97209, USA",5038910410,ckosmas@dyna-oregon.com,https://www.dyna-oregon.com/,Chris Kosmas,https://evitp.org/oregon/listing/dynalectric-oregon,evitp.org,2026-08-31
45.505106,-122.675026,oregon,EC Electric,"P.O. Box 10286, Portland, OR. 97296",5032205329,chris.ernst@ecpowerslife.com,https://ecpowerslife.com/,Chris Ernst,https://evitp.org/oregon/listing/ec-electric,evitp.org,2026-08-31
44.083983,-121.290871,oregon,Elite Electric,"20657 Northeast Brinson Boulevard, Bend, OR, 97701, USA",5413309750,henry@elitebend.com,https://elitebend.com/,Henry Caron,https://evitp.org/oregon/listing/elite-electric,evitp.org,2026-08-31
43.852754,-123.912417,oregon,"Elkhorn Electric, LLC","6080 North Fork Smith River Road, Reedsport, OR 97467, USA",5412716869,jhtrain7479@gmail.com,,Jon Train,https://evitp.org/oregon/listing/elkhorn-electric-llc,evitp.org,2026-08-31
43.804133,-120.554201,oregon,"Envirospark Energy Solutions, inc.","Oregon, USA",4047369173,info@envirosparkenergy.com,https://envirosparkenergy.com/,Brad Ewing,https://evitp.org/oregon/listing/envirospark-energy-solutions-inc,evitp.org,2026-08-31
45.539986,-122.711075,oregon,Green Box Mechanical,"NW 29th Ave, Portland, OR 97210, USA",5032220555,jc@greenboxmechanical.com,https://www.greenboxmechanical.com/,JC Kootnekoff,https://evitp.org/oregon/listing/green-box-mechanical,evitp.org,2026-08-31
45.519265,-122.576547,oregon,Heil Electric Co.,"8425 Southeast Stark Street, Portland, OR, 97216, USA",5032554074,craigstahr@heil-electric.com,,Craig Stahr,https://evitp.org/oregon/listing/heil-electric-co,evitp.org,2026-08-31
45.563383,-122.920412,oregon,Hughes Electrical Contractors inc.,"5592 NE Clara Lane, Hillsboro, OR. 97124, USA",5038168883,davidt@hugheselectrical.com,https://www.hugheselectrical.com/,David Trapp,https://evitp.org/oregon/listing/hughes-electrical-contractors-inc,evitp.org,2026-08-31
45.427975,-122.539217,oregon,Illume Electric,"12042 SE Sunnyside Rd, Clackamas, OR, 97015 USA",5032124474,traci@illumepdx.com,https://illumepdx.com/,Traci Sullivan,https://evitp.org/oregon/listing/illume-electric,evitp.org,2026-08-31
43.804133,-120.554201,oregon,"JH Kelly, LLC","Oregon, USA",3609570956,ggourde@jhkelly.com,https://www.jhkelly.com/,Gabriel Gourde,https://evitp.org/oregon/listing/jh-kelly-llc,evitp.org,2026-08-31
44.311629,-121.215528,oregon,"K2 Electric, LLC","4018 Northwest Xavier Avenue, Redmond, OR, 97756, USA",5412331965,chance@k2electrical.net,https://www.k2electric.biz/,Chance Sutfin,https://evitp.org/oregon/listing/k2-electric-llc,evitp.org,2026-08-31
37.658713,-122.400149,oregon,"Kepler Electric, LLC","611 Gateway Boulevard, South San Francisco, CA, 94080, USA",6504682419,contact@keplerelectric.com,https://keplerelectric.com/,Chris Susnow,https://evitp.org/oregon/listing/kepler-electric-llc,evitp.org,2026-08-31
44.566266,-123.191991,oregon,"M & W Electric, Inc.","29889 Hwy 34, Albany, OR, 97321, USA",5417546171,,https://www.mwelectricinc.com/,Mike Weaver,https://evitp.org/oregon/listing/m-w-electric-inc,evitp.org,2026-08-31
45.596788,-122.977725,oregon,"McCoy Electric Co., Inc.","29191 NW West Union Rd, North Plains, OR, 97113, USA",5032347521,mitchj@mccoyelectric.com,http://mccoyelectric.com/,Mitch Johnson,https://evitp.org/oregon/listing/mccoy-electric-co-inc,evitp.org,2026-08-31
45.316221,-122.573285,oregon,MD Electrical Services,"20068 Oregon 213, Oregon City, OR, 97045, USA",5035047960,kcolson@mdelectrical.services,https://www.mdelectrical.services/,Kent Colson,https://evitp.org/oregon/listing/md-electrical-services,evitp.org,2026-08-31
45.492223,-122.641604,oregon,Miller Electric Company,"Oregon, USA",9048324423,mhall@mecojax.com,https://www.mecojax.com/,Mike Hall,https://evitp.org/oregon/listing/miller-electric-company,evitp.org,2026-08-31
44.919032,-122.966649,oregon,Mountain Coast Electric,"4652 Beaverbrook Ct SE, Salem, OR, 97317, USA",5035591759,yuriy@mountaincoastelectric.com,https://mountaincoastelectric.com/,Yuriy Murashko,https://evitp.org/oregon/listing/mountain-coast-electric,evitp.org,2026-08-31
44.15987,-123.10303,oregon,New River Electrical Corporation,"Oregon, USA",5405267501,ahartsfield@nrec.ne,https://www.newriverelectrical.com/,Jonathan Aaron Hartsfield,https://evitp.org/oregon/listing/new-river-electrical-corporation,evitp.org,2026-08-31
44.9113,-123.015956,oregon,Northside Electric,"2920 22nd St SE, Salem, Oregon 97302, USA",5035854879,info@northsideelectric.com,https://www.northsideelectric.com/,Matt Forsberg,https://evitp.org/oregon/listing/northside-electric,evitp.org,2026-08-31
45.545816,-122.707276,oregon,OEG Inc.,"3200 Northwest Yeon Avenue, Portland, OR, 97210, USA",5037296498,jon.swanson@oeg.us.com,https://oeg.us.com/,Jon Swanson,https://evitp.org/oregon/listing/oeg-inc,evitp.org,2026-08-31
44.294037,-121.164983,oregon,Pacific Cascade Electric,"362 NE Oak Ct, Redmond, OR, 97756, USA",5415272156,mathew@p-celectric.com,https://p-celectric.com/,Mathew Boaz,https://evitp.org/oregon/listing/pacific-cascade-electric,evitp.org,2026-08-31
42.18871,-121.758307,oregon,Pacific Electrical Contractors,"4164 Washburn Way, Klamath Falls, OR 97603, USA",5418872544,aaron@pacificelectrical.com,https://www.pacificelectrical.com/,Aaron Frymire,https://evitp.org/oregon/listing/pacific-electrical-contractors,evitp.org,2026-08-31
43.804133,-120.554201,oregon,Parsons Electric,"Oregon, USA",17635287670,brad.bacon@pecsolutions.com,https://www.pecsolutions.com/,Brad Bacon,https://evitp.org/oregon/listing/parsons-electric,evitp.org,2026-08-31
43.804133,-120.554201,oregon,Power City Electric,"Oregon, USA",5095358500,info@powercityelectric.com,https://powercityelectric.com/,Steve Gilbertz,https://evitp.org/oregon/listing/power-city-electric,evitp.org,2026-08-31
43.804133,-120.554201,oregon,"Quality Electric, Inc.","Oregon, USA",2083751300,larry@qeidaho.com,https://qeidaho.com/,Larry Geyer,https://evitp.org/oregon/listing/quality-electric-inc,evitp.org,2026-08-31
43.8032,-121.457183,oregon,"Reel Electric & Service, LLC","17385 Lodgepole Ln, Bend, OR, 97707, USA",2096249743,clayton.m@reelelectricservice.com,https://www.reelelectricservice.com/,Clayton McClanahan,https://evitp.org/oregon/listing/reel-electric-service-llc,evitp.org,2026-08-31
43.804133,-120.554201,oregon,Royal Electric Company,"Oregon, USA",9166965744,jeffc@royalelect.com,https://www.royalelect.com/,Jeff Cavanagh,https://evitp.org/oregon/listing/royal-electric-company,evitp.org,2026-08-31
45.218337,-123.171277,oregon,"S&S Electrical Contractors, LLC.","1430 Northeast Alpha Drive, McMinnville, OR 97128, USA",8712417475,bsullivan@sselectrical.net,http://sselectrical.net/,Ben Sullivan,https://evitp.org/oregon/listing/ss-electrical-contractors-llc,evitp.org,2026-08-31
45.529803,-122.842287,oregon,Shores Electric,"1500 NW Bethany Blvd suite 200, Beaverton, OR, 97006 USA",5038012687,shores.elec@gmail.com,https://www.shoreselectric.co/,Trino Ochoa,https://evitp.org/oregon/listing/shores-electric,evitp.org,2026-08-31
43.209112,-123.345479,oregon,"Sims Electric, Inc.","721 Southeast Oak Avenue, Roseburg, OR, 97470, USA",5416735521,andy@simselectric.com,http://simselectric.com/,Andy Alberding,https://evitp.org/oregon/listing/sims-electric-inc,evitp.org,2026-08-31
45.410013,-122.566301,oregon,Team Electric,"9400 Southeast Clackamas Road, Clackamas, OR, 97015 USA",5035577180,chris@teamelectricco.com,http://teamelectricco.com/,Chris Williams,https://evitp.org/oregon/listing/team-electric,evitp.org,2026-08-31
45.561993,-122.712014,oregon,Tice Electric Company,"5405 North Lagoon Avenue, Portland, OR 97217, USA",5033417317,kevins@ticeelectric.com,https://ticeelectric.com/,Kevin Shannon,https://evitp.org/oregon/listing/tice-electric-company,evitp.org,2026-08-31
46.187992,-123.823958,oregon,Wadsworth Electric,"1715 Exchange Street, Astoria, OR, 97103, USA",5033255501,cass@wadsworthelectric.com,http://www.wadsworthelectric.com/,Cassandra Liljenwall,https://evitp.org/oregon/listing/wadsworth-electric,evitp.org,2026-08-31
42.269495,-122.810249,oregon,"Welburn Electric, Inc.","4495 South Pacific Highway #460, Phoenix, OR, 97535, USA",5415353727,info@welburnelectric.com,http://welburnelectric.com/,"Prescott Garner              
             
                             
         
     
 
         
     
     
         
             
                  Redo search when map moved 
             
              
         
     
 
 
 
 
     
         Showing 55 results 
     
  
 
 											 

									 
					 
			 
   
    

	 
		 

			 
	 
		
		 
			 

				
 
			 
			 			  
	   


 
 

 
	   


The Electric Vehicle Infrastructure Training Program (EVITP) provides training and certification for electricians installing electric vehicle supply equipment (EVSE).  
		 		 
			 
					 
			 
			 			  
		 		 
			 
			  Contact Info 			  
	 
		 
			  		 
	 
	  Canada: www.NETCO.org 
 

 
	 
		 
			  		 
	 
	  United States:  EVITP, 811 N. Main Street, Suite 202,                     Royal Oak, MI  48067
 
 

 
	 
		 
			  		 
	 
	   info@evitp.org 
  
		 		 
	 			 
		 
		 
 


 
			 
			 

			
			 

			 
	 
		 Copyright © 2026 EVITP - ALL RIGHTS RESERVED -  TERMS OF USE  	 
	 
			 
 
			 

				 
		 
	 
		 
	 

   
   
 
{""prefetch"":[{""source"":""document"",""where"":{""and"":[{""href_matches"":""/*""},{""not"":{""href_matches"":[""/wp-*.php"",""/wp-admin/*"",""/wp-content/uploads/*"",""/wp-content/*"",""/wp-content/plugins/*"",""/wp-content/themes/siennawp/*"",""/*\\?(.+)""]}},{""not"":{""selector_matches"":""a[rel~=\""nofollow\""]""}},{""not"":{""selector_matches"":"".no-prefetch, .no-prefetch a""}}]},""eagerness"":""conservative""}]}
 
		  
		 
jQuery(document).ready(function($) {
SABAI.init($(""#sabai-content""));
});
   
  
  
  
  
  
  
 
wp.i18n.setLocaleData( { 'text direction\u0004ltr': [ 'ltr' ] } );
//# sourceURL=wp-i18n-js-after
 
  
 
var wpcf7 = {
    ""api"": {
        ""root"": ""https:\/\/evitp.org\/wp-json\/"",
        ""namespace"": ""contact-form-7\/v1""
    }
};
//# sourceURL=contact-form-7-js-before
 
  
 
var cf7appsHoneypotRefill = {""forceRefillOnInit"":""""};
//# sourceURL=cf7apps-honeypot-refill-js-extra
 
  
  
  
 
var mejsL10n = {""language"":""en"",""strings"":{""mejs.download-file"":""Download File"",""mejs.install-flash"":""You are using a browser that does not have Flash player enabled or installed. Please turn on your Flash player plugin or download the latest version from https://get.adobe.com/flashplayer/"",""mejs.fullscreen"":""Fullscreen"",""mejs.play"":""Play"",""mejs.pause"":""Pause"",""mejs.time-slider"":""Time Slider"",""mejs.time-help-text"":""Use Left/Right Arrow keys to advance one second, Up/Down arrows to advance ten seconds."",""mejs.live-broadcast"":""Live Broadcast"",""mejs.volume-help-text"":""Use Up/Down Arrow keys to increase or decrease volume."",""mejs.unmute"":""Unmute"",""mejs.mute"":""Mute"",""mejs.volume-slider"":""Volume Slider"",""mejs.video-player"":""Video Player"",""mejs.audio-player"":""Audio Player"",""mejs.captions-subtitles"":""Captions/Subtitles"",""mejs.captions-chapters"":""Chapters"",""mejs.none"":""None"",""mejs.afrikaans"":""Afrikaans"",""mejs.albanian"":""Albanian"",""mejs.arabic"":""Arabic"",""mejs.belarusian"":""Belarusian"",""mejs.bulgarian"":""Bulgarian"",""mejs.catalan"":""Catalan"",""mejs.chinese"":""Chinese"",""mejs.chinese-simplified"":""Chinese (Simplified)"",""mejs.chinese-traditional"":""Chinese (Traditional)"",""mejs.croatian"":""Croatian"",""mejs.czech"":""Czech"",""mejs.danish"":""Danish"",""mejs.dutch"":""Dutch"",""mejs.english"":""English"",""mejs.estonian"":""Estonian"",""mejs.filipino"":""Filipino"",""mejs.finnish"":""Finnish"",""mejs.french"":""French"",""mejs.galician"":""Galician"",""mejs.german"":""German"",""mejs.greek"":""Greek"",""mejs.haitian-creole"":""Haitian Creole"",""mejs.hebrew"":""Hebrew"",""mejs.hindi"":""Hindi"",""mejs.hungarian"":""Hungarian"",""mejs.icelandic"":""Icelandic"",""mejs.indonesian"":""Indonesian"",""mejs.irish"":""Irish"",""mejs.italian"":""Italian"",""mejs.japanese"":""Japanese"",""mejs.korean"":""Korean"",""mejs.latvian"":""Latvian"",""mejs.lithuanian"":""Lithuanian"",""mejs.macedonian"":""Macedonian"",""mejs.malay"":""Malay"",""mejs.maltese"":""Maltese"",""mejs.norwegian"":""Norwegian"",""mejs.persian"":""Persian"",""mejs.polish"":""Polish"",""mejs.portuguese"":""Portuguese"",""mejs.romanian"":""Romanian"",""mejs.russian"":""Russian"",""mejs.serbian"":""Serbian"",""mejs.slovak"":""Slovak"",""mejs.slovenian"":""Slovenian"",""mejs.spanish"":""Spanish"",""mejs.swahili"":""Swahili"",""mejs.swedish"":""Swedish"",""mejs.tagalog"":""Tagalog"",""mejs.thai"":""Thai"",""mejs.turkish"":""Turkish"",""mejs.ukrainian"":""Ukrainian"",""mejs.vietnamese"":""Vietnamese"",""mejs.welsh"":""Welsh"",""mejs.yiddish"":""Yiddish""}};
//# sourceURL=mediaelement-core-js-before
 
  
  
 
var _wpmejsSettings = {""pluginPath"":""/wp-includes/js/mediaelement/"",""classPrefix"":""mejs-"",""stretching"":""responsive"",""audioShortcodeLibrary"":""mediaelement"",""videoShortcodeLibrary"":""mediaelement""};
//# sourceURL=mediaelement-js-extra
 
  
  
  
  
  
  
  
  
  
  
  
  
  
  
  
  
  
  
  
  
  
  
  
  
  
  
  
  
  
  
  
  
 
var mkdfGlobalVars = {""vars"":{""mkdfAddForAdminBar"":0,""mkdfElementAppearAmount"":-150,""mkdfFinishedMessage"":""No more posts"",""mkdfMessage"":""Loading new posts..."",""mkdfTopBarHeight"":42,""mkdfStickyHeaderHeight"":0,""mkdfStickyHeaderTransparencyHeight"":60,""mkdfLogoAreaHeight"":0,""mkdfMenuAreaHeight"":131,""mkdfMobileHeaderHeight"":100}};
var mkdfPerPageVars = {""vars"":{""mkdfStickyScrollAmount"":450,""mkdfStickyScrollAmountFullScreen"":false,""mkdfHeaderTransparencyHeight"":0}};
//# sourceURL=sienna-mikado-modules-js-extra
 
  
  
  
 
var mkdfLike = {""ajaxurl"":""https://evitp.org/wp-admin/admin-ajax.php""};
//# sourceURL=sienna-mikado-like-js-extra
 
  
 
var GEM = {""thankyou"":""Thank you for signing up!"",""thankyou_suppressed"":""Thank you for signing up! Please check your email to confirm your subscription."",""oops"":""Oops! There was a problem. Please try again."",""email"":""Please enter a valid email address."",""required"":""%s is a required field.""};
//# sourceURL=gem-main-js-extra
 
  
  
  
 
var wpcf7_recaptcha = {
    ""sitekey"": ""6LdAGgcgAAAAALmBeuQZgYH6HTEI3KlPBF86-YxA"",
    ""actions"": {
        ""homepage"": ""homepage"",
        ""contactform"": ""contactform""
    }
};
//# sourceURL=wpcf7-recaptcha-js-before
 
  
 
{""baseUrl"":""https://s.w.org/images/core/emoji/17.0.2/72x72/"",""ext"":"".png"",""svgUrl"":""https://s.w.org/images/core/emoji/17.0.2/svg/"",""svgExt"":"".svg"",""source"":{""concatemoji"":""https://evitp.org/wp-includes/js/wp-emoji-release.min.js?ver=7.0.4""}}
 
 
/*! This file is auto-generated */
var e=""script#wp-emoji-settings"",t=document.querySelector(e);if(!(t instanceof HTMLScriptElement))throw new Error(""Element missing: ""+e);const r=JSON.parse(t.text),s=(window._wpemojiSettings=r,""wpEmojiSettingsSupports""),o=[""flag"",""emoji""];function i(e){try{var t={supportTests:e,timestamp:(new Date).valueOf()};sessionStorage.setItem(s,JSON.stringify(t))}catch(e){}}function c(e,t,n){e.clearRect(0,0,e.canvas.width,e.canvas.height),e.fillText(t,0,0);t=new Uint32Array(e.getImageData(0,0,e.canvas.width,e.canvas.height).data);e.clearRect(0,0,e.canvas.width,e.canvas.height),e.fillText(n,0,0);const r=new Uint32Array(e.getImageData(0,0,e.canvas.width,e.canvas.height).data);return t.every((e,t)=>e===r[t])}function p(e,t){e.clearRect(0,0,e.canvas.width,e.canvas.height),e.fillText(t,0,0);var n=e.getImageData(16,16,1,1);for(let e=0;e {o[e]=t(s,e,n,r)}),o}function a(e){var t=document.createElement(""script"");t.src=e,t.defer=!0,document.head.appendChild(t)}r.supports={everything:!0,everythingExceptFlag:!0},new Promise(t=>{let n=function(){try{var e=JSON.parse(sessionStorage.getItem(s));if(""object""==typeof e&&""number""==typeof e.timestamp&&(new Date).valueOf() {i(n=e.data),a.terminate(),t(n)})}catch(e){}i(n=f(o,u,c,p))}t(n)}).then(e=>{for(const n in e)r.supports[n]=e[n],r.supports.everything=r.supports.everything&&r.supports[n],""flag""!==n&&(r.supports.everythingExceptFlag=r.supports.everythingExceptFlag&&r.supports[n]);var t;r.supports.everythingExceptFlag=r.supports.everythingExceptFlag&&!r.supports.flag,r.supports.everything||((t=r.source||{}).concatemoji?a(t.concatemoji):t.wpemoji&&t.twemoji&&(a(t.twemoji),a(t.wpemoji)))});
//# sourceURL=https://evitp.org/wp-includes/js/wp-emoji-loader.min.js
 
 			  
			 
				/* @v3-js:start */
					let c4wp_onloadCallback = function() {
						for ( var i = 0; i   {
						if ( typeof jQuery !== 'undefined' && jQuery( 'input[id*=""c4wp-wc-checkout""]' ).length ) {
							var element = document.createElement('div');
							var html = '     ';
							element.innerHTML = html;
							jQuery( '[class*=""c4wp-wc-checkout""]' ).append( element );
							jQuery( '[class*=""c4wp-wc-checkout""]' ).find('*').off();
							c4wp_onloadCallback();
						}
					});
				/* @v3-js:end */",https://evitp.org/oregon/listing/welburn-electric-inc,evitp.org,2026-08-31
40.111552,-75.184027,pennsylvania,"A & S Electric, Inc.","Pennsylvania, USA",8568163805,mangelone@aselectric1.com,,Michael Angelone,https://evitp.org/pennsylvania/listing/a-s-electric-inc,evitp.org,2026-08-31
40.273191,-76.886701,pennsylvania,"Aldridge Electric, LLC.","Harrisburg, Pennsylvania, USA",18472761127,ggiovannetti@aldridgegroup.com,https://www.aldridgegroup.com/,,https://evitp.org/pennsylvania/listing/aldridge-electric-llc,evitp.org,2026-08-31
41.017255,-80.35047,pennsylvania,"All Day Electric, LLC","108 Kenneth Avenue, New Castle, PA, 16105, USA",7247306156,alldayelectricalcontracting@gmail.com,https://alldayelectric.llc/,Ray Mazzanti Jr.,https://evitp.org/pennsylvania/listing/all-day-electric-llc,evitp.org,2026-08-31
39.952584,-75.165222,pennsylvania,Allstate Sales Group,"Philadelphia, PA, USA",7323355588,aabadie@asginc.us,https://www.asginc.us/,Anne Abadie,https://evitp.org/pennsylvania/listing/allstate-sales-group,evitp.org,2026-08-31
40.192479,-74.858846,pennsylvania,"Armour & Sons Electric, Inc.","23 Cabot Boulevard East, Langhorne, PA, 19047, USA",2159434400,rich@armourandsons.com,http://armourandsons.com/,Rich DiCesare,https://evitp.org/pennsylvania/listing/armour-sons-electric-inc,evitp.org,2026-08-31
41.203322,-77.194525,pennsylvania,"Billitier Electric, Inc.","Pennsylvania, USA",5854135850,mpfeffer@billitierelectric.com,https://billitierelectric.com/,Matthew Pfeffer,https://evitp.org/pennsylvania/listing/billitier-electric-inc,evitp.org,2026-08-31
40.980002,-80.315217,pennsylvania,Bruce & Merrilees Electric Co.,"930 Cass Street, New Castle, PA, 16101 USA",7246525566503,bsmith@bruceandmerrilees.com,https://www.bruceandmerrilees.com/,Brian Smith,https://evitp.org/pennsylvania/listing/bruce-merrilees-electric-co,evitp.org,2026-08-31
40.161293,-75.079521,pennsylvania,"Carr and Duff, Inc.","2100 Byberry Rd, Huntingdon Valley, Hatboro, PA 19006, USA      City of Philadelphia, PA      City of Bethlehem, PA      City of Reading, PA",2153282440,bcummings@carrduff.com,https://carrduff.com/,Brian Cummings or Ryan Landis,https://evitp.org/pennsylvania/listing/carr-and-duff-inc,evitp.org,2026-08-31
40.040842,-75.484401,pennsylvania,"Charles H. MacDonald Electric, Inc.","30 South Valley Road, Suite 310, Paoli, PA, 19301, USA",610993986627,amacdonald@macdonaldelec.com,https://macdonaldelec.com/,Andrew MacDonald,https://evitp.org/pennsylvania/listing/charles-h-macdonald-electric-inc,evitp.org,2026-08-31
40.009752,-75.258491,pennsylvania,Chelsvig Electric,"308 Woodbine Ave, Narberth, PA 19072, USA",4844296786,info@chelsvigelectric.com,https://chelsvigelectric.com/,Abraham Chelsvig,https://evitp.org/pennsylvania/listing/chelsvig-electric,evitp.org,2026-08-31
39.952584,-75.165222,pennsylvania,"D.P. Murt Co., Inc.","Philadelphia, PA, USA",8566653488,eng20@aol.com,http://dpmurt.com/,Dennis Murt,https://evitp.org/pennsylvania/listing/d-p-murt-co-inc,evitp.org,2026-08-31
40.382833,-79.930093,pennsylvania,"Dagostino Electronic Services, inc.","600 Mifflin Road, Pittsburgh, PA, 15207, USA",4125314240,info@descomm.com,https://www.descomm.com/,,https://evitp.org/pennsylvania/listing/dagostino-electronic-services-inc,evitp.org,2026-08-31
41.203322,-77.194525,pennsylvania,"Decker Electric, Inc.","Pennsylvania, USA",13162658182,bwilson@decker-electric.com,https://www.decker-electric.com/,Ben Wilson,https://evitp.org/pennsylvania/listing/decker-electric-inc,evitp.org,2026-08-31
40.258307,-76.855565,pennsylvania,Edwin L. Heim Company,"1918 Greenwood Street, Harrisburg, PA, 17104, USA      Maryland, USA",7172338711,rberkheimer@elheim.com,https://www.edwinlheim.com/,Rick Berkheimer,https://evitp.org/pennsylvania/listing/edwin-l-heim-company,evitp.org,2026-08-31
40.499837,-79.875988,pennsylvania,Emerald Electrical Services LLC,"604 Epsilon Drive, Pittsburgh, PA 15238, USA",4125849719,A.kulbacki@emeraldesllc.com,https://www.emeraldesllc.com/,Adam Kulbacki,https://evitp.org/pennsylvania/listing/emerald-electrical-services-llc,evitp.org,2026-08-31
40.170342,-75.162054,pennsylvania,"EV Charging Installers of America, LLC","Pennsylvania, USA",9738971697,chris.lehr@evcharginginstallers.com,https://www.evcharginginstallers.com/,Chris Lehr,https://evitp.org/pennsylvania/listing/ev-charging-installers-of-america-llc,evitp.org,2026-08-31
40.372017,-80.01837,pennsylvania,"Fallon Electric Co., Inc.","875 Sleepy Hollow Road, Pittsburgh, PA, 1USA",4125634100,bfallon@fallonelectric.net,,Brian Fallon,https://evitp.org/pennsylvania/listing/fallon-electric-co-inc,evitp.org,2026-08-31
40.338538,-79.973572,pennsylvania,Ferry Electric Company,"250 Curry Hollow Road, Pittsburgh, PA, 15236, USA",4128922100,jjferry@ferryelectric.com,http://www.ferryelectric.com/,James Ferry,https://evitp.org/pennsylvania/listing/ferry-electric-company,evitp.org,2026-08-31
40.699897,-79.89782,pennsylvania,"FTBA, A Division of Henron Electrical Resources","419 Sandy Hill Road, Valencia, PA, 16059, USA",7248980082,val@ftbateam.com,https://www.ftbateam.com/,Valerie Lansberry,https://evitp.org/pennsylvania/listing/ftba-a-division-of-henron-electrical-resources,evitp.org,2026-08-31
41.478473,-75.695092,pennsylvania,"G.R. Noto Electrical Construction, Inc.","2 Skyline Drive, PO Box 247, Clarks Summit, PA. 18411, USA",5705861600,ajp@grnotoelectric.com,https://www.grnotoelectric.com/,AJ Palazzari,https://evitp.org/pennsylvania/listing/g-r-noto-electrical-construction-inc,evitp.org,2026-08-31
40.248183,-76.806568,pennsylvania,G.R. Sponaugle,"4391 Chambers Hill Road, Harrisburg, PA, 17111, USA",7175641515,mike.spicher@grsponaugle.com,https://grsponaugle.com/,Michael Spicher,https://evitp.org/pennsylvania/listing/g-r-sponaugle,evitp.org,2026-08-31
40.130382,-75.514913,pennsylvania,H.B. Frazer Company,"300 Opportunity Way, Phoenixville, PA. 19460, USA",6107680400,lvaughn@hbfrazer.com,https://www.hbfrazer.com/,Len Vaughn,https://evitp.org/pennsylvania/listing/nucero-electric-a-division-of-h-b-frazer-company,evitp.org,2026-08-31
40.461515,-79.762883,pennsylvania,Hanlon Electric Company,"530 Old Frankstown Road, Monroeville, PA 15146, USA",4127956100,kjhanlon@hanlonelectric.com,https://hanlonelectric.com/,Kevin Hanlon,https://evitp.org/pennsylvania/listing/hanlon-electric-company,evitp.org,2026-08-31
40.14908,-75.289602,pennsylvania,"Henkels & McCoy, Inc.","985 Jolly Road, Blue Bell, PA, 19422, USA",2152837815,aisadore@henkels.com,https://www.henkels.com/,,https://evitp.org/pennsylvania/listing/henkels-mccoy-inc,evitp.org,2026-08-31
39.831826,-75.437449,pennsylvania,"Hobbs & Company, Inc.","1012 Meetinghouse Road, P.O. Box 2140, Boothwyn, PA. 19061, USA",6108421000,edcollison@hobbsandco.com,https://hobbsandco.com/,,https://evitp.org/pennsylvania/listing/hobbs-company-inc,evitp.org,2026-08-31
40.003038,-76.717328,pennsylvania,"I.B. Abel, Inc.","2745 Black Bridge Road, York, PA 17406, USA",8889422235,dgeiger@ib-abel.com,https://www.ib-abel.com/,Denny Gieger,https://evitp.org/pennsylvania/listing/i-b-abel-inc,evitp.org,2026-08-31
40.145754,-79.939255,pennsylvania,"JSJ Contracting, LLC","7 Royal Oaks Drive, Charleroi, PA, 15022, USA",4128638425,jsjcontractingllc@icloud.com,https://www.jsjcontractors.com/,Jeffrey L. Johnson,https://evitp.org/pennsylvania/listing/jsj-contracting-llc,evitp.org,2026-08-31
40.379791,-79.809492,pennsylvania,"Keystone Electrical Systems, Inc.","1050 3rd Street suite 100, North Versailles, PA, 15137, USA",4128235500,david@keystoneelectric.biz,http://keystoneelectric.biz/,,https://evitp.org/pennsylvania/listing/keystone-electrical-systems-inc,evitp.org,2026-08-31
40.388053,-80.078636,pennsylvania,"Leber & Bonham Electrical Contractors, Inc.","493 Carbondale RD. Scott Twp, PA. 18411, USA",5704991898,kevin.bonham@automationltd.com,,,https://evitp.org/pennsylvania/listing/leber-bonham-electrical-contractors-inc,evitp.org,2026-08-31
40.237373,-80.172269,pennsylvania,Lighthouse Electric Company,"1957 Route 519, Canonsburg, PA, 15317, USA",7248733500,damean.hilty@lighthouseelectric.com,http://lighthouseelectric.com/,Damean Hilty or Jessica Persico,https://evitp.org/pennsylvania/listing/lighthouse-electric-company,evitp.org,2026-08-31
40.289542,-76.682444,pennsylvania,Manada Electric,"10 West Main Street, Hershey, PA 17033, USA",7178734012,jking@manadaelectric.com,https://manadaelectric.com/,Jeremy King,https://evitp.org/pennsylvania/listing/manada-electric,evitp.org,2026-08-31
41.035204,-76.323475,pennsylvania,"Mariano Construction, Inc.","72 Edwards Drive, Bloomsburg, PA 17815, USA",5707599580,jkofskie@mciweb.org,https://marianoenterprises.com/,,https://evitp.org/pennsylvania/listing/mariano-construction-inc,evitp.org,2026-08-31
41.203322,-77.194525,pennsylvania,Matrix NAC,"Pennsylvania, USA",7323883540,stevenlamastra@matrixservicecompany.com,https://www.matrixnac.com/,Steven LaMastra,https://evitp.org/pennsylvania/listing/matrix-nac,evitp.org,2026-08-31
40.522164,-79.844931,pennsylvania,"Merit Electrical Group, Inc.","204 Pennsylvania Ave, Oakmont, PA, 15101, USA",4123460125304,estimating@megpgh.com,https://meritelectricalgroup.com/,Monica Powers,https://evitp.org/pennsylvania/listing/merit-electrical-group-inc,evitp.org,2026-08-31
39.778371,-76.036529,pennsylvania,MidAtlanticEV Chargers,"440 Calvary Rd, Nottingham, PA, 19362, USA",4848626563,,https://www.midatlanticevchargers.com/,Joshua Hineman,https://evitp.org/pennsylvania/listing/midatlanticev-chargers,evitp.org,2026-08-31
40.097035,-75.307235,pennsylvania,Miller Bros.,"301 Alan Wood Road, Conshohocken, PA, 19428, USA",6108321000,tmandell@millerbros.us,http://www.millerbros.us/,Tyson Mandell or Joe Marrone,https://evitp.org/pennsylvania/listing/miller-bros,evitp.org,2026-08-31
40.456364,-80.032447,pennsylvania,"Miller Electric Construction, Inc.","1800 Preble Ave, Pittsburgh, PA, 15233, USA",4124871044,info@millerelectric.com,https://millerelectric.com/,William Miller,https://evitp.org/pennsylvania/listing/miller-electric-construction-inc,evitp.org,2026-08-31
40.590453,-75.455737,pennsylvania,"Orlando Diefenderder Electrical Contractors, Inc.","South 2nd Street, Allentown, PA, 18102, USA",6104349595,bwanamaker@diefenderfer.com,https://www.diefenderfer.com/,Brian S. Wanamaker,https://evitp.org/pennsylvania/listing/orlander-diefenderder-electrical-contractors-inc,evitp.org,2026-08-31
40.368026,-75.82121,pennsylvania,"Pagoda Electrical, Inc.","2003 Friedensburg Road, Reading, PA, 19606, USA",6107793216,barry@pagoda-electrical.com,http://pagoda-electrical.com/,Barry Spayd,https://evitp.org/pennsylvania/listing/pagoda-electrical-inc,evitp.org,2026-08-31
40.429742,-79.969922,pennsylvania,"Precision Electrical Contractors, Inc.","2403 Sidney Street, Suite 125, Pittsburgh, PA, 15203, USA",4124819750,markpuma@precisionelectrical.net,https://precisionelectrical.net/,Mark Puma,https://evitp.org/pennsylvania/listing/precision-electrical-contractors-inc,evitp.org,2026-08-31
40.382203,-79.823918,pennsylvania,"Progressive Power Solutions, LLC","218 Maryland Ave, North Versailles, PA 15137, USA",4125515555,erikmartin30@hotmail.com,,Erik Martin,https://evitp.org/pennsylvania/listing/progressive-power-solutions-llc,evitp.org,2026-08-31
41.960414,-78.602853,pennsylvania,"Pure Tech, LLC","177 Commerce Drive, Bradford, PA 16701, USA",8143622969,rhuber@puretechelectric.com,,Rob Huber,https://evitp.org/pennsylvania/listing/pure-tech-llc,evitp.org,2026-08-31
41.247798,-80.496107,pennsylvania,Rev Electric,"1067 Hadley Drive, Sharon, PA, 16146, USA",7244566190,cwlozano@revelectric.com,https://www.revelectric.com/,Chris Lozano,https://evitp.org/pennsylvania/listing/rev-electric,evitp.org,2026-08-31
41.459253,-75.622004,pennsylvania,Richard Mellow Corp.,"805 Enterprise Street, Dickson City, PA, 18519, USA",5703832191,richard@richardmellowelectric.com,https://richardmellowelectric.com/,Richard Mellow,https://evitp.org/pennsylvania/listing/richard-mellow-corp,evitp.org,2026-08-31
40.174838,-75.621809,pennsylvania,RJB Contracting,"562 Ridge Road, Spring City, PA, 19475, USA",4846445652,jlewiski@rjbpro.com,https://rjbpro.com/,John Lewiski,https://evitp.org/pennsylvania/listing/rjb-contracting,evitp.org,2026-08-31
40.45618,-79.975512,pennsylvania,Sargent Electric Company,"2767 Liberty Avenue, Pittsburgh, PA, 15222, USA",4123947600,Cobrien@sargentelectric.com,https://www.sargentelectric.com/,Corey O’Brien,https://evitp.org/pennsylvania/listing/sargent-electric-company,evitp.org,2026-08-31
40.243309,-76.422739,pennsylvania,"Schauer Electric, inc.","1225 Ash Lane, Lebanon, PA, 17042, USA",7172697981,schauerelectric@comcast.net,,Scott Schauer,https://evitp.org/pennsylvania/listing/schauer-electric-inc,evitp.org,2026-08-31
40.321181,-79.379481,pennsylvania,Schultheis Electric,"P.O. Box 798, Latrobe, PA. 15650-0798",7246863316,tim@tsbinc.net,http://www.tsbinc.net/,Tim Schultheis,https://evitp.org/pennsylvania/listing/schultheis-electric,evitp.org,2026-08-31
39.952584,-75.165222,pennsylvania,"Shambaugh and Son, L.P.","Philadelphia, PA, USA",12604877846,dhearld@shambaugh.com,https://shambaugh.com/,Douglas M. Hearld,https://evitp.org/pennsylvania/listing/shambaugh-and-son-l-p,evitp.org,2026-08-31
39.958702,-75.157799,pennsylvania,"Shelly Electric Company, Inc.","1126 Callowhill Street, Philadelphia, PA 19123, USA",2156270400,freid@shellyelectric.com,https://shellyelectric.com/,Fredric J. Reid,https://evitp.org/pennsylvania/listing/shelly-electric-company-inc,evitp.org,2026-08-31
40.572104,-79.941107,pennsylvania,"Sterling Industrial, LLC.","Pennsylvania, USA",8124927118,jhayden@sterlingindustrialllc.com,https://www.sterlingindustrialllc.com/,Jeff Hayden,https://evitp.org/pennsylvania/listing/sterling-industrial-llc,evitp.org,2026-08-31
41.203322,-77.194525,pennsylvania,The Oscar W. Larson Company,"Pennsylvania, USA",8103974757,justin.spence@owlservices.com,https://www.larsonco.com/,Justin Spence,https://evitp.org/pennsylvania/listing/the-oscar-w-larson-company,evitp.org,2026-08-31
40.907344,-80.139417,pennsylvania,"Thoroughbred Construction Group, LLC","1123 Perry Hwy Portersville, Pa 16051, USA",4126042360,jreinert@thetcgelectric.com,,Josh Reinert,https://evitp.org/pennsylvania/listing/thoroughbred-construction-group-llc,evitp.org,2026-08-31
40.622423,-78.630433,pennsylvania,"Top Ridge, Inc.","4480 Colonel Drake Hwy. PO Box 2, Loretto, PA. 16668",8143123361,shogue@topridgeinc.com,https://topridgeinc.com/,Stephen P. Hogue,https://evitp.org/pennsylvania/listing/top-ridge-inc,evitp.org,2026-08-31
41.203322,-77.194525,pennsylvania,Treehouse,"Pennsylvania, USA",3235776795,hello@treehouse.pro,https://treehouse.pro/,Cullen Peters,https://evitp.org/pennsylvania/listing/treehouse,evitp.org,2026-08-31
40.264983,-79.714516,pennsylvania,"Turik's Electric, LLC.","319 Church Street, Herminie, PA, 15637, USA",4125581390,jturikselectric@gmail.com,,Jon Turik,https://evitp.org/pennsylvania/listing/turiks-electric-llc,evitp.org,2026-08-31
40.116118,-75.187141,pennsylvania,Vasoli Electric Co. Inc.,"1430 Ulmer Avenue, P.O. Box 89, Oreland, PA. 19075",2158661000,svasoli@vasoli.com,http://vasoli.com/,James Odgers,https://evitp.org/pennsylvania/listing/vasolie-electric-co-inc,evitp.org,2026-08-31
39.886732,-75.52076,pennsylvania,William H. Clinger Corporation,"736 Baltimore Pike, P.O. Box 158, Concordville, PA. 19331, USA",6104591234,gbarrett@clingerelectric.com,http://clingerelectric.com/,"Gene Barrett              
             
                             
         
     
 
     
     
         
             
                  Redo search when map moved 
             
              
         
     
 
 
 
 
     
         Showing 58 results 
     
  
 
 											 

									 
					 
			 
   
    

	 
		 

			 
	 
		
		 
			 

				
 
			 
			 			  
	   


 
 

 
	   


The Electric Vehicle Infrastructure Training Program (EVITP) provides training and certification for electricians installing electric vehicle supply equipment (EVSE).  
		 		 
			 
					 
			 
			 			  
		 		 
			 
			  Contact Info 			  
	 
		 
			  		 
	 
	  Canada: www.NETCO.org 
 

 
	 
		 
			  		 
	 
	  United States:  EVITP, 811 N. Main Street, Suite 202,                     Royal Oak, MI  48067
 
 

 
	 
		 
			  		 
	 
	   info@evitp.org 
  
		 		 
	 			 
		 
		 
 


 
			 
			 

			
			 

			 
	 
		 Copyright © 2026 EVITP - ALL RIGHTS RESERVED -  TERMS OF USE  	 
	 
			 
 
			 

				 
		 
	 
		 
	 

   
   
 
{""prefetch"":[{""source"":""document"",""where"":{""and"":[{""href_matches"":""/*""},{""not"":{""href_matches"":[""/wp-*.php"",""/wp-admin/*"",""/wp-content/uploads/*"",""/wp-content/*"",""/wp-content/plugins/*"",""/wp-content/themes/siennawp/*"",""/*\\?(.+)""]}},{""not"":{""selector_matches"":""a[rel~=\""nofollow\""]""}},{""not"":{""selector_matches"":"".no-prefetch, .no-prefetch a""}}]},""eagerness"":""conservative""}]}
 
		  
		 
jQuery(document).ready(function($) {
SABAI.init($(""#sabai-content""));
});
   
  
  
  
  
  
  
 
wp.i18n.setLocaleData( { 'text direction\u0004ltr': [ 'ltr' ] } );
//# sourceURL=wp-i18n-js-after
 
  
 
var wpcf7 = {
    ""api"": {
        ""root"": ""https:\/\/evitp.org\/wp-json\/"",
        ""namespace"": ""contact-form-7\/v1""
    }
};
//# sourceURL=contact-form-7-js-before
 
  
 
var cf7appsHoneypotRefill = {""forceRefillOnInit"":""""};
//# sourceURL=cf7apps-honeypot-refill-js-extra
 
  
  
  
 
var mejsL10n = {""language"":""en"",""strings"":{""mejs.download-file"":""Download File"",""mejs.install-flash"":""You are using a browser that does not have Flash player enabled or installed. Please turn on your Flash player plugin or download the latest version from https://get.adobe.com/flashplayer/"",""mejs.fullscreen"":""Fullscreen"",""mejs.play"":""Play"",""mejs.pause"":""Pause"",""mejs.time-slider"":""Time Slider"",""mejs.time-help-text"":""Use Left/Right Arrow keys to advance one second, Up/Down arrows to advance ten seconds."",""mejs.live-broadcast"":""Live Broadcast"",""mejs.volume-help-text"":""Use Up/Down Arrow keys to increase or decrease volume."",""mejs.unmute"":""Unmute"",""mejs.mute"":""Mute"",""mejs.volume-slider"":""Volume Slider"",""mejs.video-player"":""Video Player"",""mejs.audio-player"":""Audio Player"",""mejs.captions-subtitles"":""Captions/Subtitles"",""mejs.captions-chapters"":""Chapters"",""mejs.none"":""None"",""mejs.afrikaans"":""Afrikaans"",""mejs.albanian"":""Albanian"",""mejs.arabic"":""Arabic"",""mejs.belarusian"":""Belarusian"",""mejs.bulgarian"":""Bulgarian"",""mejs.catalan"":""Catalan"",""mejs.chinese"":""Chinese"",""mejs.chinese-simplified"":""Chinese (Simplified)"",""mejs.chinese-traditional"":""Chinese (Traditional)"",""mejs.croatian"":""Croatian"",""mejs.czech"":""Czech"",""mejs.danish"":""Danish"",""mejs.dutch"":""Dutch"",""mejs.english"":""English"",""mejs.estonian"":""Estonian"",""mejs.filipino"":""Filipino"",""mejs.finnish"":""Finnish"",""mejs.french"":""French"",""mejs.galician"":""Galician"",""mejs.german"":""German"",""mejs.greek"":""Greek"",""mejs.haitian-creole"":""Haitian Creole"",""mejs.hebrew"":""Hebrew"",""mejs.hindi"":""Hindi"",""mejs.hungarian"":""Hungarian"",""mejs.icelandic"":""Icelandic"",""mejs.indonesian"":""Indonesian"",""mejs.irish"":""Irish"",""mejs.italian"":""Italian"",""mejs.japanese"":""Japanese"",""mejs.korean"":""Korean"",""mejs.latvian"":""Latvian"",""mejs.lithuanian"":""Lithuanian"",""mejs.macedonian"":""Macedonian"",""mejs.malay"":""Malay"",""mejs.maltese"":""Maltese"",""mejs.norwegian"":""Norwegian"",""mejs.persian"":""Persian"",""mejs.polish"":""Polish"",""mejs.portuguese"":""Portuguese"",""mejs.romanian"":""Romanian"",""mejs.russian"":""Russian"",""mejs.serbian"":""Serbian"",""mejs.slovak"":""Slovak"",""mejs.slovenian"":""Slovenian"",""mejs.spanish"":""Spanish"",""mejs.swahili"":""Swahili"",""mejs.swedish"":""Swedish"",""mejs.tagalog"":""Tagalog"",""mejs.thai"":""Thai"",""mejs.turkish"":""Turkish"",""mejs.ukrainian"":""Ukrainian"",""mejs.vietnamese"":""Vietnamese"",""mejs.welsh"":""Welsh"",""mejs.yiddish"":""Yiddish""}};
//# sourceURL=mediaelement-core-js-before
 
  
  
 
var _wpmejsSettings = {""pluginPath"":""/wp-includes/js/mediaelement/"",""classPrefix"":""mejs-"",""stretching"":""responsive"",""audioShortcodeLibrary"":""mediaelement"",""videoShortcodeLibrary"":""mediaelement""};
//# sourceURL=mediaelement-js-extra
 
  
  
  
  
  
  
  
  
  
  
  
  
  
  
  
  
  
  
  
  
  
  
  
  
  
  
  
  
  
  
  
  
 
var mkdfGlobalVars = {""vars"":{""mkdfAddForAdminBar"":0,""mkdfElementAppearAmount"":-150,""mkdfFinishedMessage"":""No more posts"",""mkdfMessage"":""Loading new posts..."",""mkdfTopBarHeight"":42,""mkdfStickyHeaderHeight"":0,""mkdfStickyHeaderTransparencyHeight"":60,""mkdfLogoAreaHeight"":0,""mkdfMenuAreaHeight"":131,""mkdfMobileHeaderHeight"":100}};
var mkdfPerPageVars = {""vars"":{""mkdfStickyScrollAmount"":450,""mkdfStickyScrollAmountFullScreen"":false,""mkdfHeaderTransparencyHeight"":0}};
//# sourceURL=sienna-mikado-modules-js-extra
 
  
  
  
 
var mkdfLike = {""ajaxurl"":""https://evitp.org/wp-admin/admin-ajax.php""};
//# sourceURL=sienna-mikado-like-js-extra
 
  
 
var GEM = {""thankyou"":""Thank you for signing up!"",""thankyou_suppressed"":""Thank you for signing up! Please check your email to confirm your subscription."",""oops"":""Oops! There was a problem. Please try again."",""email"":""Please enter a valid email address."",""required"":""%s is a required field.""};
//# sourceURL=gem-main-js-extra
 
  
  
  
 
var wpcf7_recaptcha = {
    ""sitekey"": ""6LdAGgcgAAAAALmBeuQZgYH6HTEI3KlPBF86-YxA"",
    ""actions"": {
        ""homepage"": ""homepage"",
        ""contactform"": ""contactform""
    }
};
//# sourceURL=wpcf7-recaptcha-js-before
 
  
 
{""baseUrl"":""https://s.w.org/images/core/emoji/17.0.2/72x72/"",""ext"":"".png"",""svgUrl"":""https://s.w.org/images/core/emoji/17.0.2/svg/"",""svgExt"":"".svg"",""source"":{""concatemoji"":""https://evitp.org/wp-includes/js/wp-emoji-release.min.js?ver=7.0.4""}}
 
 
/*! This file is auto-generated */
var e=""script#wp-emoji-settings"",t=document.querySelector(e);if(!(t instanceof HTMLScriptElement))throw new Error(""Element missing: ""+e);const r=JSON.parse(t.text),s=(window._wpemojiSettings=r,""wpEmojiSettingsSupports""),o=[""flag"",""emoji""];function i(e){try{var t={supportTests:e,timestamp:(new Date).valueOf()};sessionStorage.setItem(s,JSON.stringify(t))}catch(e){}}function c(e,t,n){e.clearRect(0,0,e.canvas.width,e.canvas.height),e.fillText(t,0,0);t=new Uint32Array(e.getImageData(0,0,e.canvas.width,e.canvas.height).data);e.clearRect(0,0,e.canvas.width,e.canvas.height),e.fillText(n,0,0);const r=new Uint32Array(e.getImageData(0,0,e.canvas.width,e.canvas.height).data);return t.every((e,t)=>e===r[t])}function p(e,t){e.clearRect(0,0,e.canvas.width,e.canvas.height),e.fillText(t,0,0);var n=e.getImageData(16,16,1,1);for(let e=0;e {o[e]=t(s,e,n,r)}),o}function a(e){var t=document.createElement(""script"");t.src=e,t.defer=!0,document.head.appendChild(t)}r.supports={everything:!0,everythingExceptFlag:!0},new Promise(t=>{let n=function(){try{var e=JSON.parse(sessionStorage.getItem(s));if(""object""==typeof e&&""number""==typeof e.timestamp&&(new Date).valueOf() {i(n=e.data),a.terminate(),t(n)})}catch(e){}i(n=f(o,u,c,p))}t(n)}).then(e=>{for(const n in e)r.supports[n]=e[n],r.supports.everything=r.supports.everything&&r.supports[n],""flag""!==n&&(r.supports.everythingExceptFlag=r.supports.everythingExceptFlag&&r.supports[n]);var t;r.supports.everythingExceptFlag=r.supports.everythingExceptFlag&&!r.supports.flag,r.supports.everything||((t=r.source||{}).concatemoji?a(t.concatemoji):t.wpemoji&&t.twemoji&&(a(t.twemoji),a(t.wpemoji)))});
//# sourceURL=https://evitp.org/wp-includes/js/wp-emoji-loader.min.js
 
 			  
			 
				/* @v3-js:start */
					let c4wp_onloadCallback = function() {
						for ( var i = 0; i   {
						if ( typeof jQuery !== 'undefined' && jQuery( 'input[id*=""c4wp-wc-checkout""]' ).length ) {
							var element = document.createElement('div');
							var html = '     ';
							element.innerHTML = html;
							jQuery( '[class*=""c4wp-wc-checkout""]' ).append( element );
							jQuery( '[class*=""c4wp-wc-checkout""]' ).find('*').off();
							c4wp_onloadCallback();
						}
					});
				/* @v3-js:end */",https://evitp.org/pennsylvania/listing/william-h-clinger-corporation,evitp.org,2026-08-31
41.822652,-71.489881,rhode-island,"Aladdin Electric Company, Inc.","1206 Hartford Avenue, Johnston, RI, 02919, USA",4012728450,alladinelectric@gmail.com,,David Nunes,https://evitp.org/rhodeisland/listing/aladdin-electric-company-inc,evitp.org,2026-08-31
41.746043,-71.439004,rhode-island,"AM Electric, LLC","385 Lincoln Avenue, Warwick, RI, 02888, USA",4016415601,amacarijr@amelectric.com,,Anthony Macari Jr.,https://evitp.org/rhodeisland/listing/am-electric-llc,evitp.org,2026-08-31
41.88694,-71.411499,rhode-island,ANJ Electric,"111 Middle Street, Lincoln, RI 02865, USA",4014494424,amacarijr@anjelectric.com,,Anthony Macari Jr.,https://evitp.org/rhodeisland/listing/anj-electric-eye-llc,evitp.org,2026-08-31
41.863359,-71.342541,rhode-island,"Arden Engineering Constructors, LLC","505 Narragansett Park Drive, Pawtucket, RI, 02861, USA",4017273500,mnolette@ardeneng.com,https://www.ardeneng.com/,Michael Nolette,https://evitp.org/rhodeisland/listing/arden-engineering-constructors-llc,evitp.org,2026-08-31
41.823989,-71.412834,rhode-island,"C & K Electric Company, Inc.","P.O. Box 41478, Providence, RI, 02940, USA",4013014882,rob@ckelectricri.com,https://ckelectricri.com/,Robert Kelman,https://evitp.org/rhodeisland/listing/c-k-electric-company-inc,evitp.org,2026-08-31
41.727389,-71.537159,rhode-island,"Collard Enterprises, Inc.","19 Highland Avenue, Coventry, RI, 02816, USA",4018218601,scott@efsri.com,,Scott Collard,https://evitp.org/rhodeisland/listing/collard-enterprises-inc,evitp.org,2026-08-31
41.580095,-71.477429,rhode-island,Dagle Electrical Construction Corp.,"Rhode Island, USA",8003791459,dec@deccorp.com,https://deccorp.com/,Maureen Dagle,https://evitp.org/rhodeisland/listing/dagle-electrical-construction-corp,evitp.org,2026-08-31
41.754886,-71.306886,rhode-island,"East Bay Power, LLC.","43 Lamson Road, Barrington, RI, 02806, USA",4014475884,sviveiros@eastbaypower.com,https://www.eastbaypower.org/,Shawn Viveiros,https://evitp.org/rhodeisland/listing/east-bay-power-llc,evitp.org,2026-08-31
41.521325,-71.731813,rhode-island,"Gordon Building & Excavating, Inc.","143 Spring Street, Hope Valley, RI, 02832, USA",4016029343,peter@gordonbuilding.net,https://www.gordonbuilding.net/,Peter Creighton Jr.,https://evitp.org/rhodeisland/listing/gordon-building-excavating-inc,evitp.org,2026-08-31
41.748728,-71.437634,rhode-island,"James J. O'Rourke, Inc.","21 Pine Street, Warwick, RI, 02888 USA",4017859850,corourke@jjoi.com,https://jjoi.com/,Christopher W. O’Rourke,https://evitp.org/rhodeisland/listing/james-j-orourke-inc,evitp.org,2026-08-31
41.70667,-71.394962,rhode-island,"K Electric, Inc.","2646 Warwick Ave, Warwick, RI, 02889 USA",4017396000,c.fontaine@kelectricinc.com,http://www.kelectricinc.com/,Corey R. Fontaine,https://evitp.org/rhodeisland/listing/k-electric-inc,evitp.org,2026-08-31
41.449403,-71.49686,rhode-island,Newport Renewables,"316 Columbia St, Wakefield, RI 02879, USA",4016195906,info@nptre.com,https://www.nptre.com/,Dan Berg,https://evitp.org/rhodeisland/listing/newport-renewables,evitp.org,2026-08-31
41.783889,-71.518935,rhode-island,"Nolin Electric, Inc.","82 Stamp Farm Road, Cranston, RI, 02921, USA",4016475478,jeff@nolinelectric.com,http://www.nolinelectric.net/pages/cfHome.cfm,Jeffrey J. Nolin,https://evitp.org/rhodeisland/listing/nolin-electric-inc,evitp.org,2026-08-31
41.763842,-71.427915,rhode-island,"P.T. Electric, Co.","11 Galveston Street, Cranston, RI 02910, USA",4016416920,pteelectricco@gmail.com,,Richard Patefield,https://evitp.org/rhodeisland/listing/p-t-electric-co,evitp.org,2026-08-31
41.819797,-71.414866,rhode-island,Smart Green Solar,"33 Broad Street, Providence, RI, 02903, USA",4015372294,info@smartgreen.solar,https://smartgreensolar.com/,Joseph Bednarik,https://evitp.org/rhodeisland/listing/smart-green-solar,evitp.org,2026-08-31
41.580095,-71.477429,rhode-island,"Stewart Electrical Contracting, Inc.","Rhode Island, USA",18008979423,support@stewartelectricalcontracting.com,https://www.stewartelectricalcontracting.com/,Colby Bruce,https://evitp.org/rhodeisland/listing/stewart-electrical-contracting-inc,evitp.org,2026-08-31
41.82394,-71.464593,rhode-island,"Wyman & Sons Electric, Inc.","2068 King Philip Street, Providence, RI, 02909 USA",4015086622,dwyman@wymanandsons.com,https://wymanandsons.com/,"David W. L. Wyman Jr.              
             
                             
         
     
 
     
     
         
             
                  Redo search when map moved 
             
              
         
     
 
 
 
 
     
         Showing 17 results 
     
  
 
 											 

									 
					 
			 
   
    

	 
		 

			 
	 
		
		 
			 

				
 
			 
			 			  
	   


 
 

 
	   


The Electric Vehicle Infrastructure Training Program (EVITP) provides training and certification for electricians installing electric vehicle supply equipment (EVSE).  
		 		 
			 
					 
			 
			 			  
		 		 
			 
			  Contact Info 			  
	 
		 
			  		 
	 
	  Canada: www.NETCO.org 
 

 
	 
		 
			  		 
	 
	  United States:  EVITP, 811 N. Main Street, Suite 202,                     Royal Oak, MI  48067
 
 

 
	 
		 
			  		 
	 
	   info@evitp.org 
  
		 		 
	 			 
		 
		 
 


 
			 
			 

			
			 

			 
	 
		 Copyright © 2026 EVITP - ALL RIGHTS RESERVED -  TERMS OF USE  	 
	 
			 
 
			 

				 
		 
	 
		 
	 

   
   
 
{""prefetch"":[{""source"":""document"",""where"":{""and"":[{""href_matches"":""/*""},{""not"":{""href_matches"":[""/wp-*.php"",""/wp-admin/*"",""/wp-content/uploads/*"",""/wp-content/*"",""/wp-content/plugins/*"",""/wp-content/themes/siennawp/*"",""/*\\?(.+)""]}},{""not"":{""selector_matches"":""a[rel~=\""nofollow\""]""}},{""not"":{""selector_matches"":"".no-prefetch, .no-prefetch a""}}]},""eagerness"":""conservative""}]}
 
		  
		 
jQuery(document).ready(function($) {
SABAI.init($(""#sabai-content""));
});
   
  
  
  
  
  
  
 
wp.i18n.setLocaleData( { 'text direction\u0004ltr': [ 'ltr' ] } );
//# sourceURL=wp-i18n-js-after
 
  
 
var wpcf7 = {
    ""api"": {
        ""root"": ""https:\/\/evitp.org\/wp-json\/"",
        ""namespace"": ""contact-form-7\/v1""
    }
};
//# sourceURL=contact-form-7-js-before
 
  
 
var cf7appsHoneypotRefill = {""forceRefillOnInit"":""""};
//# sourceURL=cf7apps-honeypot-refill-js-extra
 
  
  
  
 
var mejsL10n = {""language"":""en"",""strings"":{""mejs.download-file"":""Download File"",""mejs.install-flash"":""You are using a browser that does not have Flash player enabled or installed. Please turn on your Flash player plugin or download the latest version from https://get.adobe.com/flashplayer/"",""mejs.fullscreen"":""Fullscreen"",""mejs.play"":""Play"",""mejs.pause"":""Pause"",""mejs.time-slider"":""Time Slider"",""mejs.time-help-text"":""Use Left/Right Arrow keys to advance one second, Up/Down arrows to advance ten seconds."",""mejs.live-broadcast"":""Live Broadcast"",""mejs.volume-help-text"":""Use Up/Down Arrow keys to increase or decrease volume."",""mejs.unmute"":""Unmute"",""mejs.mute"":""Mute"",""mejs.volume-slider"":""Volume Slider"",""mejs.video-player"":""Video Player"",""mejs.audio-player"":""Audio Player"",""mejs.captions-subtitles"":""Captions/Subtitles"",""mejs.captions-chapters"":""Chapters"",""mejs.none"":""None"",""mejs.afrikaans"":""Afrikaans"",""mejs.albanian"":""Albanian"",""mejs.arabic"":""Arabic"",""mejs.belarusian"":""Belarusian"",""mejs.bulgarian"":""Bulgarian"",""mejs.catalan"":""Catalan"",""mejs.chinese"":""Chinese"",""mejs.chinese-simplified"":""Chinese (Simplified)"",""mejs.chinese-traditional"":""Chinese (Traditional)"",""mejs.croatian"":""Croatian"",""mejs.czech"":""Czech"",""mejs.danish"":""Danish"",""mejs.dutch"":""Dutch"",""mejs.english"":""English"",""mejs.estonian"":""Estonian"",""mejs.filipino"":""Filipino"",""mejs.finnish"":""Finnish"",""mejs.french"":""French"",""mejs.galician"":""Galician"",""mejs.german"":""German"",""mejs.greek"":""Greek"",""mejs.haitian-creole"":""Haitian Creole"",""mejs.hebrew"":""Hebrew"",""mejs.hindi"":""Hindi"",""mejs.hungarian"":""Hungarian"",""mejs.icelandic"":""Icelandic"",""mejs.indonesian"":""Indonesian"",""mejs.irish"":""Irish"",""mejs.italian"":""Italian"",""mejs.japanese"":""Japanese"",""mejs.korean"":""Korean"",""mejs.latvian"":""Latvian"",""mejs.lithuanian"":""Lithuanian"",""mejs.macedonian"":""Macedonian"",""mejs.malay"":""Malay"",""mejs.maltese"":""Maltese"",""mejs.norwegian"":""Norwegian"",""mejs.persian"":""Persian"",""mejs.polish"":""Polish"",""mejs.portuguese"":""Portuguese"",""mejs.romanian"":""Romanian"",""mejs.russian"":""Russian"",""mejs.serbian"":""Serbian"",""mejs.slovak"":""Slovak"",""mejs.slovenian"":""Slovenian"",""mejs.spanish"":""Spanish"",""mejs.swahili"":""Swahili"",""mejs.swedish"":""Swedish"",""mejs.tagalog"":""Tagalog"",""mejs.thai"":""Thai"",""mejs.turkish"":""Turkish"",""mejs.ukrainian"":""Ukrainian"",""mejs.vietnamese"":""Vietnamese"",""mejs.welsh"":""Welsh"",""mejs.yiddish"":""Yiddish""}};
//# sourceURL=mediaelement-core-js-before
 
  
  
 
var _wpmejsSettings = {""pluginPath"":""/wp-includes/js/mediaelement/"",""classPrefix"":""mejs-"",""stretching"":""responsive"",""audioShortcodeLibrary"":""mediaelement"",""videoShortcodeLibrary"":""mediaelement""};
//# sourceURL=mediaelement-js-extra
 
  
  
  
  
  
  
  
  
  
  
  
  
  
  
  
  
  
  
  
  
  
  
  
  
  
  
  
  
  
  
  
  
 
var mkdfGlobalVars = {""vars"":{""mkdfAddForAdminBar"":0,""mkdfElementAppearAmount"":-150,""mkdfFinishedMessage"":""No more posts"",""mkdfMessage"":""Loading new posts..."",""mkdfTopBarHeight"":42,""mkdfStickyHeaderHeight"":0,""mkdfStickyHeaderTransparencyHeight"":60,""mkdfLogoAreaHeight"":0,""mkdfMenuAreaHeight"":131,""mkdfMobileHeaderHeight"":100}};
var mkdfPerPageVars = {""vars"":{""mkdfStickyScrollAmount"":450,""mkdfStickyScrollAmountFullScreen"":false,""mkdfHeaderTransparencyHeight"":0}};
//# sourceURL=sienna-mikado-modules-js-extra
 
  
  
  
 
var mkdfLike = {""ajaxurl"":""https://evitp.org/wp-admin/admin-ajax.php""};
//# sourceURL=sienna-mikado-like-js-extra
 
  
 
var GEM = {""thankyou"":""Thank you for signing up!"",""thankyou_suppressed"":""Thank you for signing up! Please check your email to confirm your subscription."",""oops"":""Oops! There was a problem. Please try again."",""email"":""Please enter a valid email address."",""required"":""%s is a required field.""};
//# sourceURL=gem-main-js-extra
 
  
  
  
 
var wpcf7_recaptcha = {
    ""sitekey"": ""6LdAGgcgAAAAALmBeuQZgYH6HTEI3KlPBF86-YxA"",
    ""actions"": {
        ""homepage"": ""homepage"",
        ""contactform"": ""contactform""
    }
};
//# sourceURL=wpcf7-recaptcha-js-before
 
  
 
{""baseUrl"":""https://s.w.org/images/core/emoji/17.0.2/72x72/"",""ext"":"".png"",""svgUrl"":""https://s.w.org/images/core/emoji/17.0.2/svg/"",""svgExt"":"".svg"",""source"":{""concatemoji"":""https://evitp.org/wp-includes/js/wp-emoji-release.min.js?ver=7.0.4""}}
 
 
/*! This file is auto-generated */
var e=""script#wp-emoji-settings"",t=document.querySelector(e);if(!(t instanceof HTMLScriptElement))throw new Error(""Element missing: ""+e);const r=JSON.parse(t.text),s=(window._wpemojiSettings=r,""wpEmojiSettingsSupports""),o=[""flag"",""emoji""];function i(e){try{var t={supportTests:e,timestamp:(new Date).valueOf()};sessionStorage.setItem(s,JSON.stringify(t))}catch(e){}}function c(e,t,n){e.clearRect(0,0,e.canvas.width,e.canvas.height),e.fillText(t,0,0);t=new Uint32Array(e.getImageData(0,0,e.canvas.width,e.canvas.height).data);e.clearRect(0,0,e.canvas.width,e.canvas.height),e.fillText(n,0,0);const r=new Uint32Array(e.getImageData(0,0,e.canvas.width,e.canvas.height).data);return t.every((e,t)=>e===r[t])}function p(e,t){e.clearRect(0,0,e.canvas.width,e.canvas.height),e.fillText(t,0,0);var n=e.getImageData(16,16,1,1);for(let e=0;e {o[e]=t(s,e,n,r)}),o}function a(e){var t=document.createElement(""script"");t.src=e,t.defer=!0,document.head.appendChild(t)}r.supports={everything:!0,everythingExceptFlag:!0},new Promise(t=>{let n=function(){try{var e=JSON.parse(sessionStorage.getItem(s));if(""object""==typeof e&&""number""==typeof e.timestamp&&(new Date).valueOf() {i(n=e.data),a.terminate(),t(n)})}catch(e){}i(n=f(o,u,c,p))}t(n)}).then(e=>{for(const n in e)r.supports[n]=e[n],r.supports.everything=r.supports.everything&&r.supports[n],""flag""!==n&&(r.supports.everythingExceptFlag=r.supports.everythingExceptFlag&&r.supports[n]);var t;r.supports.everythingExceptFlag=r.supports.everythingExceptFlag&&!r.supports.flag,r.supports.everything||((t=r.source||{}).concatemoji?a(t.concatemoji):t.wpemoji&&t.twemoji&&(a(t.twemoji),a(t.wpemoji)))});
//# sourceURL=https://evitp.org/wp-includes/js/wp-emoji-loader.min.js
 
 			  
			 
				/* @v3-js:start */
					let c4wp_onloadCallback = function() {
						for ( var i = 0; i   {
						if ( typeof jQuery !== 'undefined' && jQuery( 'input[id*=""c4wp-wc-checkout""]' ).length ) {
							var element = document.createElement('div');
							var html = '     ';
							element.innerHTML = html;
							jQuery( '[class*=""c4wp-wc-checkout""]' ).append( element );
							jQuery( '[class*=""c4wp-wc-checkout""]' ).find('*').off();
							c4wp_onloadCallback();
						}
					});
				/* @v3-js:end */",https://evitp.org/rhodeisland/listing/wyman-sons-electric-inc,evitp.org,2026-08-31
34.045712,-81.026395,south-carolina,"Allison-Smith Company, LLC","South Carolina, USA",4043516430,tgrossweiler@allisonsmith.com,https://allisonsmith.com/,Todd Grossweiler,https://evitp.org/southcarolina/listing/allison-smith-company-llc,evitp.org,2026-08-31
33.836081,-81.163725,south-carolina,Allstate Sales Group,"South Carolina, USA",7323355588,aabadie@asginc.us,https://www.asginc.us/,Anne Abadie,https://evitp.org/southcarolina/listing/allstate-sales-group,evitp.org,2026-08-31
33.836081,-81.163725,south-carolina,Apollo Sign and Light,"South Carolina, USA",8644107373,fbullington@apollosign.com,https://apollosign.com/,Frankie Bullington,https://evitp.org/southcarolina/listing/apollo-sign-and-light,evitp.org,2026-08-31
35.148661,-81.916756,south-carolina,"Ark Electric, LLC.","7657 Parris Bridge Road, Chesnee, SC, 29323 USA",8643813455,arkelectric20@gmail.com,,Adam Morgan,https://evitp.org/southcarolina/listing/ark-electric-llc,evitp.org,2026-08-31
33.836081,-81.163725,south-carolina,Besco Electrical Corporation,"South Carolina, USA",7048924200,d.caylor@bescoelectrical.com,https://bescoelectrical.com/,Dan Caylor,https://evitp.org/southcarolina/listing/besco-electrical-corporation,evitp.org,2026-08-31
34.00071,-81.034814,south-carolina,Egan Company,"Columbia, South Carolina, USA",7635444131,mat@eganco.com,https://www.eganco.com/,Michael Tengwall,https://evitp.org/southcarolina/listing/egan-company,evitp.org,2026-08-31
33.947797,-81.106046,south-carolina,"Envirospark Energy Solutions, Inc.","South Carolina, USA",4047369173,info@envirosparkenergy.com,https://envirosparkenergy.com/,Brad Ewing,https://evitp.org/southcarolina/listing/envirospark-energy-solutions-inc,evitp.org,2026-08-31
33.836081,-81.163725,south-carolina,"Envirospark Energy Solutions, Inc.","South Carolina, USA",4047369173,info@envirosparkenergy.com,https://envirosparkenergy.com/,Brad Ewing,https://evitp.org/southcarolina/listing/envirospark-energy-solutions-inc-1,evitp.org,2026-08-31
33.836081,-81.163725,south-carolina,"Garnet Electric Co., Inc.","South Carolina, USA",12563814062,jskipworth@garnetelectric.com,http://garnetelectric.com/,Jerrold Skipworth,https://evitp.org/southcarolina/listing/garnet-electric-co-inc-1,evitp.org,2026-08-31
33.836081,-81.163725,south-carolina,"Iteris, Inc.","South Carolina, USA",6576528288,bakerley@iteris.com,https://www.iteris.com/,Brian Akerley,https://evitp.org/southcarolina/listing/iteris-inc,evitp.org,2026-08-31
34.059366,-81.059354,south-carolina,"J. Ranck Electric, Inc.","South Carolina, USA",19312074354,swalker@jranck.com,https://www.jranck.com/,Scott Walker,https://evitp.org/southcarolina/listing/j-ranck-electric-inc,evitp.org,2026-08-31
33.836081,-81.163725,south-carolina,KEI Electric,"South Carolina, USA",2693722035,fletcherleet@keiecm.com,http://keiecm.com/,Fletcher Leet,https://evitp.org/southcarolina/listing/kei-electric,evitp.org,2026-08-31
33.836081,-81.163725,south-carolina,Laibe Electric Co.,"South Carolina, USA",14197248200,mikedeaton@laibe.com,https://laibe.com/,Michael A. Deaton,https://evitp.org/southcarolina/listing/laibe-electric-co,evitp.org,2026-08-31
33.836081,-81.163725,south-carolina,Lightserve Corp.,"South Carolina, USA",2057323766,andrew.honeycutt@light-serve.com,https://www.light-serve.com/,Andrew Honeycutt,https://evitp.org/southcarolina/listing/lightserve-corp,evitp.org,2026-08-31
33.836081,-81.163725,south-carolina,Matrix NAC,"South Carolina, USA",7323883540,stevenlamastra@matrixservicecompany.com,https://www.matrixnac.com/,Steven LaMastra,https://evitp.org/southcarolina/listing/matrix-nac,evitp.org,2026-08-31
34.013845,-81.048368,south-carolina,Miller Electric Company,"SC, USA",9048324423,mhall@mecojax.com,https://www.mecojax.com/,Mike Hall,https://evitp.org/southcarolina/listing/miller-electric-company,evitp.org,2026-08-31
33.836081,-81.163725,south-carolina,Muska Electric Company,"South Carolina, USA",16516365820,tolson@muskaelectric.com,https://www.muskacompanies.com/,Ted Olson,https://evitp.org/southcarolina/listing/muska-electric-company,evitp.org,2026-08-31
34.028642,-81.034635,south-carolina,New River Electrical Corporation,"South Carolina, USA",5405267501,ahartsfield@nrec.ne,https://www.newriverelectrical.com/,Jonathan Aaron Hartsfield,https://evitp.org/southcarolina/listing/new-river-electrical-corporation,evitp.org,2026-08-31
33.836081,-81.163725,south-carolina,Parsons Electric,"South Carolina, USA",17635287670,brad.bacon@pecsolutions.com,https://www.pecsolutions.com/,Brad Bacon,https://evitp.org/southcarolina/listing/parsons-electric,evitp.org,2026-08-31
33.836081,-81.163725,south-carolina,"Preferred Electric Co., Inc.","South Carolina, USA",7044936030,glilly@peci-elect.com,https://www.peci-elect.com/,Greg Lilly,https://evitp.org/southcarolina/listing/preferred-electric-co-inc,evitp.org,2026-08-31
33.836081,-81.163725,south-carolina,"Prime Power Solutions, Inc.","South Carolina, USA",7069705548,eshaffer@primeretailservices.com,https://primeretailservices.com/,Robert E. Shaffer,https://evitp.org/southcarolina/listing/prime-power-solutions-inc,evitp.org,2026-08-31
34.032056,-81.053861,south-carolina,Sargent Electric Company,"Columbia, South Carolina, USA",4123947600,info@sargentelectric.com,https://www.sargentelectric.com/,Tim Snyder,https://evitp.org/southcarolina/listing/sargent-electric-company,evitp.org,2026-08-31
33.858892,-81.284574,south-carolina,SG Energy Solutions,"South Carolina, USA",3134028816,dsiders@sgenergysolutions.com,https://www.sg-solutionsgroup.com/,Desmen Siders,https://evitp.org/southcarolina/listing/sg-energy-solutions,evitp.org,2026-08-31
33.824927,-78.995755,south-carolina,"Sterling Industrial, LLC.","South Carolina, USA",8124927118,jhayden@sterlingindustrialllc.com,https://www.sterlingindustrialllc.com/,Jeff Hayden,https://evitp.org/southcarolina/listing/sterling-industrial-llc,evitp.org,2026-08-31
33.836081,-81.163725,south-carolina,The Oscar W. Larson Company,"SC, USA",8103974757,justin.spence@owlservices.com,https://www.larsonco.com/,Justin Spence,https://evitp.org/southcarolina/listing/the-oscar-w-larson-company,evitp.org,2026-08-31
32.776475,-79.931051,south-carolina,White Electrical Construction Company,"Charleston, SC, USA",4233268536,rzink@white-electrical.com,http://www.white-electrical.com/,"Rod Zink              
             
                             
         
     
 
     
     
         
             
                  Redo search when map moved 
             
              
         
     
 
 
 
 
     
         Showing 26 results 
     
  
 
 											 

									 
					 
			 
   
    

	 
		 

			 
	 
		
		 
			 

				
 
			 
			 			  
	   


 
 

 
	   


The Electric Vehicle Infrastructure Training Program (EVITP) provides training and certification for electricians installing electric vehicle supply equipment (EVSE).  
		 		 
			 
					 
			 
			 			  
		 		 
			 
			  Contact Info 			  
	 
		 
			  		 
	 
	  Canada: www.NETCO.org 
 

 
	 
		 
			  		 
	 
	  United States:  EVITP, 811 N. Main Street, Suite 202,                     Royal Oak, MI  48067
 
 

 
	 
		 
			  		 
	 
	   info@evitp.org 
  
		 		 
	 			 
		 
		 
 


 
			 
			 

			
			 

			 
	 
		 Copyright © 2026 EVITP - ALL RIGHTS RESERVED -  TERMS OF USE  	 
	 
			 
 
			 

				 
		 
	 
		 
	 

   
   
 
{""prefetch"":[{""source"":""document"",""where"":{""and"":[{""href_matches"":""/*""},{""not"":{""href_matches"":[""/wp-*.php"",""/wp-admin/*"",""/wp-content/uploads/*"",""/wp-content/*"",""/wp-content/plugins/*"",""/wp-content/themes/siennawp/*"",""/*\\?(.+)""]}},{""not"":{""selector_matches"":""a[rel~=\""nofollow\""]""}},{""not"":{""selector_matches"":"".no-prefetch, .no-prefetch a""}}]},""eagerness"":""conservative""}]}
 
		  
		 
jQuery(document).ready(function($) {
SABAI.init($(""#sabai-content""));
});
   
  
  
  
  
  
  
 
wp.i18n.setLocaleData( { 'text direction\u0004ltr': [ 'ltr' ] } );
//# sourceURL=wp-i18n-js-after
 
  
 
var wpcf7 = {
    ""api"": {
        ""root"": ""https:\/\/evitp.org\/wp-json\/"",
        ""namespace"": ""contact-form-7\/v1""
    }
};
//# sourceURL=contact-form-7-js-before
 
  
 
var cf7appsHoneypotRefill = {""forceRefillOnInit"":""""};
//# sourceURL=cf7apps-honeypot-refill-js-extra
 
  
  
  
 
var mejsL10n = {""language"":""en"",""strings"":{""mejs.download-file"":""Download File"",""mejs.install-flash"":""You are using a browser that does not have Flash player enabled or installed. Please turn on your Flash player plugin or download the latest version from https://get.adobe.com/flashplayer/"",""mejs.fullscreen"":""Fullscreen"",""mejs.play"":""Play"",""mejs.pause"":""Pause"",""mejs.time-slider"":""Time Slider"",""mejs.time-help-text"":""Use Left/Right Arrow keys to advance one second, Up/Down arrows to advance ten seconds."",""mejs.live-broadcast"":""Live Broadcast"",""mejs.volume-help-text"":""Use Up/Down Arrow keys to increase or decrease volume."",""mejs.unmute"":""Unmute"",""mejs.mute"":""Mute"",""mejs.volume-slider"":""Volume Slider"",""mejs.video-player"":""Video Player"",""mejs.audio-player"":""Audio Player"",""mejs.captions-subtitles"":""Captions/Subtitles"",""mejs.captions-chapters"":""Chapters"",""mejs.none"":""None"",""mejs.afrikaans"":""Afrikaans"",""mejs.albanian"":""Albanian"",""mejs.arabic"":""Arabic"",""mejs.belarusian"":""Belarusian"",""mejs.bulgarian"":""Bulgarian"",""mejs.catalan"":""Catalan"",""mejs.chinese"":""Chinese"",""mejs.chinese-simplified"":""Chinese (Simplified)"",""mejs.chinese-traditional"":""Chinese (Traditional)"",""mejs.croatian"":""Croatian"",""mejs.czech"":""Czech"",""mejs.danish"":""Danish"",""mejs.dutch"":""Dutch"",""mejs.english"":""English"",""mejs.estonian"":""Estonian"",""mejs.filipino"":""Filipino"",""mejs.finnish"":""Finnish"",""mejs.french"":""French"",""mejs.galician"":""Galician"",""mejs.german"":""German"",""mejs.greek"":""Greek"",""mejs.haitian-creole"":""Haitian Creole"",""mejs.hebrew"":""Hebrew"",""mejs.hindi"":""Hindi"",""mejs.hungarian"":""Hungarian"",""mejs.icelandic"":""Icelandic"",""mejs.indonesian"":""Indonesian"",""mejs.irish"":""Irish"",""mejs.italian"":""Italian"",""mejs.japanese"":""Japanese"",""mejs.korean"":""Korean"",""mejs.latvian"":""Latvian"",""mejs.lithuanian"":""Lithuanian"",""mejs.macedonian"":""Macedonian"",""mejs.malay"":""Malay"",""mejs.maltese"":""Maltese"",""mejs.norwegian"":""Norwegian"",""mejs.persian"":""Persian"",""mejs.polish"":""Polish"",""mejs.portuguese"":""Portuguese"",""mejs.romanian"":""Romanian"",""mejs.russian"":""Russian"",""mejs.serbian"":""Serbian"",""mejs.slovak"":""Slovak"",""mejs.slovenian"":""Slovenian"",""mejs.spanish"":""Spanish"",""mejs.swahili"":""Swahili"",""mejs.swedish"":""Swedish"",""mejs.tagalog"":""Tagalog"",""mejs.thai"":""Thai"",""mejs.turkish"":""Turkish"",""mejs.ukrainian"":""Ukrainian"",""mejs.vietnamese"":""Vietnamese"",""mejs.welsh"":""Welsh"",""mejs.yiddish"":""Yiddish""}};
//# sourceURL=mediaelement-core-js-before
 
  
  
 
var _wpmejsSettings = {""pluginPath"":""/wp-includes/js/mediaelement/"",""classPrefix"":""mejs-"",""stretching"":""responsive"",""audioShortcodeLibrary"":""mediaelement"",""videoShortcodeLibrary"":""mediaelement""};
//# sourceURL=mediaelement-js-extra
 
  
  
  
  
  
  
  
  
  
  
  
  
  
  
  
  
  
  
  
  
  
  
  
  
  
  
  
  
  
  
  
  
 
var mkdfGlobalVars = {""vars"":{""mkdfAddForAdminBar"":0,""mkdfElementAppearAmount"":-150,""mkdfFinishedMessage"":""No more posts"",""mkdfMessage"":""Loading new posts..."",""mkdfTopBarHeight"":42,""mkdfStickyHeaderHeight"":0,""mkdfStickyHeaderTransparencyHeight"":60,""mkdfLogoAreaHeight"":0,""mkdfMenuAreaHeight"":131,""mkdfMobileHeaderHeight"":100}};
var mkdfPerPageVars = {""vars"":{""mkdfStickyScrollAmount"":450,""mkdfStickyScrollAmountFullScreen"":false,""mkdfHeaderTransparencyHeight"":0}};
//# sourceURL=sienna-mikado-modules-js-extra
 
  
  
  
 
var mkdfLike = {""ajaxurl"":""https://evitp.org/wp-admin/admin-ajax.php""};
//# sourceURL=sienna-mikado-like-js-extra
 
  
 
var GEM = {""thankyou"":""Thank you for signing up!"",""thankyou_suppressed"":""Thank you for signing up! Please check your email to confirm your subscription."",""oops"":""Oops! There was a problem. Please try again."",""email"":""Please enter a valid email address."",""required"":""%s is a required field.""};
//# sourceURL=gem-main-js-extra
 
  
  
  
 
var wpcf7_recaptcha = {
    ""sitekey"": ""6LdAGgcgAAAAALmBeuQZgYH6HTEI3KlPBF86-YxA"",
    ""actions"": {
        ""homepage"": ""homepage"",
        ""contactform"": ""contactform""
    }
};
//# sourceURL=wpcf7-recaptcha-js-before
 
  
 
{""baseUrl"":""https://s.w.org/images/core/emoji/17.0.2/72x72/"",""ext"":"".png"",""svgUrl"":""https://s.w.org/images/core/emoji/17.0.2/svg/"",""svgExt"":"".svg"",""source"":{""concatemoji"":""https://evitp.org/wp-includes/js/wp-emoji-release.min.js?ver=7.0.4""}}
 
 
/*! This file is auto-generated */
var e=""script#wp-emoji-settings"",t=document.querySelector(e);if(!(t instanceof HTMLScriptElement))throw new Error(""Element missing: ""+e);const r=JSON.parse(t.text),s=(window._wpemojiSettings=r,""wpEmojiSettingsSupports""),o=[""flag"",""emoji""];function i(e){try{var t={supportTests:e,timestamp:(new Date).valueOf()};sessionStorage.setItem(s,JSON.stringify(t))}catch(e){}}function c(e,t,n){e.clearRect(0,0,e.canvas.width,e.canvas.height),e.fillText(t,0,0);t=new Uint32Array(e.getImageData(0,0,e.canvas.width,e.canvas.height).data);e.clearRect(0,0,e.canvas.width,e.canvas.height),e.fillText(n,0,0);const r=new Uint32Array(e.getImageData(0,0,e.canvas.width,e.canvas.height).data);return t.every((e,t)=>e===r[t])}function p(e,t){e.clearRect(0,0,e.canvas.width,e.canvas.height),e.fillText(t,0,0);var n=e.getImageData(16,16,1,1);for(let e=0;e {o[e]=t(s,e,n,r)}),o}function a(e){var t=document.createElement(""script"");t.src=e,t.defer=!0,document.head.appendChild(t)}r.supports={everything:!0,everythingExceptFlag:!0},new Promise(t=>{let n=function(){try{var e=JSON.parse(sessionStorage.getItem(s));if(""object""==typeof e&&""number""==typeof e.timestamp&&(new Date).valueOf() {i(n=e.data),a.terminate(),t(n)})}catch(e){}i(n=f(o,u,c,p))}t(n)}).then(e=>{for(const n in e)r.supports[n]=e[n],r.supports.everything=r.supports.everything&&r.supports[n],""flag""!==n&&(r.supports.everythingExceptFlag=r.supports.everythingExceptFlag&&r.supports[n]);var t;r.supports.everythingExceptFlag=r.supports.everythingExceptFlag&&!r.supports.flag,r.supports.everything||((t=r.source||{}).concatemoji?a(t.concatemoji):t.wpemoji&&t.twemoji&&(a(t.twemoji),a(t.wpemoji)))});
//# sourceURL=https://evitp.org/wp-includes/js/wp-emoji-loader.min.js
 
 			  
			 
				/* @v3-js:start */
					let c4wp_onloadCallback = function() {
						for ( var i = 0; i   {
						if ( typeof jQuery !== 'undefined' && jQuery( 'input[id*=""c4wp-wc-checkout""]' ).length ) {
							var element = document.createElement('div');
							var html = '     ';
							element.innerHTML = html;
							jQuery( '[class*=""c4wp-wc-checkout""]' ).append( element );
							jQuery( '[class*=""c4wp-wc-checkout""]' ).find('*').off();
							c4wp_onloadCallback();
						}
					});
				/* @v3-js:end */",https://evitp.org/southcarolina/listing/white-electrical-construction-company,evitp.org,2026-08-31
43.969515,-99.901813,south-dakota,"Ace Electrical Contractors, Inc.","South Dakota, USA",17636948800,palml@aceelectrical.net,http://aceelectrical.net/,Larry Palm,https://evitp.org/southdakota/listing/ace-electrical-contractors-inc,evitp.org,2026-08-31
43.969515,-99.901813,south-dakota,"Aldridge Electric, Inc.","South Dakota, USA",18472761127,ggiovannetti@aldridgegroup.com,https://www.aldridgegroup.com/,Gina Giovannetti,https://evitp.org/southdakota/listing/aldridge-electric-inc,evitp.org,2026-08-31
35.517491,-86.580447,south-dakota,Besco Electrical Corporation,"Tennessee, USA",7048924200,d.caylor@bescoelectrical.com,https://bescoelectrical.com/,Dan Caylor,https://evitp.org/southdakota/listing/besco-electrical-corporation,evitp.org,2026-08-31
43.969515,-99.901813,south-dakota,CEI Electrical Contractors,"South Dakota, USA",4067404400,bburton@ceionline.com,https://www.ceionline.com/,Brent Burton,https://evitp.org/southdakota/listing/cei-electrical-contractors,evitp.org,2026-08-31
43.969515,-99.901813,south-dakota,"Decker Electric, Inc.","South Dakota, USA",13162658182,bwilson@decker-electric.com,https://www.decker-electric.com/,Ben Wilson,https://evitp.org/southdakota/listing/decker-electric-inc,evitp.org,2026-08-31
43.546022,-96.731265,south-dakota,Egan Company,"Sioux Falls, South Dakota, USA",7635444131,mat@eganco.com,https://www.eganco.com/,,https://evitp.org/southdakota/listing/egan-company,evitp.org,2026-08-31
43.54795,-96.714407,south-dakota,"Electric Supply Co., Inc.","105 North Fairfax Avenue, Sioux Falls, SD, 57103, USA",6053606888,bob@electricsupplyfsd.com,https://electricsupplyfsd.com/,Robert Jarding,https://evitp.org/southdakota/listing/electric-supply-co-inc,evitp.org,2026-08-31
43.969515,-99.901813,south-dakota,Lightserve Corp,"South Dakota, USA",2057323766,andrew.honeycutt@light-serve.com,https://www.light-serve.com/,Andrew Honeycutt,https://evitp.org/southdakota/listing/lightserve-corp,evitp.org,2026-08-31
43.66829,-96.781696,south-dakota,Miller Electric Company,"SD, USA",9048324423,mhall@mecojax.com,https://www.mecojax.com/,Mike Hall,https://evitp.org/southdakota/listing/miller-electric-company,evitp.org,2026-08-31
42.535542,-96.498353,south-dakota,"Mitchell Electric, LLC","717 North Derby Lane suite c, North Sioux City, SD, 57049, USA",6052325527,dallas@mitchellelectric.com,https://mitchellelectric.com/,Dallas Mitchell,https://evitp.org/southdakota/listing/mitchell-electric-llc,evitp.org,2026-08-31
43.969515,-99.901813,south-dakota,Muska Electric Company,"South Dakota, USA",16516365820,tolson@muskaelectric.com,https://www.muskacompanies.com/,Ted Olson,https://evitp.org/southdakota/listing/muska-electric-company,evitp.org,2026-08-31
43.969515,-99.901813,south-dakota,NEI Electric,"South Dakota, USA",16512873137,vmathson@neielectric.com,http://www.neielectric.com/,Van Mathson,https://evitp.org/southdakota/listing/nei-electric,evitp.org,2026-08-31
43.604681,-96.814655,south-dakota,New River Electrical Corporation,"South Dakota, USA",5405267501,ahartsfield@nrec.ne,https://www.newriverelectrical.com/,Jonathan Aaron Hartsfield,https://evitp.org/southdakota/listing/new-river-electrical-corporation,evitp.org,2026-08-31
43.969515,-99.901813,south-dakota,"Northern Valley Electrical Service, Inc.","South Dakota, USA",12182304335,dhultberg@nvesi.com,https://www.nvesi.com/,Darin Hultberg,https://evitp.org/southdakota/listing/northern-valley-electrical-service-inc,evitp.org,2026-08-31
43.969515,-99.901813,south-dakota,Parsons Electric,"South Dakota, USA",17635287670,brad.bacon@pecsolutions.com,https://www.pecsolutions.com/,Brad Bacon,https://evitp.org/southdakota/listing/parsons-electric,evitp.org,2026-08-31
43.969515,-99.901813,south-dakota,"Sun Electric, inc.","South Dakota, USA",7012819140,twanzek@suninc.us,http://www.sunelectricnd.com/,Tyler Wanzek,https://evitp.org/southdakota/listing/sun-electric-inc,evitp.org,2026-08-31
43.969515,-99.901813,south-dakota,The State Group Industrial (USA) Limited,"South Dakota, USA",5869921572,Michigan.estimating@stategroup.com,https://stategroup.com/,Gino Robinet – Statewide Coordinator,https://evitp.org/southdakota/listing/the-state-group-industrial-usa-limited,evitp.org,2026-08-31
43.969515,-99.901813,south-dakota,Thompson Electric,"South Dakota, USA",7122524221,brian.spader@thompsonknows.com,https://www.thompsonknows.com/,Brian Spader,https://evitp.org/southdakota/listing/thompson-electric,evitp.org,2026-08-31
42.540051,-96.492855,south-dakota,Trinity Electrical Services,"516 South Flynn Street, North Sioux City, SD 57049, USA",7123339134,info@trinityelectric.com,https://www.trinityelectric.com/,Jeff Lamoreux,https://evitp.org/southdakota/listing/trinity-electrical-services,evitp.org,2026-08-31
43.969515,-99.901813,south-dakota,Vinco,"South Dakota, USA",6514403616,dmcclellan@vinco-inc.com,https://www.vinco-inc.com/,Dan McClellan,https://evitp.org/southdakota/listing/vinco,evitp.org,2026-08-31
43.969515,-99.901813,south-dakota,"Warrior Energy, LLC","South Dakota, USA",2182894934,miguel.shockman@warriorenergyllc.com,https://www.warriorenergyllc.com/,"Miguel Shockman              
             
                             
         
     
 
     
     
         
             
                  Redo search when map moved 
             
              
         
     
 
 
 
 
     
         Showing 21 results 
     
  
 
 											 

									 
					 
			 
   
    

	 
		 

			 
	 
		
		 
			 

				
 
			 
			 			  
	   


 
 

 
	   


The Electric Vehicle Infrastructure Training Program (EVITP) provides training and certification for electricians installing electric vehicle supply equipment (EVSE).  
		 		 
			 
					 
			 
			 			  
		 		 
			 
			  Contact Info 			  
	 
		 
			  		 
	 
	  Canada: www.NETCO.org 
 

 
	 
		 
			  		 
	 
	  United States:  EVITP, 811 N. Main Street, Suite 202,                     Royal Oak, MI  48067
 
 

 
	 
		 
			  		 
	 
	   info@evitp.org 
  
		 		 
	 			 
		 
		 
 


 
			 
			 

			
			 

			 
	 
		 Copyright © 2026 EVITP - ALL RIGHTS RESERVED -  TERMS OF USE  	 
	 
			 
 
			 

				 
		 
	 
		 
	 

   
   
 
{""prefetch"":[{""source"":""document"",""where"":{""and"":[{""href_matches"":""/*""},{""not"":{""href_matches"":[""/wp-*.php"",""/wp-admin/*"",""/wp-content/uploads/*"",""/wp-content/*"",""/wp-content/plugins/*"",""/wp-content/themes/siennawp/*"",""/*\\?(.+)""]}},{""not"":{""selector_matches"":""a[rel~=\""nofollow\""]""}},{""not"":{""selector_matches"":"".no-prefetch, .no-prefetch a""}}]},""eagerness"":""conservative""}]}
 
		  
		 
jQuery(document).ready(function($) {
SABAI.init($(""#sabai-content""));
});
   
  
  
  
  
  
  
 
wp.i18n.setLocaleData( { 'text direction\u0004ltr': [ 'ltr' ] } );
//# sourceURL=wp-i18n-js-after
 
  
 
var wpcf7 = {
    ""api"": {
        ""root"": ""https:\/\/evitp.org\/wp-json\/"",
        ""namespace"": ""contact-form-7\/v1""
    }
};
//# sourceURL=contact-form-7-js-before
 
  
 
var cf7appsHoneypotRefill = {""forceRefillOnInit"":""""};
//# sourceURL=cf7apps-honeypot-refill-js-extra
 
  
  
  
 
var mejsL10n = {""language"":""en"",""strings"":{""mejs.download-file"":""Download File"",""mejs.install-flash"":""You are using a browser that does not have Flash player enabled or installed. Please turn on your Flash player plugin or download the latest version from https://get.adobe.com/flashplayer/"",""mejs.fullscreen"":""Fullscreen"",""mejs.play"":""Play"",""mejs.pause"":""Pause"",""mejs.time-slider"":""Time Slider"",""mejs.time-help-text"":""Use Left/Right Arrow keys to advance one second, Up/Down arrows to advance ten seconds."",""mejs.live-broadcast"":""Live Broadcast"",""mejs.volume-help-text"":""Use Up/Down Arrow keys to increase or decrease volume."",""mejs.unmute"":""Unmute"",""mejs.mute"":""Mute"",""mejs.volume-slider"":""Volume Slider"",""mejs.video-player"":""Video Player"",""mejs.audio-player"":""Audio Player"",""mejs.captions-subtitles"":""Captions/Subtitles"",""mejs.captions-chapters"":""Chapters"",""mejs.none"":""None"",""mejs.afrikaans"":""Afrikaans"",""mejs.albanian"":""Albanian"",""mejs.arabic"":""Arabic"",""mejs.belarusian"":""Belarusian"",""mejs.bulgarian"":""Bulgarian"",""mejs.catalan"":""Catalan"",""mejs.chinese"":""Chinese"",""mejs.chinese-simplified"":""Chinese (Simplified)"",""mejs.chinese-traditional"":""Chinese (Traditional)"",""mejs.croatian"":""Croatian"",""mejs.czech"":""Czech"",""mejs.danish"":""Danish"",""mejs.dutch"":""Dutch"",""mejs.english"":""English"",""mejs.estonian"":""Estonian"",""mejs.filipino"":""Filipino"",""mejs.finnish"":""Finnish"",""mejs.french"":""French"",""mejs.galician"":""Galician"",""mejs.german"":""German"",""mejs.greek"":""Greek"",""mejs.haitian-creole"":""Haitian Creole"",""mejs.hebrew"":""Hebrew"",""mejs.hindi"":""Hindi"",""mejs.hungarian"":""Hungarian"",""mejs.icelandic"":""Icelandic"",""mejs.indonesian"":""Indonesian"",""mejs.irish"":""Irish"",""mejs.italian"":""Italian"",""mejs.japanese"":""Japanese"",""mejs.korean"":""Korean"",""mejs.latvian"":""Latvian"",""mejs.lithuanian"":""Lithuanian"",""mejs.macedonian"":""Macedonian"",""mejs.malay"":""Malay"",""mejs.maltese"":""Maltese"",""mejs.norwegian"":""Norwegian"",""mejs.persian"":""Persian"",""mejs.polish"":""Polish"",""mejs.portuguese"":""Portuguese"",""mejs.romanian"":""Romanian"",""mejs.russian"":""Russian"",""mejs.serbian"":""Serbian"",""mejs.slovak"":""Slovak"",""mejs.slovenian"":""Slovenian"",""mejs.spanish"":""Spanish"",""mejs.swahili"":""Swahili"",""mejs.swedish"":""Swedish"",""mejs.tagalog"":""Tagalog"",""mejs.thai"":""Thai"",""mejs.turkish"":""Turkish"",""mejs.ukrainian"":""Ukrainian"",""mejs.vietnamese"":""Vietnamese"",""mejs.welsh"":""Welsh"",""mejs.yiddish"":""Yiddish""}};
//# sourceURL=mediaelement-core-js-before
 
  
  
 
var _wpmejsSettings = {""pluginPath"":""/wp-includes/js/mediaelement/"",""classPrefix"":""mejs-"",""stretching"":""responsive"",""audioShortcodeLibrary"":""mediaelement"",""videoShortcodeLibrary"":""mediaelement""};
//# sourceURL=mediaelement-js-extra
 
  
  
  
  
  
  
  
  
  
  
  
  
  
  
  
  
  
  
  
  
  
  
  
  
  
  
  
  
  
  
  
  
 
var mkdfGlobalVars = {""vars"":{""mkdfAddForAdminBar"":0,""mkdfElementAppearAmount"":-150,""mkdfFinishedMessage"":""No more posts"",""mkdfMessage"":""Loading new posts..."",""mkdfTopBarHeight"":42,""mkdfStickyHeaderHeight"":0,""mkdfStickyHeaderTransparencyHeight"":60,""mkdfLogoAreaHeight"":0,""mkdfMenuAreaHeight"":131,""mkdfMobileHeaderHeight"":100}};
var mkdfPerPageVars = {""vars"":{""mkdfStickyScrollAmount"":450,""mkdfStickyScrollAmountFullScreen"":false,""mkdfHeaderTransparencyHeight"":0}};
//# sourceURL=sienna-mikado-modules-js-extra
 
  
  
  
 
var mkdfLike = {""ajaxurl"":""https://evitp.org/wp-admin/admin-ajax.php""};
//# sourceURL=sienna-mikado-like-js-extra
 
  
 
var GEM = {""thankyou"":""Thank you for signing up!"",""thankyou_suppressed"":""Thank you for signing up! Please check your email to confirm your subscription."",""oops"":""Oops! There was a problem. Please try again."",""email"":""Please enter a valid email address."",""required"":""%s is a required field.""};
//# sourceURL=gem-main-js-extra
 
  
  
  
 
var wpcf7_recaptcha = {
    ""sitekey"": ""6LdAGgcgAAAAALmBeuQZgYH6HTEI3KlPBF86-YxA"",
    ""actions"": {
        ""homepage"": ""homepage"",
        ""contactform"": ""contactform""
    }
};
//# sourceURL=wpcf7-recaptcha-js-before
 
  
 
{""baseUrl"":""https://s.w.org/images/core/emoji/17.0.2/72x72/"",""ext"":"".png"",""svgUrl"":""https://s.w.org/images/core/emoji/17.0.2/svg/"",""svgExt"":"".svg"",""source"":{""concatemoji"":""https://evitp.org/wp-includes/js/wp-emoji-release.min.js?ver=7.0.4""}}
 
 
/*! This file is auto-generated */
var e=""script#wp-emoji-settings"",t=document.querySelector(e);if(!(t instanceof HTMLScriptElement))throw new Error(""Element missing: ""+e);const r=JSON.parse(t.text),s=(window._wpemojiSettings=r,""wpEmojiSettingsSupports""),o=[""flag"",""emoji""];function i(e){try{var t={supportTests:e,timestamp:(new Date).valueOf()};sessionStorage.setItem(s,JSON.stringify(t))}catch(e){}}function c(e,t,n){e.clearRect(0,0,e.canvas.width,e.canvas.height),e.fillText(t,0,0);t=new Uint32Array(e.getImageData(0,0,e.canvas.width,e.canvas.height).data);e.clearRect(0,0,e.canvas.width,e.canvas.height),e.fillText(n,0,0);const r=new Uint32Array(e.getImageData(0,0,e.canvas.width,e.canvas.height).data);return t.every((e,t)=>e===r[t])}function p(e,t){e.clearRect(0,0,e.canvas.width,e.canvas.height),e.fillText(t,0,0);var n=e.getImageData(16,16,1,1);for(let e=0;e {o[e]=t(s,e,n,r)}),o}function a(e){var t=document.createElement(""script"");t.src=e,t.defer=!0,document.head.appendChild(t)}r.supports={everything:!0,everythingExceptFlag:!0},new Promise(t=>{let n=function(){try{var e=JSON.parse(sessionStorage.getItem(s));if(""object""==typeof e&&""number""==typeof e.timestamp&&(new Date).valueOf() {i(n=e.data),a.terminate(),t(n)})}catch(e){}i(n=f(o,u,c,p))}t(n)}).then(e=>{for(const n in e)r.supports[n]=e[n],r.supports.everything=r.supports.everything&&r.supports[n],""flag""!==n&&(r.supports.everythingExceptFlag=r.supports.everythingExceptFlag&&r.supports[n]);var t;r.supports.everythingExceptFlag=r.supports.everythingExceptFlag&&!r.supports.flag,r.supports.everything||((t=r.source||{}).concatemoji?a(t.concatemoji):t.wpemoji&&t.twemoji&&(a(t.twemoji),a(t.wpemoji)))});
//# sourceURL=https://evitp.org/wp-includes/js/wp-emoji-loader.min.js
 
 			  
			 
				/* @v3-js:start */
					let c4wp_onloadCallback = function() {
						for ( var i = 0; i   {
						if ( typeof jQuery !== 'undefined' && jQuery( 'input[id*=""c4wp-wc-checkout""]' ).length ) {
							var element = document.createElement('div');
							var html = '     ';
							element.innerHTML = html;
							jQuery( '[class*=""c4wp-wc-checkout""]' ).append( element );
							jQuery( '[class*=""c4wp-wc-checkout""]' ).find('*').off();
							c4wp_onloadCallback();
						}
					});
				/* @v3-js:end */",https://evitp.org/southdakota/listing/warrior-energy-llc,evitp.org,2026-08-31
35.517491,-86.580447,tennessee,"Aldridge Electric, Inc.","Tennessee, USA",18472761127,ggiovannetti@aldridgegroup.com,https://www.aldridgegroup.com/,Gina Giovannetti,https://evitp.org/tennessee/listing/aldridge-electric-inc,evitp.org,2026-08-31
35.517491,-86.580447,tennessee,Allstate Sales Group,"Tennessee, USA",7323355588,aabadie@asginc.us,https://www.asginc.us/,Anne Abadie,https://evitp.org/tennessee/listing/allstate-sales-group,evitp.org,2026-08-31
35.517491,-86.580447,tennessee,"B Electric, Inc.","Tennessee, USA",2563660369,jbowles@belectric.com,,James Bowles,https://evitp.org/tennessee/listing/b-electric-inc,evitp.org,2026-08-31
36.113302,-84.112382,tennessee,"Beltline Electric Co., Inc.","104c Centre Stage Business Park East, Clinton, TN 37716, USA",8656603498,mholloway@beltlineservices.com,https://beltlineelectric.com/,Mike Holloway,https://evitp.org/tennessee/listing/beltline-electric-co-inc,evitp.org,2026-08-31
35.517491,-86.580447,tennessee,Brytemove Energy,"Tennessee, USA",7142379200,jkrajniak@brytemove.com,https://www.brytemove.com/,David Krajniak,https://evitp.org/tennessee/listing/brytemove-energy,evitp.org,2026-08-31
35.517491,-86.580447,tennessee,"Decker Electric, Inc.","Tennessee, USA",13162658182,bwilson@decker-electric.com,https://www.decker-electric.com/,Ben Wilson,https://evitp.org/tennessee/listing/decker-electric-inc,evitp.org,2026-08-31
36.302339,-86.628064,tennessee,East Nashville Electric,"120 W. Main St. Suite 120 DD, Hendersonville, TN, USA, 37075",6624480229,,https://eastnashvilleelectric.com/,Terrell Alford,https://evitp.org/tennessee/listing/east-nashville-electric,evitp.org,2026-08-31
35.517491,-86.580447,tennessee,"EMS Electric, LLC.","Tennessee, USA",13183760976,josh@emselectric.com,http://emselectric.com/,Josh Palmer,https://evitp.org/tennessee/listing/ems-electric-llc,evitp.org,2026-08-31
35.517491,-86.580447,tennessee,"Garnet Electric Co., Inc.","Tennessee, USA",2563814062,jskipworth@garnetelectric.com,http://garnetelectric.com/,Jarrold Skipworth,https://evitp.org/tennessee/listing/garnet-electric-co-inc,evitp.org,2026-08-31
36.282825,-87.063846,tennessee,"J. Ranck Electric, Inc.","Tennessee, USA",19312074354,swalker@jranck.com,https://www.jranck.com/,Scott Walker,https://evitp.org/tennessee/listing/j-ranck-electric-inc,evitp.org,2026-08-31
35.043146,-89.936375,tennessee,"Mid-South Electric Contractors, Inc.","3869 New Getwell Road, Memphis, TN, 38118, USA",9013651818,brian@mid-southelectric.net,https://mid-southelectric.net/,Brian Smith,https://evitp.org/tennessee/listing/mid-south-electric-contractors-inc,evitp.org,2026-08-31
36.145053,-86.711973,tennessee,Miller Electric Company,"1650 Elm Hill Pike Suite 2, Nashville, TN 37210",9048324423,mhall@mecojax.com,https://www.mecojax.com/,Mike Hall,https://evitp.org/tennessee/listing/miller-electric-company,evitp.org,2026-08-31
35.502457,-86.088358,tennessee,"Miller Electrical Contractors, Inc","122 Paradise Street, Manchester, TN, 37355, USA",13045504218,wmcclure@millerelectrial.net,https://millerelectrical.net/,Will McClure,https://evitp.org/tennessee/listing/miller-electrical-contractors-inc-2,evitp.org,2026-08-31
35.038363,-85.242045,tennessee,"Miller Electrical Contractors, Inc.","613 Shallowford Road, Chattanooga, TN, 37411, USA",3045504218,wmcclure@millerelectrial.net,https://millerelectrical.net/,Will McClure,https://evitp.org/tennessee/listing/miller-electrical-contractors-inc,evitp.org,2026-08-31
35.842358,-84.30337,tennessee,"Miller Electrical Contractors, Inc.","5375 Highway 321, North Lenoir City, TN, 37771, USA",13045504218,wmcclure@millerelectrial.net,https://millerelectrical.net/,Will McClure,https://evitp.org/tennessee/listing/miller-electrical-contractors-inc-1,evitp.org,2026-08-31
36.22967,-86.778201,tennessee,New River Electrical Corporation,"Tennessee, USA      Kingsport, Tennessee, USA",5405267501,ahartsfield@nrec.net,https://www.newriverelectrical.com/,Jonathan Aaron Hartsfield,https://evitp.org/tennessee/listing/new-river-electrical-corporation,evitp.org,2026-08-31
35.517491,-86.580447,tennessee,Parsons Electric,"Tennessee, USA",17635287670,brad.bacon@pecsolutions.com,https://www.pecsolutions.com/+,Brad Bacon,https://evitp.org/tennessee/listing/parsons-electric,evitp.org,2026-08-31
35.517491,-86.580447,tennessee,"Prime Power Solutions, Inc.","Tennessee, USA",7069705548,eshaffer@primeretailservices.com,https://primeretailservices.com/,Robert E. Shaffer,https://evitp.org/tennessee/listing/prime-power-solutions-inc,evitp.org,2026-08-31
35.517491,-86.580447,tennessee,"Shambaugh and Son, L.P.","Tennessee, USA",12604877846,dhearld@shambaugh.com,https://shambaugh.com/,Douglas M. Hearld,https://evitp.org/tennessee/listing/shambaugh-and-son-l-p,evitp.org,2026-08-31
35.124844,-90.058203,tennessee,"Shelby Electric Co., Inc.","96 East E.H.Crump Boulevard, Memphis, TN, 38106, USA",9019477300,cjcox@shelbyelectric.net,https://shelbyelectric.net/,Chris Cox,https://evitp.org/tennessee/listing/shelby-electric-co-inc,evitp.org,2026-08-31
35.973473,-83.892431,tennessee,"Shoffner Kalthoff MES, Inc.","1010 Wilder Place, Knoxville, TN, 37915, USA",8653608716,lcornett@skmes.com,https://skmes.com/,Leon Cornett,https://evitp.org/tennessee/listing/shoffner-kalthoff-mes-inc,evitp.org,2026-08-31
36.176479,-86.734256,tennessee,"Sterling Industrial, LLC.","Tennessee, USA",8124927118,jhayden@sterlingindustrialllc.com,https://www.sterlingindustrialllc.com/,Jeff Hayden,https://evitp.org/tennessee/listing/sterling-industrial-llc,evitp.org,2026-08-31
35.517491,-86.580447,tennessee,The Oscar W. Larson Company,"Tennessee, USA",8103974757,justin.spence@owlservices.com,https://www.larsonco.com/,Justin Spence,https://evitp.org/tennessee/listing/the-oscar-w-larson-company,evitp.org,2026-08-31
35.517491,-86.580447,tennessee,The State Group Industrial (USA) Limited,"Tennessee, USA",5869921572,Michigan.estimating@stategroup.com,https://stategroup.com/,Gino Robinet – Statewide Coordinator,https://evitp.org/tennessee/listing/the-state-group-industrial-usa-limited,evitp.org,2026-08-31
35.517491,-86.580447,tennessee,"Unity Works Solutions, LLC","Tennessee, USA",2057323766,andrew.honeycutt@unityws.com,https://unityworkslighting.com/,,https://evitp.org/tennessee/listing/unity-works-solutions-llc,evitp.org,2026-08-31
35.04563,-85.30968,tennessee,White Electrical Construction Company,"Chattanooga, TN, USA",4233268536,rzink@white-electrical.com,http://www.white-electrical.com/,Rod Zink,https://evitp.org/tennessee/listing/white-electrical-construction-company,evitp.org,2026-08-31
35.517491,-86.580447,tennessee,"Whitehead Electric Co., Inc.","Tennessee, USA",12709522307,robertw@whitehead-electric.com,http://whitehead-electric.com/,"Robert Whitehead              
             
                             
         
     
 
     
     
         
             
                  Redo search when map moved 
             
              
         
     
 
 
 
 
     
         Showing 27 results 
     
  
 
 											 

									 
					 
			 
   
    

	 
		 

			 
	 
		
		 
			 

				
 
			 
			 			  
	   


 
 

 
	   


The Electric Vehicle Infrastructure Training Program (EVITP) provides training and certification for electricians installing electric vehicle supply equipment (EVSE).  
		 		 
			 
					 
			 
			 			  
		 		 
			 
			  Contact Info 			  
	 
		 
			  		 
	 
	  Canada: www.NETCO.org 
 

 
	 
		 
			  		 
	 
	  United States:  EVITP, 811 N. Main Street, Suite 202,                     Royal Oak, MI  48067
 
 

 
	 
		 
			  		 
	 
	   info@evitp.org 
  
		 		 
	 			 
		 
		 
 


 
			 
			 

			
			 

			 
	 
		 Copyright © 2026 EVITP - ALL RIGHTS RESERVED -  TERMS OF USE  	 
	 
			 
 
			 

				 
		 
	 
		 
	 

   
   
 
{""prefetch"":[{""source"":""document"",""where"":{""and"":[{""href_matches"":""/*""},{""not"":{""href_matches"":[""/wp-*.php"",""/wp-admin/*"",""/wp-content/uploads/*"",""/wp-content/*"",""/wp-content/plugins/*"",""/wp-content/themes/siennawp/*"",""/*\\?(.+)""]}},{""not"":{""selector_matches"":""a[rel~=\""nofollow\""]""}},{""not"":{""selector_matches"":"".no-prefetch, .no-prefetch a""}}]},""eagerness"":""conservative""}]}
 
		  
		 
jQuery(document).ready(function($) {
SABAI.init($(""#sabai-content""));
});
   
  
  
  
  
  
  
 
wp.i18n.setLocaleData( { 'text direction\u0004ltr': [ 'ltr' ] } );
//# sourceURL=wp-i18n-js-after
 
  
 
var wpcf7 = {
    ""api"": {
        ""root"": ""https:\/\/evitp.org\/wp-json\/"",
        ""namespace"": ""contact-form-7\/v1""
    }
};
//# sourceURL=contact-form-7-js-before
 
  
 
var cf7appsHoneypotRefill = {""forceRefillOnInit"":""""};
//# sourceURL=cf7apps-honeypot-refill-js-extra
 
  
  
  
 
var mejsL10n = {""language"":""en"",""strings"":{""mejs.download-file"":""Download File"",""mejs.install-flash"":""You are using a browser that does not have Flash player enabled or installed. Please turn on your Flash player plugin or download the latest version from https://get.adobe.com/flashplayer/"",""mejs.fullscreen"":""Fullscreen"",""mejs.play"":""Play"",""mejs.pause"":""Pause"",""mejs.time-slider"":""Time Slider"",""mejs.time-help-text"":""Use Left/Right Arrow keys to advance one second, Up/Down arrows to advance ten seconds."",""mejs.live-broadcast"":""Live Broadcast"",""mejs.volume-help-text"":""Use Up/Down Arrow keys to increase or decrease volume."",""mejs.unmute"":""Unmute"",""mejs.mute"":""Mute"",""mejs.volume-slider"":""Volume Slider"",""mejs.video-player"":""Video Player"",""mejs.audio-player"":""Audio Player"",""mejs.captions-subtitles"":""Captions/Subtitles"",""mejs.captions-chapters"":""Chapters"",""mejs.none"":""None"",""mejs.afrikaans"":""Afrikaans"",""mejs.albanian"":""Albanian"",""mejs.arabic"":""Arabic"",""mejs.belarusian"":""Belarusian"",""mejs.bulgarian"":""Bulgarian"",""mejs.catalan"":""Catalan"",""mejs.chinese"":""Chinese"",""mejs.chinese-simplified"":""Chinese (Simplified)"",""mejs.chinese-traditional"":""Chinese (Traditional)"",""mejs.croatian"":""Croatian"",""mejs.czech"":""Czech"",""mejs.danish"":""Danish"",""mejs.dutch"":""Dutch"",""mejs.english"":""English"",""mejs.estonian"":""Estonian"",""mejs.filipino"":""Filipino"",""mejs.finnish"":""Finnish"",""mejs.french"":""French"",""mejs.galician"":""Galician"",""mejs.german"":""German"",""mejs.greek"":""Greek"",""mejs.haitian-creole"":""Haitian Creole"",""mejs.hebrew"":""Hebrew"",""mejs.hindi"":""Hindi"",""mejs.hungarian"":""Hungarian"",""mejs.icelandic"":""Icelandic"",""mejs.indonesian"":""Indonesian"",""mejs.irish"":""Irish"",""mejs.italian"":""Italian"",""mejs.japanese"":""Japanese"",""mejs.korean"":""Korean"",""mejs.latvian"":""Latvian"",""mejs.lithuanian"":""Lithuanian"",""mejs.macedonian"":""Macedonian"",""mejs.malay"":""Malay"",""mejs.maltese"":""Maltese"",""mejs.norwegian"":""Norwegian"",""mejs.persian"":""Persian"",""mejs.polish"":""Polish"",""mejs.portuguese"":""Portuguese"",""mejs.romanian"":""Romanian"",""mejs.russian"":""Russian"",""mejs.serbian"":""Serbian"",""mejs.slovak"":""Slovak"",""mejs.slovenian"":""Slovenian"",""mejs.spanish"":""Spanish"",""mejs.swahili"":""Swahili"",""mejs.swedish"":""Swedish"",""mejs.tagalog"":""Tagalog"",""mejs.thai"":""Thai"",""mejs.turkish"":""Turkish"",""mejs.ukrainian"":""Ukrainian"",""mejs.vietnamese"":""Vietnamese"",""mejs.welsh"":""Welsh"",""mejs.yiddish"":""Yiddish""}};
//# sourceURL=mediaelement-core-js-before
 
  
  
 
var _wpmejsSettings = {""pluginPath"":""/wp-includes/js/mediaelement/"",""classPrefix"":""mejs-"",""stretching"":""responsive"",""audioShortcodeLibrary"":""mediaelement"",""videoShortcodeLibrary"":""mediaelement""};
//# sourceURL=mediaelement-js-extra
 
  
  
  
  
  
  
  
  
  
  
  
  
  
  
  
  
  
  
  
  
  
  
  
  
  
  
  
  
  
  
  
  
 
var mkdfGlobalVars = {""vars"":{""mkdfAddForAdminBar"":0,""mkdfElementAppearAmount"":-150,""mkdfFinishedMessage"":""No more posts"",""mkdfMessage"":""Loading new posts..."",""mkdfTopBarHeight"":42,""mkdfStickyHeaderHeight"":0,""mkdfStickyHeaderTransparencyHeight"":60,""mkdfLogoAreaHeight"":0,""mkdfMenuAreaHeight"":131,""mkdfMobileHeaderHeight"":100}};
var mkdfPerPageVars = {""vars"":{""mkdfStickyScrollAmount"":450,""mkdfStickyScrollAmountFullScreen"":false,""mkdfHeaderTransparencyHeight"":0}};
//# sourceURL=sienna-mikado-modules-js-extra
 
  
  
  
 
var mkdfLike = {""ajaxurl"":""https://evitp.org/wp-admin/admin-ajax.php""};
//# sourceURL=sienna-mikado-like-js-extra
 
  
 
var GEM = {""thankyou"":""Thank you for signing up!"",""thankyou_suppressed"":""Thank you for signing up! Please check your email to confirm your subscription."",""oops"":""Oops! There was a problem. Please try again."",""email"":""Please enter a valid email address."",""required"":""%s is a required field.""};
//# sourceURL=gem-main-js-extra
 
  
  
  
 
var wpcf7_recaptcha = {
    ""sitekey"": ""6LdAGgcgAAAAALmBeuQZgYH6HTEI3KlPBF86-YxA"",
    ""actions"": {
        ""homepage"": ""homepage"",
        ""contactform"": ""contactform""
    }
};
//# sourceURL=wpcf7-recaptcha-js-before
 
  
 
{""baseUrl"":""https://s.w.org/images/core/emoji/17.0.2/72x72/"",""ext"":"".png"",""svgUrl"":""https://s.w.org/images/core/emoji/17.0.2/svg/"",""svgExt"":"".svg"",""source"":{""concatemoji"":""https://evitp.org/wp-includes/js/wp-emoji-release.min.js?ver=7.0.4""}}
 
 
/*! This file is auto-generated */
var e=""script#wp-emoji-settings"",t=document.querySelector(e);if(!(t instanceof HTMLScriptElement))throw new Error(""Element missing: ""+e);const r=JSON.parse(t.text),s=(window._wpemojiSettings=r,""wpEmojiSettingsSupports""),o=[""flag"",""emoji""];function i(e){try{var t={supportTests:e,timestamp:(new Date).valueOf()};sessionStorage.setItem(s,JSON.stringify(t))}catch(e){}}function c(e,t,n){e.clearRect(0,0,e.canvas.width,e.canvas.height),e.fillText(t,0,0);t=new Uint32Array(e.getImageData(0,0,e.canvas.width,e.canvas.height).data);e.clearRect(0,0,e.canvas.width,e.canvas.height),e.fillText(n,0,0);const r=new Uint32Array(e.getImageData(0,0,e.canvas.width,e.canvas.height).data);return t.every((e,t)=>e===r[t])}function p(e,t){e.clearRect(0,0,e.canvas.width,e.canvas.height),e.fillText(t,0,0);var n=e.getImageData(16,16,1,1);for(let e=0;e {o[e]=t(s,e,n,r)}),o}function a(e){var t=document.createElement(""script"");t.src=e,t.defer=!0,document.head.appendChild(t)}r.supports={everything:!0,everythingExceptFlag:!0},new Promise(t=>{let n=function(){try{var e=JSON.parse(sessionStorage.getItem(s));if(""object""==typeof e&&""number""==typeof e.timestamp&&(new Date).valueOf() {i(n=e.data),a.terminate(),t(n)})}catch(e){}i(n=f(o,u,c,p))}t(n)}).then(e=>{for(const n in e)r.supports[n]=e[n],r.supports.everything=r.supports.everything&&r.supports[n],""flag""!==n&&(r.supports.everythingExceptFlag=r.supports.everythingExceptFlag&&r.supports[n]);var t;r.supports.everythingExceptFlag=r.supports.everythingExceptFlag&&!r.supports.flag,r.supports.everything||((t=r.source||{}).concatemoji?a(t.concatemoji):t.wpemoji&&t.twemoji&&(a(t.twemoji),a(t.wpemoji)))});
//# sourceURL=https://evitp.org/wp-includes/js/wp-emoji-loader.min.js
 
 			  
			 
				/* @v3-js:start */
					let c4wp_onloadCallback = function() {
						for ( var i = 0; i   {
						if ( typeof jQuery !== 'undefined' && jQuery( 'input[id*=""c4wp-wc-checkout""]' ).length ) {
							var element = document.createElement('div');
							var html = '     ';
							element.innerHTML = html;
							jQuery( '[class*=""c4wp-wc-checkout""]' ).append( element );
							jQuery( '[class*=""c4wp-wc-checkout""]' ).find('*').off();
							c4wp_onloadCallback();
						}
					});
				/* @v3-js:end */",https://evitp.org/tennessee/listing/whitehead-electric-co-inc,evitp.org,2026-08-31
31.463772,-100.437038,texas,"A.S.H. Electrical Services, LLC.","P.O. Box 61905, San Angelo, TX, 76906, USA",3257166696,shannon@ashelectricalservices.com,https://ashelectricalservices.com/,Shannon J. Carpenter,https://evitp.org/texas/listing/a-s-h-electrical-services-llc,evitp.org,2026-08-31
31.792789,-106.379407,texas,"AB Powers, LLC","8201 Lockheed Drive suite 131, El Paso, Texas 79925, USA",5055955840,shawn@abpowers.com,https://abpowers.com/,Shawn Cates,https://evitp.org/texas/listing/ab-powers-llc,evitp.org,2026-08-31
31.968599,-99.901813,texas,"Aldridge Electric, Inc.","Texas, USA",18472761127,ggiovannetti@aldridgegroup.com,https://www.aldridgegroup.com/,Gina Giovannetti,https://evitp.org/texas/listing/aldridge-electric-inc,evitp.org,2026-08-31
29.87177,-95.538352,texas,All American Electric LLC,"9230 Keough Road, Houston, TX, 77040, USA",7139993531,larry@all-americanelectric.com,https://all-americanelectric.com/,Larry Garcia Jr.,https://evitp.org/texas/listing/all-american-electric-llc,evitp.org,2026-08-31
31.968599,-99.901813,texas,"All Balanced Electrical, Inc.","Texas, USA",6469383833,allbalancedelectric@gmail.com,https://allbalancedelectrical.com/,Imru Witter,https://evitp.org/texas/listing/all-balanced-electrical-inc,evitp.org,2026-08-31
33.899211,-98.485555,texas,Allegiance Electric & Controls,"104 Galveston St. Wichita Falls, TX, 76301, USA",9405924340,sales@aecllc.com,https://aecllc.com/,Matthew McMahen,https://evitp.org/texas/listing/allegiance-electric-controls,evitp.org,2026-08-31
35.212902,-101.854527,texas,American Electric,"300 South Travis Street, Amarillo, TX, 79106 USA",8063738451,jlloyd@americanelectricamarillo.com,,Jamie Lloyd,https://evitp.org/texas/listing/american-electric,evitp.org,2026-08-31
30.424403,-97.669181,texas,Ampology Electrical Services,"1120 West Howard Lane, Austin, TX, , 78756, USA",5125183791,john@ampologyelectric.com,,John Paone,https://evitp.org/texas/listing/ampology-electrical-services,evitp.org,2026-08-31
32.819027,-96.890772,texas,Angiel Electrical Construction Corp.,"9030 Directors Row, Dallas, TX, 75247, USA",2148246389,ssauceda@angielecc.com,https://angielecc.com/,Santana Sauceda,https://evitp.org/texas/listing/angiel-electrical-construction-corp,evitp.org,2026-08-31
31.968599,-99.901813,texas,"Beltline Electric Co., Inc.","Texas, USA",12709297118,rdaniel@beltlineservices.com,https://beltlineelectric.com/,Roger Daniel,https://evitp.org/texas/listing/beltline-electric-co-inc,evitp.org,2026-08-31
29.882792,-95.537412,texas,"Big State Electric, LTD","Windfern Road, Houston, TX, 77064, USA",2818070400,david.phares@bigstateelectric.com,https://www.bigstateelectric.com/,David Phares,https://evitp.org/texas/listing/big-state-electric-ltd,evitp.org,2026-08-31
29.803805,-95.568538,texas,Britain Electric Company,"1640 Brittmoore Road, Houston, TX, 77043, USA",7133462607,miket@britainelectric.com,http://britainelectric.com/,Michael Teel,https://evitp.org/texas/listing/britain-electric-company,evitp.org,2026-08-31
30.236711,-95.657401,texas,"Bronco Electric, inc.","11910 Omar Drive, Magnolia, TX, 77354, USA",2812519820107,dennis@broncoelectricinc.com,https://www.broncoelectricinc.com/,,https://evitp.org/texas/listing/bronco-electric-inc,evitp.org,2026-08-31
30.263975,-97.744067,texas,Bullet EV Charging Solutions,"111 Congress Ave. ste 500, Austin, TX, , 78701USA",5127314472,jbarraco@bulletev.com,https://www.bulletev.com/,Jack Barraco,https://evitp.org/texas/listing/bullet-ev-charging-solutions,evitp.org,2026-08-31
29.671577,-95.249429,texas,"C. F. McDonald Electric, Inc.","5044 Timber Creek, Houston, TX, 77017, USA",7139211368,harkel@mcdonaldinc.com,https://www.mcdonaldinc.com/,Harry Keller,https://evitp.org/texas/listing/c-f-mcdonald-electric-inc,evitp.org,2026-08-31
27.799423,-97.447897,texas,C.W. Campbell Electric,"802 Cantwell Lane, Corpus Christi, TX, USA",3618870767,randye@cwcampbellelectric.com,http://cwcampbellelectric.com/,,https://evitp.org/texas/listing/c-w-campbell-electric,evitp.org,2026-08-31
30.199867,-96.122516,texas,"Caddo Electrical, LLC","Texas, USA",3187161054,sp@caddoelectrical.com,https://www.caddoelectrical.com/,Shaun Pendleton,https://evitp.org/texas/listing/caddo-electrical-llc,evitp.org,2026-08-31
29.373497,-94.971438,texas,Crescent Electric,"1319 1st Street, La Marque, TX, 77568, USA",4099352416,crescentelectric@comcast.net,,Grady Mack,https://evitp.org/texas/listing/crescent-electric,evitp.org,2026-08-31
29.760427,-95.369803,texas,"CW Henderson Electric, inc.","P.O. Box 91051, Houston, TX. 77291, USA",2814475821,deanh@cwhendersonelectric.com,,Dean Henderson,https://evitp.org/texas/listing/cw-henderson-electric-inc,evitp.org,2026-08-31
30.070451,-94.164274,texas,"D & H Electrical Services, Inc.","635 Langham Road, Beaumont, TX, 77707, USA",4098333040,,http://www.dhelectricaltx.com/,Duwayne Herrmann Jr.,https://evitp.org/texas/listing/d-h-electrical-services-inc,evitp.org,2026-08-31
29.94074,-95.258283,texas,"D & H United Fueling Solutions, Inc.","8559 East North Belt, Humble, TX 77396, USA",8323855621,mmccabe@dh-united.com,https://dh-united.com/,Mike McCabe,https://evitp.org/texas/listing/d-h-united-fueling-solutions-inc,evitp.org,2026-08-31
29.94074,-95.258283,texas,"D&H United Fueling Solutions, Inc.","8559 East North Belt, Humble, TX, 77396 USA",8323855621,mmccabe@dh-united.com,https://dh-united.com/,Mike McCabe,https://evitp.org/texas/listing/dh-united-fueling-solutions-inc,evitp.org,2026-08-31
31.968599,-99.901813,texas,"Decker Electric, Inc.","Texas, USA",13162658182,bwilson@decker-electric.com,https://www.decker-electric.com/,Ben Wilson,https://evitp.org/texas/listing/decker-electric-inc,evitp.org,2026-08-31
29.749195,-95.450508,texas,DM Electrical and Construction LLC,"4545 Post Oak Place Drive, Houston, TX, 77027 USA",3467734920,info@dmelectricalinc.com,https://dmelectricalinc.com/,David hubbard,https://evitp.org/texas/listing/dm-electrical-and-construction-llc,evitp.org,2026-08-31
30.321919,-97.675519,texas,Dosey Pro,"7309 Hartnell Drive, Austin, TX, 78723, USA",5127858656,,,Dosey Mitchell,https://evitp.org/texas/listing/dosey-pro,evitp.org,2026-08-31
30.20956,-97.759475,texas,"Elk Electric, Inc.","4707 Weidemar Lane, Austin, TX, 17987, USA",5124428085,service@elkelectric.com,https://elkelectric.com/,Michael Kanetzky,https://evitp.org/texas/listing/elk-electric-inc,evitp.org,2026-08-31
31.968599,-99.901813,texas,"EMS Electric, LLC.","Texas, USA",13183760976,josh@emselectric.com,http://emselectric.com/,Josh Palmer,https://evitp.org/texas/listing/ems-electric-llc,evitp.org,2026-08-31
29.789731,-95.569056,texas,Fisk Electric Company,"10855 South Westview Circle Drive, Houston, TX 77043, USA",2818085274,trobertson@fiskcorp.com,https://www.fiskcorp.com/,Ted Robertson,https://evitp.org/texas/listing/fisk-electric-company,evitp.org,2026-08-31
30.174638,-94.187351,texas,"Forcier Electrical, LLC","11389 Old Voth Road, Beaumont, TX, 77713, USA",4097810013,forcier-electrical@yahoo.com,,Tom Forcier,https://evitp.org/texas/listing/forcier-electrical-llc,evitp.org,2026-08-31
30.080604,-94.11568,texas,"Gulf Coast Electric Company, Inc.","2005 Pecos Street, Beaumont, TX, 77701, USA",4098332828,spicard@gulfcoastelectric.com,https://gulfcoastelectric.com/,Sidney Picard,https://evitp.org/texas/listing/gulf-coast-electric-company-inc,evitp.org,2026-08-31
33.445141,-94.141864,texas,"H-K Electric, inc","106 Slaton Drive, Nash, TX, 75569, USA",9038312306,josh@hkelectric.org,https://hkelectric.org/,Joshua Huddleston,https://evitp.org/texas/listing/h-k-electric-inc,evitp.org,2026-08-31
29.760427,-95.369803,texas,"Henderson Telecom Services, Inc.","P.O. Box 91088, Houston, TX. 77291, USA",2814475821,deanh@cwhendersonelectric.com,,Jan Henderson,https://evitp.org/texas/listing/henderson-telecom-services-inc,evitp.org,2026-08-31
30.389588,-95.507282,texas,"HMR Electrical Contracting, LLC","Texas, USA",3182264510,wirenut0194@aol.com,,Richard Roberts,https://evitp.org/texas/listing/hmr-electrical-contracting-llc,evitp.org,2026-08-31
31.968599,-99.901813,texas,Income Power,"Texas, USA",8088662118,plloyd@incomepowerllc.com,https://www.incomepowerllc.com/,Patrick Lloyd,https://evitp.org/texas/listing/income-power,evitp.org,2026-08-31
31.968599,-99.901813,texas,"Iteris, Inc.","Texas, USA",6576528288,bakerley@iteris.com,https://www.iteris.com/,Brian Akerley,https://evitp.org/texas/listing/iteris-inc,evitp.org,2026-08-31
30.091935,-97.73749,texas,"J.S. Electric, Inc.","4702 FM1327, Buda, TX 78610, USA",5122432700,jschmidt@jselectric.com,https://www.jselectric.com/,Jamie Schmidt,https://evitp.org/texas/listing/j-s-electric-inc,evitp.org,2026-08-31
30.467906,-97.636566,texas,"James Blend Services, LLC.","17427 Loch Linnhe Loop, Pflugerville, TX 78660, USA",5127695005,james@jamesblendservices.com,http://www.jamesblendservices.com/,James C. Wilson,https://evitp.org/texas/listing/james-blend-services-llc,evitp.org,2026-08-31
30.039396,-94.112123,texas,"Jefferson Electric Co., Inc.","4730 Mercantile Street, Beaumont, TX, 77705, USA",4098429696,je@jefferson-electric.com,https://jefferson-electric.com/,Mark Banks,https://evitp.org/texas/listing/jefferson-electric-co-inc,evitp.org,2026-08-31
40.776635,-74.40133,texas,"JL Floyd Electrical Services, LLC","400 Hobbs Road,  Suite 211, League City, TX. 77573",8329325570,jlfloyd@comcast.net,http://www.jlfloyd.com/,Jeff Floyd,https://evitp.org/texas/listing/jl-floyd-electrical-services-llc-1,evitp.org,2026-08-31
31.968599,-99.901813,texas,"Kaough & Jones Electric Co., Inc.","Texas, USA",3374399950,daniel@kje-inc.com,https://kje-inc.com/,Daniel Jones,https://evitp.org/texas/listing/kaough-jones-electric-co-inc,evitp.org,2026-08-31
32.793626,-97.058799,texas,Kosmos Solar,"1320 Post N Paddock Rd. Ste 500, Grand Prairie, TX 75050, USA",2543190112,kevin.seok@kosmossolar.com,https://www.kosmossolar.com/,Kevin Seok,https://evitp.org/texas/listing/kosmos-solar,evitp.org,2026-08-31
29.874904,-95.400925,texas,"LHS Electrical Solutions, LLC","202 Meadowridge Drive, Houston, TX, 77037, USA",6325718312,jcampos@lhselectricalsolutions.com,https://lhselectricalsolutions.com/,Jose Campos Jr.,https://evitp.org/texas/listing/lhs-electrical-solutions-llc,evitp.org,2026-08-31
33.169363,-96.666688,texas,LumaNation Electric,"3400 Eldorado Pkwy, Suite 3, McKinney, TX, 75070, USA",3038959095,j.kingsolver@lumanationelectric.com,https://lumanationelectric.com/,John Kingsolver,https://evitp.org/texas/listing/lumanation-electric,evitp.org,2026-08-31
31.968599,-99.901813,texas,"Lux Solutions, LLC","Texas, USA",6266645289,gvasques@luxsolutions.com,,,https://evitp.org/texas/listing/lux-solutions-llc,evitp.org,2026-08-31
31.968599,-99.901813,texas,"Lynco Electric Company, Inc.","Texas, USA",5755239006,lyncoelecmark@comcast.net,https://www.lyncoelectric.net/,Mark W. Gill,https://evitp.org/texas/listing/lynco-electric-company-inc,evitp.org,2026-08-31
33.914805,-98.489789,texas,"Marvin Groves Electric Co., inc.","506 7th Street, Wichita Falls, TX 76301, USA",9407672711,m.groves@marvingroveselectric.com,https://marvingroveselectric.com/,Marvin Groves,https://evitp.org/texas/listing/marvin-groves-electric-co-inc,evitp.org,2026-08-31
31.968599,-99.901813,texas,Matrix NAC,"Texas, USA",7323883540,stevenlamastra@matrixservicecompany.com,https://www.matrixnac.com/,Steven LaMastra,https://evitp.org/texas/listing/matrix-nac,evitp.org,2026-08-31
29.808467,-95.462014,texas,Melton Electrical & Structured Cabling,"2309 Karbach Street, Houston, TX, 77092, USA",7136800011,mturner@meltonelectric.com,https://meltonelectric.com/,Mike Turner,https://evitp.org/texas/listing/melton-electrical-structured-cabling,evitp.org,2026-08-31
29.841812,-95.440397,texas,"Mid-West Electric Co., Inc.","3828 Pinemont Drive, Houston, TX, 77018, USA",7136810627,bufords@mwemail.com,https://mid-westelectric.com/,Buford Steward,https://evitp.org/texas/listing/mid-west-electric-co-inc,evitp.org,2026-08-31
32.92895,-96.915798,texas,Miller Electric Company,"13755 Hutton Drive, Suite 100, Dallas, TX. 75234, USA",9048324423,mhall@mecojax.com,https://www.mecojax.com/,Mike Hall,https://evitp.org/texas/listing/miller-electric-company,evitp.org,2026-08-31
32.770167,-96.559483,texas,"Morley-Moss, Inc.","430 South Aston Drive, Sunnyvale, TX, USA",2147386958,tjones@morleymoss.com,https://www.morleymoss.com/,Tony Jones,https://evitp.org/texas/listing/morley-moss-inc,evitp.org,2026-08-31
31.968599,-99.901813,texas,Muska Electric Company,"Texas, USA",16516365820,tolson@muskaelectric.com,https://www.muskacompanies.com/,Ted Olson,https://evitp.org/texas/listing/muska-electric-company,evitp.org,2026-08-31
32.969623,-96.803669,texas,New River Electrical Corporation,"Texas, USA",5405267501,ahartsfield@nrec.ne,https://www.newriverelectrical.com/,Jonathan Aaron Hartsfield,https://evitp.org/texas/listing/new-river-electrical-corporation,evitp.org,2026-08-31
30.000059,-94.026883,texas,"Newtron Beaumont, LLC","1905 Industrial Park Road, Nederland, TX, 77627, USA",4097272469,blaborde@ntned.com,,Brent LaBorde,https://evitp.org/texas/listing/newtron-beaumont-llc,evitp.org,2026-08-31
31.968599,-99.901813,texas,"Noralta Technologies, USA, Inc.","Texas, USA",4053122648,,https://noralta.com/,,https://evitp.org/texas/listing/noralta-technologies-usa-inc,evitp.org,2026-08-31
31.968599,-99.901813,texas,"Northern Valley Electrical Service, Inc.","Texas, USA",12182304335,dhultberg@nvesi.com,https://www.nvesi.com/,Darin Hultberg,https://evitp.org/texas/listing/northern-valley-electrical-service-inc,evitp.org,2026-08-31
31.968599,-99.901813,texas,Parsons Electric,"Texas, USA",17635287670,brad.bacon@pecsolutions.com,https://www.pecsolutions.com/,,https://evitp.org/texas/listing/parsons-electric,evitp.org,2026-08-31
29.803728,-95.526339,texas,"Pieper Houston Electric, L.P.","1708 Oak Tree Drive, Houston, TX, 77080, USA",7139849342,,https://www.pieperhouston.com/,Paul Kurlander,https://evitp.org/texas/listing/pieper-houston-electric-l-p,evitp.org,2026-08-31
29.506897,-94.992427,texas,Power Line Solutions,"P.O. Box 8507, Bacliff, TX. 77518, USA",8327678168,ray@mypowerlinesolutions.com,https://mypowerlinesolutions.com/,Ray Short,https://evitp.org/texas/listing/power-line-solutions,evitp.org,2026-08-31
32.784757,-96.788129,texas,"Qcharge123, LLC","2550 Pacific Ave, Dallas, TX, 75226 USA",3109368105,sergej@qcharge123.com,https://qcharge123.com/,Sergej Marojevic,https://evitp.org/texas/listing/qcharge123-llc,evitp.org,2026-08-31
31.464922,-100.417963,texas,RDZ Smart Homes,"1223 East Harris, San Angelo, Texas, 76903, USA",2105496819,rdzsmarthomesllc@gmail.com,https://rdzsmarthomes.com/,Adrian Rodriguez,https://evitp.org/texas/listing/rdz-smart-homes,evitp.org,2026-08-31
31.968599,-99.901813,texas,Royal Electric Company,"Texas, USA",9166965744,jeffc@royalelect.com,https://www.royalelect.com/,Jeff Cavanagh,https://evitp.org/texas/listing/royal-electric-company,evitp.org,2026-08-31
30.123964,-97.711758,texas,"Schmidt Electric, Co.","9701 FM1625, Austin, TX, USA",5127482403,mhood@schmidt-electric.com,https://www.schmidt-electric.com/,Marshall Hood,https://evitp.org/texas/listing/schmidt-electric-co,evitp.org,2026-08-31
29.760427,-95.369803,texas,SG Energy Solutions,"Houston, TX, USA",3134028816,dsiders@sgenergysolutions.com,https://www.sg-solutionsgroup.com/,Desmen Siders,https://evitp.org/texas/listing/sg-energy-solutions,evitp.org,2026-08-31
33.014132,-96.772112,texas,"SK Signet America, Inc.","4101 West Plano Parkway, Plano, TX, 75073 USA",5715847025,jin.hahn@sk.com,,,https://evitp.org/texas/listing/sk-signet-america-inc,evitp.org,2026-08-31
30.381708,-97.713291,texas,Smart Charge America,"2016 Centimeter Cir, Austin, TX 78758, USA      Dallas, TX      Houston, TX      San Antonio, TX",8059444972,hbermudez@smartchargeamerica.com,https://smartchargeamerica.com/,Henry Bermudez,https://evitp.org/texas/listing/smart-charge-american,evitp.org,2026-08-31
30.58835,-97.296839,texas,"Texas Champion Electric, LLC.","202 East Sheldon Avenue, Thrall, TX, 78578, USA",5124220235,rfrase.tce@gmail.com,,Ronald Frase,https://evitp.org/texas/listing/texas-champion-electric-llc,evitp.org,2026-08-31
31.968599,-99.901813,texas,The Oscar W. Larson Company,"TX, USA",8103974757,justin.spence@owlservices.com,https://www.larsonco.com/,Justin Spence,https://evitp.org/texas/listing/the-oscar-w-larson-company,evitp.org,2026-08-31
31.968599,-99.901813,texas,The State Group Industrial (USA) Limited,"Texas, USA",5869921572,Michigan.estimating@stategroup.com,https://stategroup.com/,Gino Robinet – Statewide Coordinator,https://evitp.org/texas/listing/the-state-group-industrial-usa-limited,evitp.org,2026-08-31
30.442432,-97.761768,texas,"Thermo Electric, LLC.","7604 Dallas Drive, Austin, TX, 78729, USA",5129234355,thermoconstruction@gmail.com,https://thermoconstruction.com/,Tyler Grass,https://evitp.org/texas/listing/thermo-electric-llc,evitp.org,2026-08-31
29.492461,-98.702238,texas,Third Coast Electric LLC,"10650 Culebra Rd St#104-190, San Antonio, TX 78251 USA",2105014322,jason@thirdcoastelectricllc.com,https://thirdcoastelectricllc.com/,Jason Hill,https://evitp.org/texas/listing/third-coast-electric-llc,evitp.org,2026-08-31
29.871223,-97.963533,texas,Tink Electric,"1712 Hofheinz St, San Marcos, TX 78666, USA",7372915555,tinkelectrictx@gmail.com,https://www.tinkelectric.com/,Phillip Tink,https://evitp.org/texas/listing/tink-electric,evitp.org,2026-08-31
31.968599,-99.901813,texas,Treehouse,"Texas, USA",3235776795,hello@treehouse.pro,https://treehouse.pro/,Cullen Peters,https://evitp.org/texas/listing/treehouse,evitp.org,2026-08-31
35.221997,-101.831297,texas,Vyking Electric,"P.O. Box 33405, Amarillo, TX. 33789, USA",8066543079,vykingelectric@gmail.com,,Stephen Rodriguez,https://evitp.org/texas/listing/vyking-electric,evitp.org,2026-08-31
31.968599,-99.901813,texas,Walter J. Barnes Electric.com,"Texas, USA",5048351756,info@wjbe.com,http://wjbe.com/,Nck Gagliano,https://evitp.org/texas/listing/walter-j-barnes-electric-com,evitp.org,2026-08-31
29.958141,-95.444654,texas,"Wayne Electric, Inc.","11910 Trickey Road, Houston, TX, 77067, USA",8328510979,victor@wayneonline.com,http://wayneonline.com/,Victor Ortiz,https://evitp.org/texas/listing/wayne-electric-inc,evitp.org,2026-08-31
30.343781,-97.735602,texas,"Westco Electrical Services, LLC","2107 Muroc Street, Austin, TX, 78757, USA",5129491073,chas@westcoelectricllc.com,,Chas West,https://evitp.org/texas/listing/westco-electrical-services-llc,evitp.org,2026-08-31
31.968599,-99.901813,texas,White Electrical Construction Company,"Texas, USA",19126637148,sgraham@white-electrical.com,http://www.white-electrical.com/,Scott Graham,https://evitp.org/texas/listing/white-electrical-construction-company,evitp.org,2026-08-31
30.660114,-97.616145,texas,Wilco Electric LLC,"1201 County Road 103, Georgetown, TX 78626, USA",5127899172,alan@wilcoelectrictexas.com,https://www.wilcoelectrictexas.com/,Alan Wilson,https://evitp.org/texas/listing/wilco-electric-llc,evitp.org,2026-08-31
33.020783,-96.54915,texas,"Wyerd Electric, LLC","607 Oxford Drive, Wylie, TX, 75098, USA",9454266424,contact@wyerdelectric.com,https://wyerdelectric.com/,"Frederick Garbutt              
             
                             
         
     
 
     
     
         
             
                  Redo search when map moved 
             
              
         
     
 
 
 
 
     
         Showing 80 results 
     
  
 
 											 

									 
					 
			 
   
    

	 
		 

			 
	 
		
		 
			 

				
 
			 
			 			  
	   


 
 

 
	   


The Electric Vehicle Infrastructure Training Program (EVITP) provides training and certification for electricians installing electric vehicle supply equipment (EVSE).  
		 		 
			 
					 
			 
			 			  
		 		 
			 
			  Contact Info 			  
	 
		 
			  		 
	 
	  Canada: www.NETCO.org 
 

 
	 
		 
			  		 
	 
	  United States:  EVITP, 811 N. Main Street, Suite 202,                     Royal Oak, MI  48067
 
 

 
	 
		 
			  		 
	 
	   info@evitp.org 
  
		 		 
	 			 
		 
		 
 


 
			 
			 

			
			 

			 
	 
		 Copyright © 2026 EVITP - ALL RIGHTS RESERVED -  TERMS OF USE  	 
	 
			 
 
			 

				 
		 
	 
		 
	 

   
   
 
{""prefetch"":[{""source"":""document"",""where"":{""and"":[{""href_matches"":""/*""},{""not"":{""href_matches"":[""/wp-*.php"",""/wp-admin/*"",""/wp-content/uploads/*"",""/wp-content/*"",""/wp-content/plugins/*"",""/wp-content/themes/siennawp/*"",""/*\\?(.+)""]}},{""not"":{""selector_matches"":""a[rel~=\""nofollow\""]""}},{""not"":{""selector_matches"":"".no-prefetch, .no-prefetch a""}}]},""eagerness"":""conservative""}]}
 
		  
		 
jQuery(document).ready(function($) {
SABAI.init($(""#sabai-content""));
});
   
  
  
  
  
  
  
 
wp.i18n.setLocaleData( { 'text direction\u0004ltr': [ 'ltr' ] } );
//# sourceURL=wp-i18n-js-after
 
  
 
var wpcf7 = {
    ""api"": {
        ""root"": ""https:\/\/evitp.org\/wp-json\/"",
        ""namespace"": ""contact-form-7\/v1""
    }
};
//# sourceURL=contact-form-7-js-before
 
  
 
var cf7appsHoneypotRefill = {""forceRefillOnInit"":""""};
//# sourceURL=cf7apps-honeypot-refill-js-extra
 
  
  
  
 
var mejsL10n = {""language"":""en"",""strings"":{""mejs.download-file"":""Download File"",""mejs.install-flash"":""You are using a browser that does not have Flash player enabled or installed. Please turn on your Flash player plugin or download the latest version from https://get.adobe.com/flashplayer/"",""mejs.fullscreen"":""Fullscreen"",""mejs.play"":""Play"",""mejs.pause"":""Pause"",""mejs.time-slider"":""Time Slider"",""mejs.time-help-text"":""Use Left/Right Arrow keys to advance one second, Up/Down arrows to advance ten seconds."",""mejs.live-broadcast"":""Live Broadcast"",""mejs.volume-help-text"":""Use Up/Down Arrow keys to increase or decrease volume."",""mejs.unmute"":""Unmute"",""mejs.mute"":""Mute"",""mejs.volume-slider"":""Volume Slider"",""mejs.video-player"":""Video Player"",""mejs.audio-player"":""Audio Player"",""mejs.captions-subtitles"":""Captions/Subtitles"",""mejs.captions-chapters"":""Chapters"",""mejs.none"":""None"",""mejs.afrikaans"":""Afrikaans"",""mejs.albanian"":""Albanian"",""mejs.arabic"":""Arabic"",""mejs.belarusian"":""Belarusian"",""mejs.bulgarian"":""Bulgarian"",""mejs.catalan"":""Catalan"",""mejs.chinese"":""Chinese"",""mejs.chinese-simplified"":""Chinese (Simplified)"",""mejs.chinese-traditional"":""Chinese (Traditional)"",""mejs.croatian"":""Croatian"",""mejs.czech"":""Czech"",""mejs.danish"":""Danish"",""mejs.dutch"":""Dutch"",""mejs.english"":""English"",""mejs.estonian"":""Estonian"",""mejs.filipino"":""Filipino"",""mejs.finnish"":""Finnish"",""mejs.french"":""French"",""mejs.galician"":""Galician"",""mejs.german"":""German"",""mejs.greek"":""Greek"",""mejs.haitian-creole"":""Haitian Creole"",""mejs.hebrew"":""Hebrew"",""mejs.hindi"":""Hindi"",""mejs.hungarian"":""Hungarian"",""mejs.icelandic"":""Icelandic"",""mejs.indonesian"":""Indonesian"",""mejs.irish"":""Irish"",""mejs.italian"":""Italian"",""mejs.japanese"":""Japanese"",""mejs.korean"":""Korean"",""mejs.latvian"":""Latvian"",""mejs.lithuanian"":""Lithuanian"",""mejs.macedonian"":""Macedonian"",""mejs.malay"":""Malay"",""mejs.maltese"":""Maltese"",""mejs.norwegian"":""Norwegian"",""mejs.persian"":""Persian"",""mejs.polish"":""Polish"",""mejs.portuguese"":""Portuguese"",""mejs.romanian"":""Romanian"",""mejs.russian"":""Russian"",""mejs.serbian"":""Serbian"",""mejs.slovak"":""Slovak"",""mejs.slovenian"":""Slovenian"",""mejs.spanish"":""Spanish"",""mejs.swahili"":""Swahili"",""mejs.swedish"":""Swedish"",""mejs.tagalog"":""Tagalog"",""mejs.thai"":""Thai"",""mejs.turkish"":""Turkish"",""mejs.ukrainian"":""Ukrainian"",""mejs.vietnamese"":""Vietnamese"",""mejs.welsh"":""Welsh"",""mejs.yiddish"":""Yiddish""}};
//# sourceURL=mediaelement-core-js-before
 
  
  
 
var _wpmejsSettings = {""pluginPath"":""/wp-includes/js/mediaelement/"",""classPrefix"":""mejs-"",""stretching"":""responsive"",""audioShortcodeLibrary"":""mediaelement"",""videoShortcodeLibrary"":""mediaelement""};
//# sourceURL=mediaelement-js-extra
 
  
  
  
  
  
  
  
  
  
  
  
  
  
  
  
  
  
  
  
  
  
  
  
  
  
  
  
  
  
  
  
  
 
var mkdfGlobalVars = {""vars"":{""mkdfAddForAdminBar"":0,""mkdfElementAppearAmount"":-150,""mkdfFinishedMessage"":""No more posts"",""mkdfMessage"":""Loading new posts..."",""mkdfTopBarHeight"":42,""mkdfStickyHeaderHeight"":0,""mkdfStickyHeaderTransparencyHeight"":60,""mkdfLogoAreaHeight"":0,""mkdfMenuAreaHeight"":131,""mkdfMobileHeaderHeight"":100}};
var mkdfPerPageVars = {""vars"":{""mkdfStickyScrollAmount"":450,""mkdfStickyScrollAmountFullScreen"":false,""mkdfHeaderTransparencyHeight"":0}};
//# sourceURL=sienna-mikado-modules-js-extra
 
  
  
  
 
var mkdfLike = {""ajaxurl"":""https://evitp.org/wp-admin/admin-ajax.php""};
//# sourceURL=sienna-mikado-like-js-extra
 
  
 
var GEM = {""thankyou"":""Thank you for signing up!"",""thankyou_suppressed"":""Thank you for signing up! Please check your email to confirm your subscription."",""oops"":""Oops! There was a problem. Please try again."",""email"":""Please enter a valid email address."",""required"":""%s is a required field.""};
//# sourceURL=gem-main-js-extra
 
  
  
  
 
var wpcf7_recaptcha = {
    ""sitekey"": ""6LdAGgcgAAAAALmBeuQZgYH6HTEI3KlPBF86-YxA"",
    ""actions"": {
        ""homepage"": ""homepage"",
        ""contactform"": ""contactform""
    }
};
//# sourceURL=wpcf7-recaptcha-js-before
 
  
 
{""baseUrl"":""https://s.w.org/images/core/emoji/17.0.2/72x72/"",""ext"":"".png"",""svgUrl"":""https://s.w.org/images/core/emoji/17.0.2/svg/"",""svgExt"":"".svg"",""source"":{""concatemoji"":""https://evitp.org/wp-includes/js/wp-emoji-release.min.js?ver=7.0.4""}}
 
 
/*! This file is auto-generated */
var e=""script#wp-emoji-settings"",t=document.querySelector(e);if(!(t instanceof HTMLScriptElement))throw new Error(""Element missing: ""+e);const r=JSON.parse(t.text),s=(window._wpemojiSettings=r,""wpEmojiSettingsSupports""),o=[""flag"",""emoji""];function i(e){try{var t={supportTests:e,timestamp:(new Date).valueOf()};sessionStorage.setItem(s,JSON.stringify(t))}catch(e){}}function c(e,t,n){e.clearRect(0,0,e.canvas.width,e.canvas.height),e.fillText(t,0,0);t=new Uint32Array(e.getImageData(0,0,e.canvas.width,e.canvas.height).data);e.clearRect(0,0,e.canvas.width,e.canvas.height),e.fillText(n,0,0);const r=new Uint32Array(e.getImageData(0,0,e.canvas.width,e.canvas.height).data);return t.every((e,t)=>e===r[t])}function p(e,t){e.clearRect(0,0,e.canvas.width,e.canvas.height),e.fillText(t,0,0);var n=e.getImageData(16,16,1,1);for(let e=0;e {o[e]=t(s,e,n,r)}),o}function a(e){var t=document.createElement(""script"");t.src=e,t.defer=!0,document.head.appendChild(t)}r.supports={everything:!0,everythingExceptFlag:!0},new Promise(t=>{let n=function(){try{var e=JSON.parse(sessionStorage.getItem(s));if(""object""==typeof e&&""number""==typeof e.timestamp&&(new Date).valueOf() {i(n=e.data),a.terminate(),t(n)})}catch(e){}i(n=f(o,u,c,p))}t(n)}).then(e=>{for(const n in e)r.supports[n]=e[n],r.supports.everything=r.supports.everything&&r.supports[n],""flag""!==n&&(r.supports.everythingExceptFlag=r.supports.everythingExceptFlag&&r.supports[n]);var t;r.supports.everythingExceptFlag=r.supports.everythingExceptFlag&&!r.supports.flag,r.supports.everything||((t=r.source||{}).concatemoji?a(t.concatemoji):t.wpemoji&&t.twemoji&&(a(t.twemoji),a(t.wpemoji)))});
//# sourceURL=https://evitp.org/wp-includes/js/wp-emoji-loader.min.js
 
 			  
			 
				/* @v3-js:start */
					let c4wp_onloadCallback = function() {
						for ( var i = 0; i   {
						if ( typeof jQuery !== 'undefined' && jQuery( 'input[id*=""c4wp-wc-checkout""]' ).length ) {
							var element = document.createElement('div');
							var html = '     ';
							element.innerHTML = html;
							jQuery( '[class*=""c4wp-wc-checkout""]' ).append( element );
							jQuery( '[class*=""c4wp-wc-checkout""]' ).find('*').off();
							c4wp_onloadCallback();
						}
					});
				/* @v3-js:end */",https://evitp.org/texas/listing/wyerd-electric-llc,evitp.org,2026-08-31
40.511553,-111.900414,utah,"A-C Electric, Inc.","729 South 330 West, Salt Lake City, UT. 84101, USA",8013641747,service@a-celectricinc.com,http://a-celectricinc.com/,Justin May,https://evitp.org/utah/listing/a-c-electric-inc,evitp.org,2026-08-31
39.32098,-111.093731,utah,"Ace Electrical Contractors, Inc.","Utah, USA",17636948800,palml@aceelectrical.net,http://aceelectrical.net/,Larry Palm,https://evitp.org/utah/listing/ace-electrical-contractors-inc,evitp.org,2026-08-31
39.32098,-111.093731,utah,"Aldridge Electric, Inc.","Utah, USA",18472761127,ggiovannetti@aldridgegroup.com,https://www.aldridgegroup.com/up.com/,Gina Giovannetti,https://evitp.org/utah/listing/aldridge-electric-inc,evitp.org,2026-08-31
40.467131,-111.939627,utah,Apex Electrical,"15634 Thunder Gulch Dr, Bluffdale, UT 84065, USA",8016732884,chris.nash@apexelectricco.com,https://apexelectricco.com/,Chris Nash,https://evitp.org/utah/listing/apex-electrical,evitp.org,2026-08-31
40.404924,-111.869986,utah,Bar H Bar Electric,"1262 West 1400 North, Lehi, Utah, 84043, USA",4806862115,trye@barhbarelectric.com,https://barhbarelectric.com/,Tyre Hatch,https://evitp.org/utah/listing/bar-h-bar-electric,evitp.org,2026-08-31
39.32098,-111.093731,utah,"Barin Group, LLC.","Utah, USA",5037201239,pmiller@barincg.com,https://www.barincg.com/,Paul Miller,https://evitp.org/utah/listing/barin-group-llc,evitp.org,2026-08-31
40.740018,-111.984201,utah,Cache Valley Electric,"1338 S, Gustin Rd W, Salt Lake City, UT, 84104, USA",8019086666,mike.neilson@cve.com,https://www.cve.com/,Mike Neilson,https://evitp.org/utah/listing/cache-valley-electric,evitp.org,2026-08-31
40.760661,-111.893949,utah,Capstone Solutions,"Utah, USA",5037072656,cblack@capstoneemail.com,https://www.capstone-sol.com/,Chris Black,https://evitp.org/utah/listing/capstone-solutions,evitp.org,2026-08-31
40.620815,-111.888623,utah,Concorde Electric,"75 East Fort Union Boulevard, Midvale, UT, 84047, USA",8018191399,mikej@concorde-electric.com,https://www.concorde-electric.com/,Mike Jones,https://evitp.org/utah/listing/concorde-electric,evitp.org,2026-08-31
41.251487,-112.02244,utah,"Denali Energy, LLC.","1763 West 700 South, Ogden, UT, 84404, USA",3853943750,jason@denalinrg.com,https://www.denalinrg.com/,Jason Nancino,https://evitp.org/utah/listing/denali-energy-llc,evitp.org,2026-08-31
39.32098,-111.093731,utah,"Envirospark Energy Solutions, Inc.","Utah, USA",4047369173,info@envirosparkenergy.com,https://envirosparkenergy.com/,Brad Ewing,https://evitp.org/utah/listing/envirospark-energy-solutions-inc,evitp.org,2026-08-31
40.420892,-111.881606,utah,Halo Hybrid Solutions,"2701 North Thanksgiving Way suite 100, Lehi, UT, 84043, USA",8014201023,bseager@halohybrid.com,,Benjamin Seager,https://evitp.org/utah/listing/halo-hybrid-solutions,evitp.org,2026-08-31
39.32098,-111.093731,utah,Intermountain Electric Inc.,"Utah, USA",3034348353,tsutton@imelect.com,https://imelect.com/,Tom Sutton,https://evitp.org/utah/listing/intermountain-electric-inc,evitp.org,2026-08-31
41.296041,-112.013552,utah,Master Electrical Service,"2147 Rulon White Blvd suite 206, Ogden, UT, , 84404USA",8015770212,trevor@masterelectrical.com,https://masterelectrical.com/,Trevor Bischoff,https://evitp.org/utah/listing/master-electrical-service,evitp.org,2026-08-31
40.817409,-111.862774,utah,Miller Electric Company,"Utah, USA",9048324423,mhall@mecojax.com,https://www.mecojax.com/,Mike Hall,https://evitp.org/utah/listing/miller-electric-company,evitp.org,2026-08-31
40.850658,-111.884747,utah,New River Electrical Corporation,"Utah, USA",5405267501,ahartsfield@nrec.ne,https://www.newriverelectrical.com/,Jonathan Aaron Hartsfield,https://evitp.org/utah/listing/new-river-electrical-corporation,evitp.org,2026-08-31
39.32098,-111.093731,utah,Parsons Electric,"Utah, USA",17635287670,brad.bacon@pecsolutions.com,https://www.pecsolutions.com/,Brad Bacon,https://evitp.org/utah/listing/parsons-electric,evitp.org,2026-08-31
40.623938,-112.034916,utah,Pess Electric,"10683 South Oquirrh Ridge Road, South Jordan, UT, 84009, USA",8014624512,zkrsic@pesselectric.com,https://www.pesselectric.com/,Zeljko Krsic,https://evitp.org/utah/listing/pess-electric,evitp.org,2026-08-31
40.760661,-111.893949,utah,Royal Electric Company,"Utah, USA",9166965744,jeffc@royalelect.com,https://www.royalelect.com/,Jeff Cavanagh,https://evitp.org/utah/listing/royal-electric-company,evitp.org,2026-08-31
39.716656,-111.81948,utah,Salt Creek Power,"563 North 900 East, Nephi, UT, 84648, USA",4356600263,brandon.anderson@saltcreekpower.com,https://saltcreekpower.com/,Brandon L. Anderson,https://evitp.org/utah/listing/salt-creek-power,evitp.org,2026-08-31
39.32098,-111.093731,utah,The Oscar W. Larson Company,"Utah, USA",8103974757,justin.spence@owlservices.com,https://www.larsonco.com/,,https://evitp.org/utah/listing/the-oscar-w-larson-company,evitp.org,2026-08-31
39.32098,-111.093731,utah,The State Group Industrial (USA) Limited,"Utah, USA",5869921572,Michigan.estimating@stategroup.com,https://stategroup.com/,Gino Robinet – Statewide Coordinator,https://evitp.org/utah/listing/the-state-group-industrial-usa-limited,evitp.org,2026-08-31
39.32098,-111.093731,utah,Treehouse,"Utah, USA",3235776795,hello@treehouse.pro,https://treehouse.pro/,Cullen Peters,https://evitp.org/utah/listing/treehouse,evitp.org,2026-08-31
40.760661,-111.893949,utah,"Unity Works Solutions, LLC","Utah, USA",2057323766,andrew.honeycutt@unityws.com,https://unityworkslighting.com/,"Andrew Honeycutt              
             
                             
         
     
 
     
     
         
             
                  Redo search when map moved 
             
              
         
     
 
 
 
 
     
         Showing 24 results 
     
  
 
 											 

									 
					 
			 
   
    

	 
		 

			 
	 
		
		 
			 

				
 
			 
			 			  
	   


 
 

 
	   


The Electric Vehicle Infrastructure Training Program (EVITP) provides training and certification for electricians installing electric vehicle supply equipment (EVSE).  
		 		 
			 
					 
			 
			 			  
		 		 
			 
			  Contact Info 			  
	 
		 
			  		 
	 
	  Canada: www.NETCO.org 
 

 
	 
		 
			  		 
	 
	  United States:  EVITP, 811 N. Main Street, Suite 202,                     Royal Oak, MI  48067
 
 

 
	 
		 
			  		 
	 
	   info@evitp.org 
  
		 		 
	 			 
		 
		 
 


 
			 
			 

			
			 

			 
	 
		 Copyright © 2026 EVITP - ALL RIGHTS RESERVED -  TERMS OF USE  	 
	 
			 
 
			 

				 
		 
	 
		 
	 

   
   
 
{""prefetch"":[{""source"":""document"",""where"":{""and"":[{""href_matches"":""/*""},{""not"":{""href_matches"":[""/wp-*.php"",""/wp-admin/*"",""/wp-content/uploads/*"",""/wp-content/*"",""/wp-content/plugins/*"",""/wp-content/themes/siennawp/*"",""/*\\?(.+)""]}},{""not"":{""selector_matches"":""a[rel~=\""nofollow\""]""}},{""not"":{""selector_matches"":"".no-prefetch, .no-prefetch a""}}]},""eagerness"":""conservative""}]}
 
		  
		 
jQuery(document).ready(function($) {
SABAI.init($(""#sabai-content""));
});
   
  
  
  
  
  
  
 
wp.i18n.setLocaleData( { 'text direction\u0004ltr': [ 'ltr' ] } );
//# sourceURL=wp-i18n-js-after
 
  
 
var wpcf7 = {
    ""api"": {
        ""root"": ""https:\/\/evitp.org\/wp-json\/"",
        ""namespace"": ""contact-form-7\/v1""
    }
};
//# sourceURL=contact-form-7-js-before
 
  
 
var cf7appsHoneypotRefill = {""forceRefillOnInit"":""""};
//# sourceURL=cf7apps-honeypot-refill-js-extra
 
  
  
  
 
var mejsL10n = {""language"":""en"",""strings"":{""mejs.download-file"":""Download File"",""mejs.install-flash"":""You are using a browser that does not have Flash player enabled or installed. Please turn on your Flash player plugin or download the latest version from https://get.adobe.com/flashplayer/"",""mejs.fullscreen"":""Fullscreen"",""mejs.play"":""Play"",""mejs.pause"":""Pause"",""mejs.time-slider"":""Time Slider"",""mejs.time-help-text"":""Use Left/Right Arrow keys to advance one second, Up/Down arrows to advance ten seconds."",""mejs.live-broadcast"":""Live Broadcast"",""mejs.volume-help-text"":""Use Up/Down Arrow keys to increase or decrease volume."",""mejs.unmute"":""Unmute"",""mejs.mute"":""Mute"",""mejs.volume-slider"":""Volume Slider"",""mejs.video-player"":""Video Player"",""mejs.audio-player"":""Audio Player"",""mejs.captions-subtitles"":""Captions/Subtitles"",""mejs.captions-chapters"":""Chapters"",""mejs.none"":""None"",""mejs.afrikaans"":""Afrikaans"",""mejs.albanian"":""Albanian"",""mejs.arabic"":""Arabic"",""mejs.belarusian"":""Belarusian"",""mejs.bulgarian"":""Bulgarian"",""mejs.catalan"":""Catalan"",""mejs.chinese"":""Chinese"",""mejs.chinese-simplified"":""Chinese (Simplified)"",""mejs.chinese-traditional"":""Chinese (Traditional)"",""mejs.croatian"":""Croatian"",""mejs.czech"":""Czech"",""mejs.danish"":""Danish"",""mejs.dutch"":""Dutch"",""mejs.english"":""English"",""mejs.estonian"":""Estonian"",""mejs.filipino"":""Filipino"",""mejs.finnish"":""Finnish"",""mejs.french"":""French"",""mejs.galician"":""Galician"",""mejs.german"":""German"",""mejs.greek"":""Greek"",""mejs.haitian-creole"":""Haitian Creole"",""mejs.hebrew"":""Hebrew"",""mejs.hindi"":""Hindi"",""mejs.hungarian"":""Hungarian"",""mejs.icelandic"":""Icelandic"",""mejs.indonesian"":""Indonesian"",""mejs.irish"":""Irish"",""mejs.italian"":""Italian"",""mejs.japanese"":""Japanese"",""mejs.korean"":""Korean"",""mejs.latvian"":""Latvian"",""mejs.lithuanian"":""Lithuanian"",""mejs.macedonian"":""Macedonian"",""mejs.malay"":""Malay"",""mejs.maltese"":""Maltese"",""mejs.norwegian"":""Norwegian"",""mejs.persian"":""Persian"",""mejs.polish"":""Polish"",""mejs.portuguese"":""Portuguese"",""mejs.romanian"":""Romanian"",""mejs.russian"":""Russian"",""mejs.serbian"":""Serbian"",""mejs.slovak"":""Slovak"",""mejs.slovenian"":""Slovenian"",""mejs.spanish"":""Spanish"",""mejs.swahili"":""Swahili"",""mejs.swedish"":""Swedish"",""mejs.tagalog"":""Tagalog"",""mejs.thai"":""Thai"",""mejs.turkish"":""Turkish"",""mejs.ukrainian"":""Ukrainian"",""mejs.vietnamese"":""Vietnamese"",""mejs.welsh"":""Welsh"",""mejs.yiddish"":""Yiddish""}};
//# sourceURL=mediaelement-core-js-before
 
  
  
 
var _wpmejsSettings = {""pluginPath"":""/wp-includes/js/mediaelement/"",""classPrefix"":""mejs-"",""stretching"":""responsive"",""audioShortcodeLibrary"":""mediaelement"",""videoShortcodeLibrary"":""mediaelement""};
//# sourceURL=mediaelement-js-extra
 
  
  
  
  
  
  
  
  
  
  
  
  
  
  
  
  
  
  
  
  
  
  
  
  
  
  
  
  
  
  
  
  
 
var mkdfGlobalVars = {""vars"":{""mkdfAddForAdminBar"":0,""mkdfElementAppearAmount"":-150,""mkdfFinishedMessage"":""No more posts"",""mkdfMessage"":""Loading new posts..."",""mkdfTopBarHeight"":42,""mkdfStickyHeaderHeight"":0,""mkdfStickyHeaderTransparencyHeight"":60,""mkdfLogoAreaHeight"":0,""mkdfMenuAreaHeight"":131,""mkdfMobileHeaderHeight"":100}};
var mkdfPerPageVars = {""vars"":{""mkdfStickyScrollAmount"":450,""mkdfStickyScrollAmountFullScreen"":false,""mkdfHeaderTransparencyHeight"":0}};
//# sourceURL=sienna-mikado-modules-js-extra
 
  
  
  
 
var mkdfLike = {""ajaxurl"":""https://evitp.org/wp-admin/admin-ajax.php""};
//# sourceURL=sienna-mikado-like-js-extra
 
  
 
var GEM = {""thankyou"":""Thank you for signing up!"",""thankyou_suppressed"":""Thank you for signing up! Please check your email to confirm your subscription."",""oops"":""Oops! There was a problem. Please try again."",""email"":""Please enter a valid email address."",""required"":""%s is a required field.""};
//# sourceURL=gem-main-js-extra
 
  
  
  
 
var wpcf7_recaptcha = {
    ""sitekey"": ""6LdAGgcgAAAAALmBeuQZgYH6HTEI3KlPBF86-YxA"",
    ""actions"": {
        ""homepage"": ""homepage"",
        ""contactform"": ""contactform""
    }
};
//# sourceURL=wpcf7-recaptcha-js-before
 
  
 
{""baseUrl"":""https://s.w.org/images/core/emoji/17.0.2/72x72/"",""ext"":"".png"",""svgUrl"":""https://s.w.org/images/core/emoji/17.0.2/svg/"",""svgExt"":"".svg"",""source"":{""concatemoji"":""https://evitp.org/wp-includes/js/wp-emoji-release.min.js?ver=7.0.4""}}
 
 
/*! This file is auto-generated */
var e=""script#wp-emoji-settings"",t=document.querySelector(e);if(!(t instanceof HTMLScriptElement))throw new Error(""Element missing: ""+e);const r=JSON.parse(t.text),s=(window._wpemojiSettings=r,""wpEmojiSettingsSupports""),o=[""flag"",""emoji""];function i(e){try{var t={supportTests:e,timestamp:(new Date).valueOf()};sessionStorage.setItem(s,JSON.stringify(t))}catch(e){}}function c(e,t,n){e.clearRect(0,0,e.canvas.width,e.canvas.height),e.fillText(t,0,0);t=new Uint32Array(e.getImageData(0,0,e.canvas.width,e.canvas.height).data);e.clearRect(0,0,e.canvas.width,e.canvas.height),e.fillText(n,0,0);const r=new Uint32Array(e.getImageData(0,0,e.canvas.width,e.canvas.height).data);return t.every((e,t)=>e===r[t])}function p(e,t){e.clearRect(0,0,e.canvas.width,e.canvas.height),e.fillText(t,0,0);var n=e.getImageData(16,16,1,1);for(let e=0;e {o[e]=t(s,e,n,r)}),o}function a(e){var t=document.createElement(""script"");t.src=e,t.defer=!0,document.head.appendChild(t)}r.supports={everything:!0,everythingExceptFlag:!0},new Promise(t=>{let n=function(){try{var e=JSON.parse(sessionStorage.getItem(s));if(""object""==typeof e&&""number""==typeof e.timestamp&&(new Date).valueOf() {i(n=e.data),a.terminate(),t(n)})}catch(e){}i(n=f(o,u,c,p))}t(n)}).then(e=>{for(const n in e)r.supports[n]=e[n],r.supports.everything=r.supports.everything&&r.supports[n],""flag""!==n&&(r.supports.everythingExceptFlag=r.supports.everythingExceptFlag&&r.supports[n]);var t;r.supports.everythingExceptFlag=r.supports.everythingExceptFlag&&!r.supports.flag,r.supports.everything||((t=r.source||{}).concatemoji?a(t.concatemoji):t.wpemoji&&t.twemoji&&(a(t.twemoji),a(t.wpemoji)))});
//# sourceURL=https://evitp.org/wp-includes/js/wp-emoji-loader.min.js
 
 			  
			 
				/* @v3-js:start */
					let c4wp_onloadCallback = function() {
						for ( var i = 0; i   {
						if ( typeof jQuery !== 'undefined' && jQuery( 'input[id*=""c4wp-wc-checkout""]' ).length ) {
							var element = document.createElement('div');
							var html = '     ';
							element.innerHTML = html;
							jQuery( '[class*=""c4wp-wc-checkout""]' ).append( element );
							jQuery( '[class*=""c4wp-wc-checkout""]' ).find('*').off();
							c4wp_onloadCallback();
						}
					});
				/* @v3-js:end */",https://evitp.org/utah/listing/unity-works-solutions-llc,evitp.org,2026-08-31
44.558803,-72.577842,vermont,ACSES,"Vermont, USA",6035088567,bash_acses@comcast.net,https://www.lightlinklook.com/,Bryan D Ash,https://evitp.org/vermont/listing/acses,evitp.org,2026-08-31
44.558803,-72.577842,vermont,"Aldridge Electric, Inc.","Vermont, USA",18472761127,ggiovannetti@aldridgegroup.com,https://www.aldridgegroup.com/,Gina Giovannetti,https://evitp.org/vermont/listing/aldridge-electric-llc,evitp.org,2026-08-31
44.558803,-72.577842,vermont,"American Electrical Systems, Inc.","Vermont, USA",9788966324,,https://american-elec.com/,John Gill,https://evitp.org/vermont/listing/american-electrical-systems-inc,evitp.org,2026-08-31
44.452221,-73.133242,vermont,Brown Electric,"440 Shunpike Road, Williston, VT, 05495 USA",8028632060,mike@brownelectricvt.com,https://www.brownelectricvt.com/,Scott Millette,https://evitp.org/vermont/listing/brown-electric,evitp.org,2026-08-31
44.558803,-72.577842,vermont,Defiance Electric,"Vermont, USA",6036324982,travis@defianceelectric.com,https://www.defianceelectric.com/,Travis Boucher,https://evitp.org/vermont/listing/defiance-electric,evitp.org,2026-08-31
44.558803,-72.577842,vermont,"Elm Electrical, Inc.","Vermont, USA",4134273924,jhenderson@elmelec.com,https://www.elmelec.com/,John Henderson,https://evitp.org/vermont/listing/elm-electrical-inc,evitp.org,2026-08-31
44.501962,-73.247925,vermont,Kiehl Electric,"209 Lakewood Parkway, Burlington, VT 05408, USA",8023639294,kiehljohn2@gmail.com,,John Kiehl,https://evitp.org/vermont/listing/kiehl-electric,evitp.org,2026-08-31
44.558803,-72.577842,vermont,M. L. Schmitt,"Vermont, USA",4137337868,marcp@mlschmittelectric.com,https://www.mlschmittelectric.com/,Marc Parent,https://evitp.org/vermont/listing/m-l-schmitt,evitp.org,2026-08-31
44.527482,-73.193076,vermont,Miller Electric Company,"Vermont, USA",9048324423,mhall@mecojax.com,https://www.mecojax.com/,Mike Hall,https://evitp.org/vermont/listing/miller-electric-company,evitp.org,2026-08-31
44.558803,-72.577842,vermont,"NEC Group, LLC","Vermont, USA",6035028183,kbarnard@necgroup.com,https://www.necgroup.com/,Keith Barnard,https://evitp.org/vermont/listing/nec-group-llc,evitp.org,2026-08-31
44.510836,-73.198569,vermont,New River Electrical Corporation,"Vermont, USA",5405267501,ahartsfield@nrec.net,https://www.newriverelectrical.com/,Jonathan Aaron Hartsfield,https://evitp.org/vermont/listing/new-river-electrical-corporation,evitp.org,2026-08-31
44.574457,-73.204062,vermont,Sargent Electric Company,"Burlington, Vermont, USA",4123947600,info@sargentelectric.com,https://www.sargentelectric.com/,,https://evitp.org/vermont/listing/sargent-electric-company,evitp.org,2026-08-31
44.558803,-72.577842,vermont,"Shambaugh and Son, L.P.","Vermont, USA",12604877846,dhearld@shambaugh.com,https://shambaugh.com/,Douglas M. Hearld,https://evitp.org/vermont/listing/shambaugh-and-son-l-p,evitp.org,2026-08-31
44.508972,-73.136306,vermont,Sherwin Electric,"7 Morse Drive, Essex Junction, VT, 05452USA",8028784041,kend3@sherwin-electric.com,https://sherwin-electric.com/,Kenneth I Douglas III,https://evitp.org/vermont/listing/sherwin-electric,evitp.org,2026-08-31
44.558803,-72.577842,vermont,Smart Green Solar,"Vermont, USA",4015372294,info@smartgreen.solar,https://smartgreensolar.com/,Joseph Bednarik,https://evitp.org/vermont/listing/smart-green-solar,evitp.org,2026-08-31
44.558803,-72.577842,vermont,"Springfield Electrical Co., Inc.","Vermont, USA",14137471600,tomc@springfieldelectirc.org,http://springfieldelectric.org/,Tom Collins,https://evitp.org/vermont/listing/springfield-electrical-co-inc,evitp.org,2026-08-31
44.558803,-72.577842,vermont,"Stewart Electrical Contracting, Inc.","Vermont, USA",18008979423,support@stewartelectricalcontracting.com,https://www.stewartelectricalcontracting.com/,Colby Bruce,https://evitp.org/vermont/listing/stewart-electrical-contracting-inc,evitp.org,2026-08-31
44.738571,-73.467735,vermont,The State Group,"Vermont, USA",5869921572,michigan.estimating@stategroup.com,https://stategroup.com/,,https://evitp.org/vermont/listing/the-state-group,evitp.org,2026-08-31
44.558803,-72.577842,vermont,"Universal Electric Co., Inc.","Vermont, USA",4137889473101,mquinn@uecma.com,http://www.uecma.com/,"Michael Quinn              
             
                             
         
     
 
     
     
         
             
                  Redo search when map moved 
             
              
         
     
 
 
 
 
     
         Showing 19 results 
     
  
 
 											 

									 
					 
			 
   
    

	 
		 

			 
	 
		
		 
			 

				
 
			 
			 			  
	   


 
 

 
	   


The Electric Vehicle Infrastructure Training Program (EVITP) provides training and certification for electricians installing electric vehicle supply equipment (EVSE).  
		 		 
			 
					 
			 
			 			  
		 		 
			 
			  Contact Info 			  
	 
		 
			  		 
	 
	  Canada: www.NETCO.org 
 

 
	 
		 
			  		 
	 
	  United States:  EVITP, 811 N. Main Street, Suite 202,                     Royal Oak, MI  48067
 
 

 
	 
		 
			  		 
	 
	   info@evitp.org 
  
		 		 
	 			 
		 
		 
 


 
			 
			 

			
			 

			 
	 
		 Copyright © 2026 EVITP - ALL RIGHTS RESERVED -  TERMS OF USE  	 
	 
			 
 
			 

				 
		 
	 
		 
	 

   
   
 
{""prefetch"":[{""source"":""document"",""where"":{""and"":[{""href_matches"":""/*""},{""not"":{""href_matches"":[""/wp-*.php"",""/wp-admin/*"",""/wp-content/uploads/*"",""/wp-content/*"",""/wp-content/plugins/*"",""/wp-content/themes/siennawp/*"",""/*\\?(.+)""]}},{""not"":{""selector_matches"":""a[rel~=\""nofollow\""]""}},{""not"":{""selector_matches"":"".no-prefetch, .no-prefetch a""}}]},""eagerness"":""conservative""}]}
 
		  
		 
jQuery(document).ready(function($) {
SABAI.init($(""#sabai-content""));
});
   
  
  
  
  
  
  
 
wp.i18n.setLocaleData( { 'text direction\u0004ltr': [ 'ltr' ] } );
//# sourceURL=wp-i18n-js-after
 
  
 
var wpcf7 = {
    ""api"": {
        ""root"": ""https:\/\/evitp.org\/wp-json\/"",
        ""namespace"": ""contact-form-7\/v1""
    }
};
//# sourceURL=contact-form-7-js-before
 
  
 
var cf7appsHoneypotRefill = {""forceRefillOnInit"":""""};
//# sourceURL=cf7apps-honeypot-refill-js-extra
 
  
  
  
 
var mejsL10n = {""language"":""en"",""strings"":{""mejs.download-file"":""Download File"",""mejs.install-flash"":""You are using a browser that does not have Flash player enabled or installed. Please turn on your Flash player plugin or download the latest version from https://get.adobe.com/flashplayer/"",""mejs.fullscreen"":""Fullscreen"",""mejs.play"":""Play"",""mejs.pause"":""Pause"",""mejs.time-slider"":""Time Slider"",""mejs.time-help-text"":""Use Left/Right Arrow keys to advance one second, Up/Down arrows to advance ten seconds."",""mejs.live-broadcast"":""Live Broadcast"",""mejs.volume-help-text"":""Use Up/Down Arrow keys to increase or decrease volume."",""mejs.unmute"":""Unmute"",""mejs.mute"":""Mute"",""mejs.volume-slider"":""Volume Slider"",""mejs.video-player"":""Video Player"",""mejs.audio-player"":""Audio Player"",""mejs.captions-subtitles"":""Captions/Subtitles"",""mejs.captions-chapters"":""Chapters"",""mejs.none"":""None"",""mejs.afrikaans"":""Afrikaans"",""mejs.albanian"":""Albanian"",""mejs.arabic"":""Arabic"",""mejs.belarusian"":""Belarusian"",""mejs.bulgarian"":""Bulgarian"",""mejs.catalan"":""Catalan"",""mejs.chinese"":""Chinese"",""mejs.chinese-simplified"":""Chinese (Simplified)"",""mejs.chinese-traditional"":""Chinese (Traditional)"",""mejs.croatian"":""Croatian"",""mejs.czech"":""Czech"",""mejs.danish"":""Danish"",""mejs.dutch"":""Dutch"",""mejs.english"":""English"",""mejs.estonian"":""Estonian"",""mejs.filipino"":""Filipino"",""mejs.finnish"":""Finnish"",""mejs.french"":""French"",""mejs.galician"":""Galician"",""mejs.german"":""German"",""mejs.greek"":""Greek"",""mejs.haitian-creole"":""Haitian Creole"",""mejs.hebrew"":""Hebrew"",""mejs.hindi"":""Hindi"",""mejs.hungarian"":""Hungarian"",""mejs.icelandic"":""Icelandic"",""mejs.indonesian"":""Indonesian"",""mejs.irish"":""Irish"",""mejs.italian"":""Italian"",""mejs.japanese"":""Japanese"",""mejs.korean"":""Korean"",""mejs.latvian"":""Latvian"",""mejs.lithuanian"":""Lithuanian"",""mejs.macedonian"":""Macedonian"",""mejs.malay"":""Malay"",""mejs.maltese"":""Maltese"",""mejs.norwegian"":""Norwegian"",""mejs.persian"":""Persian"",""mejs.polish"":""Polish"",""mejs.portuguese"":""Portuguese"",""mejs.romanian"":""Romanian"",""mejs.russian"":""Russian"",""mejs.serbian"":""Serbian"",""mejs.slovak"":""Slovak"",""mejs.slovenian"":""Slovenian"",""mejs.spanish"":""Spanish"",""mejs.swahili"":""Swahili"",""mejs.swedish"":""Swedish"",""mejs.tagalog"":""Tagalog"",""mejs.thai"":""Thai"",""mejs.turkish"":""Turkish"",""mejs.ukrainian"":""Ukrainian"",""mejs.vietnamese"":""Vietnamese"",""mejs.welsh"":""Welsh"",""mejs.yiddish"":""Yiddish""}};
//# sourceURL=mediaelement-core-js-before
 
  
  
 
var _wpmejsSettings = {""pluginPath"":""/wp-includes/js/mediaelement/"",""classPrefix"":""mejs-"",""stretching"":""responsive"",""audioShortcodeLibrary"":""mediaelement"",""videoShortcodeLibrary"":""mediaelement""};
//# sourceURL=mediaelement-js-extra
 
  
  
  
  
  
  
  
  
  
  
  
  
  
  
  
  
  
  
  
  
  
  
  
  
  
  
  
  
  
  
  
  
 
var mkdfGlobalVars = {""vars"":{""mkdfAddForAdminBar"":0,""mkdfElementAppearAmount"":-150,""mkdfFinishedMessage"":""No more posts"",""mkdfMessage"":""Loading new posts..."",""mkdfTopBarHeight"":42,""mkdfStickyHeaderHeight"":0,""mkdfStickyHeaderTransparencyHeight"":60,""mkdfLogoAreaHeight"":0,""mkdfMenuAreaHeight"":131,""mkdfMobileHeaderHeight"":100}};
var mkdfPerPageVars = {""vars"":{""mkdfStickyScrollAmount"":450,""mkdfStickyScrollAmountFullScreen"":false,""mkdfHeaderTransparencyHeight"":0}};
//# sourceURL=sienna-mikado-modules-js-extra
 
  
  
  
 
var mkdfLike = {""ajaxurl"":""https://evitp.org/wp-admin/admin-ajax.php""};
//# sourceURL=sienna-mikado-like-js-extra
 
  
 
var GEM = {""thankyou"":""Thank you for signing up!"",""thankyou_suppressed"":""Thank you for signing up! Please check your email to confirm your subscription."",""oops"":""Oops! There was a problem. Please try again."",""email"":""Please enter a valid email address."",""required"":""%s is a required field.""};
//# sourceURL=gem-main-js-extra
 
  
  
  
 
var wpcf7_recaptcha = {
    ""sitekey"": ""6LdAGgcgAAAAALmBeuQZgYH6HTEI3KlPBF86-YxA"",
    ""actions"": {
        ""homepage"": ""homepage"",
        ""contactform"": ""contactform""
    }
};
//# sourceURL=wpcf7-recaptcha-js-before
 
  
 
{""baseUrl"":""https://s.w.org/images/core/emoji/17.0.2/72x72/"",""ext"":"".png"",""svgUrl"":""https://s.w.org/images/core/emoji/17.0.2/svg/"",""svgExt"":"".svg"",""source"":{""concatemoji"":""https://evitp.org/wp-includes/js/wp-emoji-release.min.js?ver=7.0.4""}}
 
 
/*! This file is auto-generated */
var e=""script#wp-emoji-settings"",t=document.querySelector(e);if(!(t instanceof HTMLScriptElement))throw new Error(""Element missing: ""+e);const r=JSON.parse(t.text),s=(window._wpemojiSettings=r,""wpEmojiSettingsSupports""),o=[""flag"",""emoji""];function i(e){try{var t={supportTests:e,timestamp:(new Date).valueOf()};sessionStorage.setItem(s,JSON.stringify(t))}catch(e){}}function c(e,t,n){e.clearRect(0,0,e.canvas.width,e.canvas.height),e.fillText(t,0,0);t=new Uint32Array(e.getImageData(0,0,e.canvas.width,e.canvas.height).data);e.clearRect(0,0,e.canvas.width,e.canvas.height),e.fillText(n,0,0);const r=new Uint32Array(e.getImageData(0,0,e.canvas.width,e.canvas.height).data);return t.every((e,t)=>e===r[t])}function p(e,t){e.clearRect(0,0,e.canvas.width,e.canvas.height),e.fillText(t,0,0);var n=e.getImageData(16,16,1,1);for(let e=0;e {o[e]=t(s,e,n,r)}),o}function a(e){var t=document.createElement(""script"");t.src=e,t.defer=!0,document.head.appendChild(t)}r.supports={everything:!0,everythingExceptFlag:!0},new Promise(t=>{let n=function(){try{var e=JSON.parse(sessionStorage.getItem(s));if(""object""==typeof e&&""number""==typeof e.timestamp&&(new Date).valueOf() {i(n=e.data),a.terminate(),t(n)})}catch(e){}i(n=f(o,u,c,p))}t(n)}).then(e=>{for(const n in e)r.supports[n]=e[n],r.supports.everything=r.supports.everything&&r.supports[n],""flag""!==n&&(r.supports.everythingExceptFlag=r.supports.everythingExceptFlag&&r.supports[n]);var t;r.supports.everythingExceptFlag=r.supports.everythingExceptFlag&&!r.supports.flag,r.supports.everything||((t=r.source||{}).concatemoji?a(t.concatemoji):t.wpemoji&&t.twemoji&&(a(t.twemoji),a(t.wpemoji)))});
//# sourceURL=https://evitp.org/wp-includes/js/wp-emoji-loader.min.js
 
 			  
			 
				/* @v3-js:start */
					let c4wp_onloadCallback = function() {
						for ( var i = 0; i   {
						if ( typeof jQuery !== 'undefined' && jQuery( 'input[id*=""c4wp-wc-checkout""]' ).length ) {
							var element = document.createElement('div');
							var html = '     ';
							element.innerHTML = html;
							jQuery( '[class*=""c4wp-wc-checkout""]' ).append( element );
							jQuery( '[class*=""c4wp-wc-checkout""]' ).find('*').off();
							c4wp_onloadCallback();
						}
					});
				/* @v3-js:end */",https://evitp.org/vermont/listing/universal-electric-co-inc,evitp.org,2026-08-31
37.565585,-78.656894,virginia,"Aldridge Electric, Inc.","Virginia, USA",18472761127,ggiovannetti@aldridgegroup.com,https://www.aldridgegroup.com/,Gina Giovannetti,https://evitp.org/virginia/listing/aldridge-electric-inc,evitp.org,2026-08-31
37.309337,-78.654148,virginia,Besco Electrical Corporation,"Virginia, USA",17048924200,d.caylor@bescoelectrical.com,https://bescoelectrical.com/,Dan Caylor,https://evitp.org/virginia/listing/besco-electrical-corporation,evitp.org,2026-08-31
37.566673,-78.783237,virginia,"Carr and Duff, Inc.","Virginia, USA",12153282490,sduff@carduff.com,https://carrduff.com/,,https://evitp.org/virginia/listing/carr-and-duff-inc,evitp.org,2026-08-31
37.571028,-78.552524,virginia,"Cellectric Electric, LLC.","Virginia, USA",3153743017,,http://cellectric.net/,Stephen A. Palladino,https://evitp.org/virginia/listing/cellectric-electric-llc,evitp.org,2026-08-31
37.561134,-77.407631,virginia,"Chewning & Wilmer, Inc.","2508 Mechanicsville Turnpike, Richmond, VA, , 23223USA",8044674694,chris.harris@cw1924.com,,Chris Harris,https://evitp.org/virginia/listing/chewning-wilmer-inc,evitp.org,2026-08-31
37.465371,-78.570377,virginia,"Decker Electric, Inc.","Virginia, USA",13162658182,bwilson@decker-electric.com,https://www.decker-electric.com/,Ben Wilson,https://evitp.org/virginia/listing/decker-electric-inc,evitp.org,2026-08-31
37.431573,-78.656894,virginia,Edwin L. Heim Company,"Virginia, USA",7172338711,rberkheimer@elheim.com,https://www.edwinlheim.com/,Rick Berkheimer,https://evitp.org/virginia/listing/edwin-l-heim-company,evitp.org,2026-08-31
37.60585,-77.569248,virginia,"Envirospark Energy Solutions, Inc.","Virginia, USA",4047369173,info@envirosparkenergy.com,https://envirosparkenergy.com/,Brad Ewing,https://evitp.org/virginia/listing/envirospark-energy-solutions-inc,evitp.org,2026-08-31
37.675447,-77.613193,virginia,"EV Charging Installers of Aerica, LLC","Virginia, USA",9738971697,chris.lehr@evcharginginstallers.com,https://www.evcharginginstallers.com/,Chris Lehr,https://evitp.org/virginia/listing/ev-charging-installers-of-aerica-llc,evitp.org,2026-08-31
37.617709,-77.885429,virginia,EV1 LLC,"3535 Aston Trail, Powhatan, VA, 23139 USA",2524250778,evone.electrical@gmail.com,,Jeffrey Raper,https://evitp.org/virginia/listing/ev1-llc,evitp.org,2026-08-31
37.620608,-77.538019,virginia,Global Electrical Solutions Inc.,"1406 Hungary Road, Henrico, VA, 23228, USA",8044756751,mosbymarc@gmail.com,https://www.gesincva.com/,Marc Mosby,https://evitp.org/virginia/listing/global-electrical-solutions-inc,evitp.org,2026-08-31
39.056868,-77.463901,virginia,"Hanley Energy Electrical, LLC.","44427 Atwater Drive, Ashburn, VA, 20147, USA",4102710126,joe.gough@heellc.com,http://heellc.com/,Joseph Gough,https://evitp.org/virginia/listing/hanley-energy-electrical-llc,evitp.org,2026-08-31
37.699448,-77.439415,virginia,"Hazelwood Electrical & General Services, LLC","10998 Richardson Road Ste. A.  Ashland, VA 23005, USA",8044966699,tammy@hazelwoodelectrical.com,http://www.hazelwoodelectrical.com/,Tammy Hazelwood,https://evitp.org/virginia/listing/hazelwood-electrical-general-services-llc,evitp.org,2026-08-31
37.431573,-78.656894,virginia,"I.B, Abel, Inc.","Virginia, USA",17178942988,wboyer@ib-abel.com,https://www.ib-abel.com/,Waylon Boyer,https://evitp.org/virginia/listing/i-b-abel-inc,evitp.org,2026-08-31
37.431573,-78.656894,virginia,"Iteris, Inc.","Virginia, USA",6576528288,bakerley@iteris.com,https://www.iteris.com/,Brian Akerley,https://evitp.org/virginia/listing/iteris-inc,evitp.org,2026-08-31
36.950217,-76.42667,virginia,"J. Ranck Electric, Inc.","Virginia, USA",19312074354,swalker@jranck.com,https://www.jranck.com/,Scott Walker,https://evitp.org/virginia/listing/j-ranck-electric-inc,evitp.org,2026-08-31
37.431573,-78.656894,virginia,Lightserve Corp,"Virginia, USA",2057323766,andrew.honeycutt@light-serve.com,https://www.light-serve.com/,Andrew Honeycutt,https://evitp.org/virginia/listing/lightserve-corp,evitp.org,2026-08-31
38.674579,-77.316964,virginia,"Little's Quality Contracting, LLC","3506 Beaver Ford Road, Woodbridge, VA, 22192, USA",7033988496,david@lqcontracting.com,https://lqcontracting.com/,David Little,https://evitp.org/virginia/listing/littles-quality-contracting-llc,evitp.org,2026-08-31
37.431573,-78.656894,virginia,"Lux Solutions, LLC","Virginia, USA",6266645289,gvasques@luxsolutions.com,,Gerardo Vasquez,https://evitp.org/virginia/listing/lux-solutions-llc,evitp.org,2026-08-31
37.431573,-78.656894,virginia,Matrix,"Virginia, USA",7323883540,stevenlamastra@matrixservicecompany.com,https://www.matrixnac.com/,Steven Lamastra,https://evitp.org/virginia/listing/matrix,evitp.org,2026-08-31
37.785383,-79.988963,virginia,Miller Electric Company,"701 South Highland Avenue, Covington, VA. 24426, USA      53700 S Laburnum Avenue, Richmond, VA., 23231, USA",9048324423,mhall@mecojax.com,https://www.mecojax.com/,Mike Hall,https://evitp.org/virginia/listing/miller-electric-company,evitp.org,2026-08-31
37.431573,-78.656894,virginia,Muska Electric Company,"Virginia, USA",16516365820,tolson@muskaelectric.com,https://www.muskacompanies.com/,Ted Olson,https://evitp.org/virginia/listing/muska-electric-company,evitp.org,2026-08-31
37.280396,-79.961555,virginia,New River Electrical Corporation,"P.O. Box 70, Cloverdale, VA 24077, USA",5405267501,ahartsfield@nrec.net,https://www.newriverelectrical.com/,Jonathan Aaron Hartsfield,https://evitp.org/virginia/listing/new-river-electrical-corporation,evitp.org,2026-08-31
37.45556,-78.720065,virginia,Parsons Electric,"Virginia, USA",17635287670,brad.bacon@pecsolutions.com,https://www.pecsolutions.com/,Brad Bacon,https://evitp.org/virginia/listing/parsons-electric,evitp.org,2026-08-31
37.431573,-78.656894,virginia,Precise Building Services,"Virginia, USA",2028272214,service@precisebuildingservices.com,https://precisebuildingservices.com/,Ariel Aklilu,https://evitp.org/virginia/listing/precise-building-services,evitp.org,2026-08-31
37.270955,-79.97568,virginia,Richardson-Wayland Electrical Company,"2002 Russell Avenue Southwest, Roanoke, VA, 24015, USA",5044393565,adarensbourg@rwec.com,https://rwec.com/,Anthony D’Arensbourg,https://evitp.org/virginia/listing/richardson-wayland-electrical-company,evitp.org,2026-08-31
38.470958,-77.423064,virginia,"Salone Solutions, LLC","3 Craftsman Ct, Stafford, VA, 22554, USA",5406992731,info@salonesolutions.com,,Leslie Salone,https://evitp.org/virginia/listing/salone-solutions-llc,evitp.org,2026-08-31
37.431573,-78.656894,virginia,SG Energy Solutions,"Virginia, USA",3134028816,dsiders@sgenergysolutions.com,https://www.sg-solutionsgroup.com/,Desmen Siders,https://evitp.org/virginia/listing/sg-energy-solutions,evitp.org,2026-08-31
37.551487,-77.523105,virginia,Snyder Electric Company,"Richmond, Virginia, USA",4123947600,info@sargentelectric.com,https://www.sargentelectric.com/,,https://evitp.org/virginia/listing/snyder-electric-company,evitp.org,2026-08-31
37.675447,-77.459384,virginia,"Sterling Industrial, LLC.","Virginia, USA",8124927118,jhayden@sterlingindustrialllc.com,https://www.sterlingindustrialllc.com/,Jeff Hayden,https://evitp.org/virginia/listing/sterling-industrial-llc,evitp.org,2026-08-31
37.467551,-78.603336,virginia,The State Group Industrial (USA) Limited,"Virginia, USA",5869921572,Michigan.estimating@stategroup.com,https://stategroup.com/,Gino Robinet – Statewide Coordinator,https://evitp.org/virginia/listing/the-state-group-industrial-usa-limited,evitp.org,2026-08-31
37.431573,-78.656894,virginia,"Total Power & Electrical Solutions, inc.","Virginia, USA",6094966517,krodgers@totalpower-inc.com,https://totalpower-inc.com/,Keith Rodgers,https://evitp.org/virginia/listing/total-power-electrical-solutions-inc,evitp.org,2026-08-31
37.431573,-78.656894,virginia,Treehouse,"Virginia, USA",3235776795,hello@treehouse.pro,https://treehouse.pro/,Cullen Peters,https://evitp.org/virginia/listing/treehouse,evitp.org,2026-08-31
37.431573,-78.656894,virginia,Unity Works Solutions,"Virginia, USA",2057323766,andrew.honeycutt@unityws.com,https://unityworkslighting.com/,Andrew Honeycutt,https://evitp.org/virginia/listing/unity-works-solutions,evitp.org,2026-08-31
37.431573,-78.656894,virginia,White Electrical Construction Company,"Virginia, USA",19126637148,sgraham@white-electrical.com,http://www.white-electrical.com/,,https://evitp.org/virginia/listing/white-electrical-construction-company,evitp.org,2026-08-31
45.63,-122.52,washington,"Accurate Electric Unlimited, Inc.","P.O. Box 871866, Vancouver, WA, 98687, USA",3605673330,service@aeuinc.com,https://accurateelectricunlimited.com/,Jason Dixon,https://evitp.org/washington/listing/accurate-electric-unlimited-inc,evitp.org,2026-08-31
47.751074,-120.740139,washington,"Ace Electrical Contractors, Inc.","Washington, USA",17636948800,palml@aceelectrical.net,http://aceelectrical.net/,Larry Palm,https://evitp.org/washington/listing/ace-electrical-contractors-inc,evitp.org,2026-08-31
45.725834,-122.729894,washington,ALCO Electric,"5724 Northwest 144th Circle, Vancouver, WA, 98685, USA",3609461307,,https://alco-electric.com/,Brian Alexander,https://evitp.org/washington/listing/alco-electric,evitp.org,2026-08-31
47.751074,-120.740139,washington,"Aldridge Electric, Inc.","Washington, USA",18472761127,ggiovannetti@aldridgegroup.com,https://www.aldridgegroup.com/,Gina Giovannetti,https://evitp.org/washington/listing/aldridge-electric-inc,evitp.org,2026-08-31
47.468069,-122.225767,washington,"All Wire Electric, Inc.","600 Southwest 13th Street, Renton, WA, 98057, USA",2063268902,grace@allwireelectric.com,http://allwireelectric.com/,Grace Finch,https://evitp.org/washington/listing/all-wire-electric-inc,evitp.org,2026-08-31
47.04,-122.8,washington,"Allied Electric Service, Inc.","P.O. Box 3855, Lacey, WA. 98509, USA",3604590575,mike@alliedelectric.biz,https://www.alliedelectric.biz/,Mike Moultine,https://evitp.org/washington/listing/allied-electric-service-inc,evitp.org,2026-08-31
47.449449,-121.779895,washington,"Alpine Creative, LLC","42011 Southeast 167th Street, North Bend, WA, 98045 USA",2066063067,matsdesign@gmail.com,,Matthew Friedman,https://evitp.org/washington/listing/alpine-creative-llc,evitp.org,2026-08-31
45.728945,-122.654733,washington,"American Green Energy Electric, Inc.","1710 Northeast 149th Circle, Vancouver, WA, 98686 USA",3607980506,contact@ageelectricinc.com,https://ageelectricinc.com/,Isaac Matheis,https://evitp.org/washington/listing/american-green-energy-electric-inc,evitp.org,2026-08-31
47.359274,-122.308139,washington,"Andrew's Electric, LLC","27020 Pacific Highway S Ste A 153, K ent, WA. 98032",2063070340,andrew@andrewselectricnw.com,https://www.andrewselectricnw.com/,Andrew Mora,https://evitp.org/washington/listing/andrews-electric-llc,evitp.org,2026-08-31
45.766225,-122.521275,washington,Apex Mechanical,"1507 SE Eaton Blvd, Battle Ground, WA, 98604,  USA",5039796172,,,Jack McNamara,https://evitp.org/washington/listing/apex-mechanical,evitp.org,2026-08-31
45.766225,-122.521275,washington,APEX-rEVolt,"1507 Southeast Eaton Boulevard, Battle Ground, WA, 98604, USA",5039796172,jackm@apexmechanical.org,https://apexmechanical.org/,Jack McNamara,https://evitp.org/washington/listing/apex-revolt,evitp.org,2026-08-31
47.708153,-117.353631,washington,Arc Electric,"5524 North Julia Street, Spokane, WA, 99217, USA",5094832717,todd@arcelectriccorp.com,http://www.arcelectriccorp.com,Todd Bro,https://evitp.org/washington/listing/arc-electric,evitp.org,2026-08-31
47.496227,-122.200285,washington,Aztec Electric,"1207 North Landing Way #1167, Renton, WA, 98057 USA",2068222119,sales@aztec-electric.net,https://aztec-electric.net/,Hugo Solorio,https://evitp.org/washington/listing/aztec-electric,evitp.org,2026-08-31
46.199994,-119.314287,washington,Baseline Electric,"87516 Badger View Dr, Kennewick, WA, 99338, USA",5095518627,rex@baselineelectricllc.com,,Rex Walton,https://evitp.org/washington/listing/baseline-electric,evitp.org,2026-08-31
47.04631,-122.888899,washington,BES Electrical Services,"PO Box 129, East Olympia, WA. 98450, USA",3608194519,,https://www.besolympia.com/,Brandon Betschart,https://evitp.org/washington/listing/bes-electrical-services,evitp.org,2026-08-31
47.614347,-122.338884,washington,"BlueCore Power, LLC","2001 6th Ave, Seattle, WA 98121, USA",5038910410,Chris.Kosmas@bluecorepower.com,https://www.bluecorepower.com/,Chris Kosmas,https://evitp.org/washington/listing/bluecore-power-llc,evitp.org,2026-08-31
47.751074,-120.740139,washington,Brytemove Energy,"Washington, USA",7142379200,jkrajniak@brytemove.com,https://www.brytemove.com/,David Krajniak,https://evitp.org/washington/listing/brytemove-energy,evitp.org,2026-08-31
47.751074,-120.740139,washington,Bull Run Electric,"Washington, USA",5036684800,kyle@bullrunelectric.com,https://bullrunelectric.com/,Kyle Ruthardt,https://evitp.org/washington/listing/bull-run-electric,evitp.org,2026-08-31
47.04,-122.89,washington,"Capital Electric, Inc.","P.O. Box 1696, Olympia, WA. 98507-1696",3603573237,office@capitalelectricwa.com,https://www.capitalelectricwa.com/,Josh O’Byrne,https://evitp.org/washington/listing/capital-electric-inc,evitp.org,2026-08-31
47.669666,-122.1193,washington,Capstone Solutions,"PO Box 715, Redmond, WA 98073, UST",5037072656,cblack@capstoneemail.com,https://www.capstone-sol.com/,Chris Black,https://evitp.org/washington/listing/capstone-solutions,evitp.org,2026-08-31
47.751074,-120.740139,washington,"Christenson Electric, Inc.","Washington, USA",5034193342,,https://www.christenson.com/,Amy Delbrouck,https://evitp.org/washington/listing/christenson-electric-inc,evitp.org,2026-08-31
47.751074,-120.740139,washington,Cochran inc.,"Washington, USA",5033515462,gbambusch@cochraninc.com,https://www.cochraninc.com/,Greg Bambusch,https://evitp.org/washington/listing/cochran-inc,evitp.org,2026-08-31
46.172487,-119.207972,washington,Columbia River Electric Maintenance,"6343 West Brinkley Road, Kennewick, WA, 99338, USA",2536938326,brandon.tobey@brothersecllc.com,https://www.crem-inc.com/,Brandon Tobey,https://evitp.org/washington/listing/columbia-river-electric-maintenance,evitp.org,2026-08-31
47.66,-117.39,washington,"Colvico, Inc.","P.O. Box 2682, Spokane, WA, 99220, USA",5095361875,terry@colvicoinc.com,https://colvicoinc.com/,Terry Den Boer,https://evitp.org/washington/listing/colvico-inc,evitp.org,2026-08-31
47.161054,-122.442368,washington,"D&R Monitoring Networks, LLC","709 106th Street South, Tacoma, WA, 98445, USA",2533271065,dean@drmonitoringnetworks.com,https://drmonitoringnetworks.com/,Dean Pitsch Jr.,https://evitp.org/washington/listing/dr-monitoring-networks-llc,evitp.org,2026-08-31
47.084369,-122.378408,washington,Danard Electric,"18819 38th Avenue East, Tacoma, WA, 98446, USA",2538758650,steved@danardelectric.com,https://danardelectric.com/,Steve Doyle,https://evitp.org/washington/listing/danard-electric,evitp.org,2026-08-31
47.751074,-120.740139,washington,"Decker Electric, Inc.","Washington, USA",13162658182,bwilson@decker-electric.com,https://www.decker-electric.com/,Ben Wilson,https://evitp.org/washington/listing/decker-electric-inc,evitp.org,2026-08-31
47.506928,-122.181546,washington,Dynalectric,"Washington, USA",5038910410,ckosmas@dyna-oregon.com,https://www.dyna-oregon.com/,Chris Kosmas,https://evitp.org/washington/listing/dynalectric-oregon,evitp.org,2026-08-31
46.308308,-120.001063,washington,"E3 Electric Northwest, LLC","1406 Saaz Ln, Sunnyside, WA 98944, USA",5098308445,humberto@e3electricnorthwest.com,https://www.e3electricnorthwest.com/,Humberto Ramirez,https://evitp.org/washington/listing/e3-electric-northwest-llc,evitp.org,2026-08-31
47.751074,-120.740139,washington,EC Electric,"Washington, USA",5032205329,chris.ernst@ecpowerslife.com,https://ecpowerslife.com/,,https://evitp.org/washington/listing/ec-electric,evitp.org,2026-08-31
47.60621,-122.332071,washington,"Electrical Systems Solutions, Inc.","PO Box 16452, Seattle, WA 98116, USA",2069239378,rich@elessinc.com,https://elessinc.com/,Rich Batrrientos,https://evitp.org/washington/listing/electrical-systems-solutions-inc,evitp.org,2026-08-31
47.468353,-122.246366,washington,"Empower Electric, LLC","7100 Fort Dent Way Ste 100, Tukwila, WA. 98188, USA",4254050805,donesha.hall@empowerelectric.net,https://empowerelectric.net/,Donesha Hall,https://evitp.org/washington/listing/empower-electric-llc,evitp.org,2026-08-31
47.736299,-121.981594,washington,"EnergiSystems, LLC","Washington, USA",406876,jamison@energisystems.com,https://energisystems.com/,Jamison Lee,https://evitp.org/washington/listing/energisystems-llc,evitp.org,2026-08-31
47.284519,-122.317916,washington,"Fuller Electric, inc.","1220 South 356th Street, Federal Way, WA, 98003, USA",2536617181,hi@fullerelec.com,https://www.fullerelec.com/,,https://evitp.org/washington/listing/fuller-electric-inc,evitp.org,2026-08-31
47.229991,-122.484254,washington,"Groff Electric, Inc.","3308 S Union Ave, Tacoma, WA, 98409, USA",2533833511,aaronb@groffelectric.com,,Aaron Berets,https://evitp.org/washington/listing/groff-electric-inc,evitp.org,2026-08-31
45.60235,-122.37429,washington,"Hammerson Electric, LLC.","339 W Koa St, Washougal, WA, 98671 USA",5032699704,,,Matt Hammerquist,https://evitp.org/washington/listing/hammerson-electric-llc,evitp.org,2026-08-31
47.643857,-122.228786,washington,"Hughes Electrical Contractors, Inc.","Washington, USA",5038168883,davidt@hughselectrical.com,https://www.hugheselectrical.com/,David Trapp,https://evitp.org/washington/listing/hughes-electrical-contractors-inc,evitp.org,2026-08-31
47.751074,-120.740139,washington,"Iteris, Inc.","Washington, USA",6576528288,bakerley@iteris.com,https://www.iteris.com/,Brian Akerley,https://evitp.org/washington/listing/iteris-inc,evitp.org,2026-08-31
47.305531,-122.374421,washington,J5 Electric (WBE),"P.O. Box 24834, Federal Way, WA 98023, USA",2066615369,kristywhitney@j5-electric.com,https://j5-electric.com/,Kristy Whitney,https://evitp.org/washington/listing/j5-electric,evitp.org,2026-08-31
46.127007,-122.925733,washington,"JH Kelly, LLC","821 3rd Avenue, Longview, WA, 98632, USA",3609570956,ggourde@jhkelly.com,https://www.jhkelly.com/,Gabriel Gourde,https://evitp.org/washington/listing/jh-kelly-llc,evitp.org,2026-08-31
47.608758,-122.296424,washington,"KB Electric Service, Inc.","Seattle, WA 98122, USA",2062762507,kbelectric@foxinternet.com,https://www.kbelectricservice.com/,Kelvin Bridges,https://evitp.org/washington/listing/kb-electric-service-inc,evitp.org,2026-08-31
47.352324,-121.983725,washington,"KolKay Electric, Inc.","P.O. Box 459, Ravensdale, WA. 98051",3608861743,steve.richardson@kolkay.com,https://kolkay.com/,Steve Richardson,https://evitp.org/washington/listing/kolkay-electric-inc,evitp.org,2026-08-31
48.145736,-121.885748,washington,LeMaster Electric,"9209 60th Dr. NE, Marysville, WA, 98270, USA",4255402500,,https://www.lemasterelectric.com/,David LeMaster,https://evitp.org/washington/listing/lemaster-electric,evitp.org,2026-08-31
47.740103,-122.249813,washington,"Lunstrum Electric, Inc.","15372 Juanita Drive Northeast, Kenmore, WA, 98028, USA",2069300057,peter@lunstrumelectric.com,https://www.lunstrumelectric.com/,,https://evitp.org/washington/listing/lunstrum-electric-inc,evitp.org,2026-08-31
47.221365,-122.503739,washington,Madsen Electric,"3939 South Orchard Street, Tacoma, WA 98466, USA",2533834546,tsharp@madsenelectric.com,https://www.madsenelectric.com/,Travis Sharp,https://evitp.org/washington/listing/madsen-electric,evitp.org,2026-08-31
47.804062,-122.37355,washington,"Main Street Electric, Inc.","P.O Box 1856, Edmonds, WA 98020, USA",2068181995,jeff@mainstreet-electric.com,https://mainstreet-electric.com/,Jeff Humann,https://evitp.org/washington/listing/main-street-electric-inc,evitp.org,2026-08-31
47.751074,-120.740139,washington,Matrix NAC,"Washington, USA",7323883540,stevenlamastra@matrixservicecompany.com,https://www.matrixnac.com/,Steven LaMastra,https://evitp.org/washington/listing/matrix-nac,evitp.org,2026-08-31
47.04,-122.8,washington,MB Electric,"PO Box 5758, Lacey, WA 98509, USA",3604551025,brandon@mbelectricllc.com,https://www.mbelectricllc.com/,Brandon Becker,https://evitp.org/washington/listing/mb-electric-1,evitp.org,2026-08-31
47.04,-122.8,washington,MB Electric,"P.O. Box 5758, Lacey, WA. 98509",3604551025,brandon@mbelectricllc.com,https://www.mbelectricllc.com/,Brandon Becker,https://evitp.org/washington/listing/mb-electric,evitp.org,2026-08-31
47.780612,-122.146389,washington,"McCoy Electric Co., Inc.","Washington, USA",5032347521,mitchj@mccoyelectric.com,http://mccoyelectric.com/,Mitch Johnson,https://evitp.org/washington/listing/mccoy-electric-co-inc,evitp.org,2026-08-31
47.751074,-120.740139,washington,MD Electrical Services,"Washington, USA",5035047960,kcolson@mdelectrical.services.com,https://www.mdelectrical.services/,Kent Olson,https://evitp.org/washington/listing/md-electrical-services,evitp.org,2026-08-31
45.68737,-122.610818,washington,"Mill Plain Electric, Inc.","6000 Northeast 88th Street, Bldg A, Vancouver, WA, 98665 USA",3605747265,estimating@mp-electric.com,https://mp-electric.com/,Joel Halme,https://evitp.org/washington/listing/mill-plain-electric-inc,evitp.org,2026-08-31
47.496227,-122.200285,washington,New Generation Electric,"1207 North Landing Way #1075, Renton, WA, 98057, USA",2068293555,admin@ngelectric.com,https://ngeelectric.com/,Win Min Thant,https://evitp.org/washington/listing/new-generation-electric,evitp.org,2026-08-31
47.691947,-122.300197,washington,New River Electrical Corporation,"Washington, USA",5405267501,ahartsfield@nrec.ne,https://www.newriverelectrical.com/,Jonathan Aaron Hartsfield,https://evitp.org/washington/listing/new-river-electrical-corporation,evitp.org,2026-08-31
47.751074,-120.740139,washington,OEG Inc.,"Washington, USA",5037296498,jon.swanson@oeg.us.com,https://oeg.us.com/,Jon Swanson,https://evitp.org/washington/listing/oeg-inc,evitp.org,2026-08-31
47.751074,-120.740139,washington,Parsons Electric,"Washington, USA",17635287670,brad.bacon@pecsolutions.com,https://www.pecsolutions.com/,Brad Bacon,https://evitp.org/washington/listing/parsons-electric,evitp.org,2026-08-31
47.709236,-117.351845,washington,"Peterson Electric, Inc.","5622 North Myrtle Street, Spokane, WA, 99217, USA",5094891950,scott@petersonelectric.com,https://petersonelectric.com/,Scott Lee,https://evitp.org/washington/listing/peterson-electric-inc,evitp.org,2026-08-31
47.73151,-117.267686,washington,"Pick Electric, Inc.","P.O. Box 6770, Spokane WA. 99217",5095321975111,chris@pickelectric.com,http://pickelectric.com/,Chris Magnuson,https://evitp.org/washington/listing/pick-electric-inc,evitp.org,2026-08-31
47.635142,-122.628462,washington,Pioneer Electrical LLC,"7925 NE Double Hitch Ct, Bremerton, WA, 98311, USA",3604478137,c.kroneberger@pioneerelectric.net,,Christopher Kroneberger,https://evitp.org/washington/listing/pioneer-electrical-llc,evitp.org,2026-08-31
47.918584,-122.203868,washington,Plug and Play Electrical Solutions,"8724 Gothic Way, Everett, WA, 98208, USA",2067053119,contact@plugandplayelectricalsolutions.com,https://plugandplayelectrical.com/,Matthew Jameyson,https://evitp.org/washington/listing/plug-and-play-electrical-solutions,evitp.org,2026-08-31
47.662115,-117.361618,washington,Power City Electric,"3327 E Olive Ave, Spokane, WA, 99202, USA",5095358500,info@powercityelectric.com,https://powercityelectric.com/,Steve Gilbertz,https://evitp.org/washington/listing/power-city-electric,evitp.org,2026-08-31
47.595418,-122.311677,washington,Puget Sound Solar LLC,"805 Rainier Avenue South, Seattle, WA, 98144 USA",2068881289,aturpin@pugetsoundsolar.com,https://pugetsoundsolar.com/,Alisha Turpin,https://evitp.org/washington/listing/puget-sound-solar-llc,evitp.org,2026-08-31
47.191925,-122.406281,washington,"RL Electrical Services, LLC.","1625 E 72nd St Suite 700-144, Tacoma, WA, 98404, USA",2532812382,Ray@Rlelectricalservices.com,https://www.rlelectricalservices.com/,Raymond Love,https://evitp.org/washington/listing/rl-electrical-services-llc,evitp.org,2026-08-31
45.775976,-122.540221,washington,Romero Electric,"604 SW 2nd Court, Battle Ground, WA 98604, USA",3609163669,ronnie@romeroelectric.com,https://romeroelectric.com/,Ronald Romero,https://evitp.org/washington/listing/romero-electric,evitp.org,2026-08-31
47.751074,-120.740139,washington,Royal Electric Company,"Washington, USA",9166965744,jeffc@royalelect.com,https://www.royalelect.com/,Jeff Cavanagh,https://evitp.org/washington/listing/royal-electric-company,evitp.org,2026-08-31
47.683728,-122.138511,washington,"Sequoyah Electric, LLC.","15135 Northeast 92nd Street, Redmond, WA, 98052, USA",4257668890,shannon.robinson@sequoyah.com,https://www.sequoyah.com/,Shannon Robinson,https://evitp.org/washington/listing/sequoyah-electric-llc,evitp.org,2026-08-31
47.433795,-122.316305,washington,SHJ Electric,"18920 13th Pl S, SeaTac, WA 98148, USA",2068497372,stephen.b@shjelectric.com,http://www.shjelectric.com/,Stephen Bowser,https://evitp.org/washington/listing/shj-electric,evitp.org,2026-08-31
38.907192,-77.036871,washington,Shores Electric,"Washington, USA",5038012687,,https://www.shoreselectric.co/,Trino Ochoa,https://evitp.org/washington/listing/shores-electric,evitp.org,2026-08-31
47.698281,-122.317316,washington,Sphere Solar Energy,"9520 Roosevelt Way Northeast, Seattle, WA, 98115, USA",2063623780,edwin@spheresolarenergy.com,https://spheresolarenergy.com/,Edwin Wanji,https://evitp.org/washington/listing/sphere-solar-energy,evitp.org,2026-08-31
47.433159,-122.145857,washington,"Stafford Electric, LLC","14617 Southeast 188th Way, Renton, WA, 98058, USA",4257576395,jack@stafford-electric.com,,Jack Stafford,https://evitp.org/washington/listing/stafford-electric-llc,evitp.org,2026-08-31
47.203114,-122.239131,washington,Tapps Electric,"1202 Main Street, Ste 103, Sumner, WA, 98390, USA",2533101495,wmorris@tappsElectric.com,https://www.tappselectric.com/,William Morris,https://evitp.org/washington/listing/tapps-electric,evitp.org,2026-08-31
47.695653,-122.152515,washington,Teknon Electrical Services,"10675 Willows Road NE Suite 100, Redmond, WA 98052, USA",4258950533,jowilliams@teknon.com,,Joe Williams,https://evitp.org/washington/listing/teknon-electrical-services,evitp.org,2026-08-31
47.322834,-122.251443,washington,"Tesla Electric, LLC.","1502 Pike St NW Suite 1, Auburn, WA, 98001, USA",2532297285,spencer@teslaelectricwa.com,http://www.teslaelectricwa.com/,Spencer Tomlinson,https://evitp.org/washington/listing/tesla-electric-llc,evitp.org,2026-08-31
47.751074,-120.740139,washington,The Oscar W. Larson Company,"Washington, USA",8103974757,justin.spence@owlservices.com,https://www.larsonco.com/,Justin Spence,https://evitp.org/washington/listing/the-oscar-w-larson-company,evitp.org,2026-08-31
47.751074,-120.740139,washington,The State Group Industrial (USA) Limited,"Washington, USA",5869921572,Michigan.estimating@stategroup.com,https://stategroup.com/,Gino Robinet – Statewide Coordinator,https://evitp.org/washington/listing/the-state-group-industrial-usa-limited,evitp.org,2026-08-31
47.166222,-122.432494,washington,Thompson Electrical Constructors,"150 100th Ave S., Tacoma, WA. 98444, USA",2535390999,stan@thompsonconstructors.com,https://www.thompsonconstructors.com/,Stan Thompson,https://evitp.org/washington/listing/thompson-electrical-constructors,evitp.org,2026-08-31
47.751074,-120.740139,washington,Tice Electric Company,"Washington, USA",5033417317,kevins@ticeelectric.com,https://ticeelectric.com/,Kevin Shannon,https://evitp.org/washington/listing/tice-electric-company,evitp.org,2026-08-31
47.36613,-122.112338,washington,"True Compass, LLC","P.O. Box 7095, Kent, WA 98042, USA",2534448760,toddd@true-compass.net,https://truecompassnw.com/,Todd Dowling,https://evitp.org/washington/listing/true-compass-llc,evitp.org,2026-08-31
48.784259,-122.455459,washington,VECA Electric & Technologies,"3950 Hammer Dr #109, Bellingham, WA, 98273, USA",3606036445,john.morrow@veca.com,https://www.veca.com/,John Morrow,https://evitp.org/washington/listing/veca-electric-technologies,evitp.org,2026-08-31
47.488341,-122.330266,washington,"Vulpine Electric, LLC","12803 3rd Ave S, Seattle, WA 98168, USA",2064685492,vulpineelectric@outlook.com,https://vulpineelectric.com/,"DANIEL DELAROSA              
             
                             
         
     
 
         
     
     
         
             
                  Redo search when map moved 
             
              
         
     
 
 
 
 
     
         Showing 80 results 
     
  
 
 											 

									 
					 
			 
   
    

	 
		 

			 
	 
		
		 
			 

				
 
			 
			 			  
	   


 
 

 
	   


The Electric Vehicle Infrastructure Training Program (EVITP) provides training and certification for electricians installing electric vehicle supply equipment (EVSE).  
		 		 
			 
					 
			 
			 			  
		 		 
			 
			  Contact Info 			  
	 
		 
			  		 
	 
	  Canada: www.NETCO.org 
 

 
	 
		 
			  		 
	 
	  United States:  EVITP, 811 N. Main Street, Suite 202,                     Royal Oak, MI  48067
 
 

 
	 
		 
			  		 
	 
	   info@evitp.org 
  
		 		 
	 			 
		 
		 
 


 
			 
			 

			
			 

			 
	 
		 Copyright © 2026 EVITP - ALL RIGHTS RESERVED -  TERMS OF USE  	 
	 
			 
 
			 

				 
		 
	 
		 
	 

   
   
 
{""prefetch"":[{""source"":""document"",""where"":{""and"":[{""href_matches"":""/*""},{""not"":{""href_matches"":[""/wp-*.php"",""/wp-admin/*"",""/wp-content/uploads/*"",""/wp-content/*"",""/wp-content/plugins/*"",""/wp-content/themes/siennawp/*"",""/*\\?(.+)""]}},{""not"":{""selector_matches"":""a[rel~=\""nofollow\""]""}},{""not"":{""selector_matches"":"".no-prefetch, .no-prefetch a""}}]},""eagerness"":""conservative""}]}
 
		  
		 
jQuery(document).ready(function($) {
SABAI.init($(""#sabai-content""));
});
   
  
  
  
  
  
  
 
wp.i18n.setLocaleData( { 'text direction\u0004ltr': [ 'ltr' ] } );
//# sourceURL=wp-i18n-js-after
 
  
 
var wpcf7 = {
    ""api"": {
        ""root"": ""https:\/\/evitp.org\/wp-json\/"",
        ""namespace"": ""contact-form-7\/v1""
    }
};
//# sourceURL=contact-form-7-js-before
 
  
 
var cf7appsHoneypotRefill = {""forceRefillOnInit"":""""};
//# sourceURL=cf7apps-honeypot-refill-js-extra
 
  
  
  
 
var mejsL10n = {""language"":""en"",""strings"":{""mejs.download-file"":""Download File"",""mejs.install-flash"":""You are using a browser that does not have Flash player enabled or installed. Please turn on your Flash player plugin or download the latest version from https://get.adobe.com/flashplayer/"",""mejs.fullscreen"":""Fullscreen"",""mejs.play"":""Play"",""mejs.pause"":""Pause"",""mejs.time-slider"":""Time Slider"",""mejs.time-help-text"":""Use Left/Right Arrow keys to advance one second, Up/Down arrows to advance ten seconds."",""mejs.live-broadcast"":""Live Broadcast"",""mejs.volume-help-text"":""Use Up/Down Arrow keys to increase or decrease volume."",""mejs.unmute"":""Unmute"",""mejs.mute"":""Mute"",""mejs.volume-slider"":""Volume Slider"",""mejs.video-player"":""Video Player"",""mejs.audio-player"":""Audio Player"",""mejs.captions-subtitles"":""Captions/Subtitles"",""mejs.captions-chapters"":""Chapters"",""mejs.none"":""None"",""mejs.afrikaans"":""Afrikaans"",""mejs.albanian"":""Albanian"",""mejs.arabic"":""Arabic"",""mejs.belarusian"":""Belarusian"",""mejs.bulgarian"":""Bulgarian"",""mejs.catalan"":""Catalan"",""mejs.chinese"":""Chinese"",""mejs.chinese-simplified"":""Chinese (Simplified)"",""mejs.chinese-traditional"":""Chinese (Traditional)"",""mejs.croatian"":""Croatian"",""mejs.czech"":""Czech"",""mejs.danish"":""Danish"",""mejs.dutch"":""Dutch"",""mejs.english"":""English"",""mejs.estonian"":""Estonian"",""mejs.filipino"":""Filipino"",""mejs.finnish"":""Finnish"",""mejs.french"":""French"",""mejs.galician"":""Galician"",""mejs.german"":""German"",""mejs.greek"":""Greek"",""mejs.haitian-creole"":""Haitian Creole"",""mejs.hebrew"":""Hebrew"",""mejs.hindi"":""Hindi"",""mejs.hungarian"":""Hungarian"",""mejs.icelandic"":""Icelandic"",""mejs.indonesian"":""Indonesian"",""mejs.irish"":""Irish"",""mejs.italian"":""Italian"",""mejs.japanese"":""Japanese"",""mejs.korean"":""Korean"",""mejs.latvian"":""Latvian"",""mejs.lithuanian"":""Lithuanian"",""mejs.macedonian"":""Macedonian"",""mejs.malay"":""Malay"",""mejs.maltese"":""Maltese"",""mejs.norwegian"":""Norwegian"",""mejs.persian"":""Persian"",""mejs.polish"":""Polish"",""mejs.portuguese"":""Portuguese"",""mejs.romanian"":""Romanian"",""mejs.russian"":""Russian"",""mejs.serbian"":""Serbian"",""mejs.slovak"":""Slovak"",""mejs.slovenian"":""Slovenian"",""mejs.spanish"":""Spanish"",""mejs.swahili"":""Swahili"",""mejs.swedish"":""Swedish"",""mejs.tagalog"":""Tagalog"",""mejs.thai"":""Thai"",""mejs.turkish"":""Turkish"",""mejs.ukrainian"":""Ukrainian"",""mejs.vietnamese"":""Vietnamese"",""mejs.welsh"":""Welsh"",""mejs.yiddish"":""Yiddish""}};
//# sourceURL=mediaelement-core-js-before
 
  
  
 
var _wpmejsSettings = {""pluginPath"":""/wp-includes/js/mediaelement/"",""classPrefix"":""mejs-"",""stretching"":""responsive"",""audioShortcodeLibrary"":""mediaelement"",""videoShortcodeLibrary"":""mediaelement""};
//# sourceURL=mediaelement-js-extra
 
  
  
  
  
  
  
  
  
  
  
  
  
  
  
  
  
  
  
  
  
  
  
  
  
  
  
  
  
  
  
  
  
 
var mkdfGlobalVars = {""vars"":{""mkdfAddForAdminBar"":0,""mkdfElementAppearAmount"":-150,""mkdfFinishedMessage"":""No more posts"",""mkdfMessage"":""Loading new posts..."",""mkdfTopBarHeight"":42,""mkdfStickyHeaderHeight"":0,""mkdfStickyHeaderTransparencyHeight"":60,""mkdfLogoAreaHeight"":0,""mkdfMenuAreaHeight"":131,""mkdfMobileHeaderHeight"":100}};
var mkdfPerPageVars = {""vars"":{""mkdfStickyScrollAmount"":450,""mkdfStickyScrollAmountFullScreen"":false,""mkdfHeaderTransparencyHeight"":0}};
//# sourceURL=sienna-mikado-modules-js-extra
 
  
  
  
 
var mkdfLike = {""ajaxurl"":""https://evitp.org/wp-admin/admin-ajax.php""};
//# sourceURL=sienna-mikado-like-js-extra
 
  
 
var GEM = {""thankyou"":""Thank you for signing up!"",""thankyou_suppressed"":""Thank you for signing up! Please check your email to confirm your subscription."",""oops"":""Oops! There was a problem. Please try again."",""email"":""Please enter a valid email address."",""required"":""%s is a required field.""};
//# sourceURL=gem-main-js-extra
 
  
  
  
 
var wpcf7_recaptcha = {
    ""sitekey"": ""6LdAGgcgAAAAALmBeuQZgYH6HTEI3KlPBF86-YxA"",
    ""actions"": {
        ""homepage"": ""homepage"",
        ""contactform"": ""contactform""
    }
};
//# sourceURL=wpcf7-recaptcha-js-before
 
  
 
{""baseUrl"":""https://s.w.org/images/core/emoji/17.0.2/72x72/"",""ext"":"".png"",""svgUrl"":""https://s.w.org/images/core/emoji/17.0.2/svg/"",""svgExt"":"".svg"",""source"":{""concatemoji"":""https://evitp.org/wp-includes/js/wp-emoji-release.min.js?ver=7.0.4""}}
 
 
/*! This file is auto-generated */
var e=""script#wp-emoji-settings"",t=document.querySelector(e);if(!(t instanceof HTMLScriptElement))throw new Error(""Element missing: ""+e);const r=JSON.parse(t.text),s=(window._wpemojiSettings=r,""wpEmojiSettingsSupports""),o=[""flag"",""emoji""];function i(e){try{var t={supportTests:e,timestamp:(new Date).valueOf()};sessionStorage.setItem(s,JSON.stringify(t))}catch(e){}}function c(e,t,n){e.clearRect(0,0,e.canvas.width,e.canvas.height),e.fillText(t,0,0);t=new Uint32Array(e.getImageData(0,0,e.canvas.width,e.canvas.height).data);e.clearRect(0,0,e.canvas.width,e.canvas.height),e.fillText(n,0,0);const r=new Uint32Array(e.getImageData(0,0,e.canvas.width,e.canvas.height).data);return t.every((e,t)=>e===r[t])}function p(e,t){e.clearRect(0,0,e.canvas.width,e.canvas.height),e.fillText(t,0,0);var n=e.getImageData(16,16,1,1);for(let e=0;e {o[e]=t(s,e,n,r)}),o}function a(e){var t=document.createElement(""script"");t.src=e,t.defer=!0,document.head.appendChild(t)}r.supports={everything:!0,everythingExceptFlag:!0},new Promise(t=>{let n=function(){try{var e=JSON.parse(sessionStorage.getItem(s));if(""object""==typeof e&&""number""==typeof e.timestamp&&(new Date).valueOf() {i(n=e.data),a.terminate(),t(n)})}catch(e){}i(n=f(o,u,c,p))}t(n)}).then(e=>{for(const n in e)r.supports[n]=e[n],r.supports.everything=r.supports.everything&&r.supports[n],""flag""!==n&&(r.supports.everythingExceptFlag=r.supports.everythingExceptFlag&&r.supports[n]);var t;r.supports.everythingExceptFlag=r.supports.everythingExceptFlag&&!r.supports.flag,r.supports.everything||((t=r.source||{}).concatemoji?a(t.concatemoji):t.wpemoji&&t.twemoji&&(a(t.twemoji),a(t.wpemoji)))});
//# sourceURL=https://evitp.org/wp-includes/js/wp-emoji-loader.min.js
 
 			  
			 
				/* @v3-js:start */
					let c4wp_onloadCallback = function() {
						for ( var i = 0; i   {
						if ( typeof jQuery !== 'undefined' && jQuery( 'input[id*=""c4wp-wc-checkout""]' ).length ) {
							var element = document.createElement('div');
							var html = '     ';
							element.innerHTML = html;
							jQuery( '[class*=""c4wp-wc-checkout""]' ).append( element );
							jQuery( '[class*=""c4wp-wc-checkout""]' ).find('*').off();
							c4wp_onloadCallback();
						}
					});
				/* @v3-js:end */",https://evitp.org/washington/listing/vulpine-electric-llc,evitp.org,2026-08-31
38.597626,-80.454903,west-virginia,"Aldridge Electric, Inc.","West Virginia, USA",18472761127,ggiovannetti@aldridgegroup.com,https://www.aldridgegroup.com/,,https://evitp.org/westvirginia/listing/aldridge-electric-inc,evitp.org,2026-08-31
38.597626,-80.454903,west-virginia,Allstate Sales Group,"West Virginia, USA",7323355588,aabadie@asginc.us,https://www.asginc.us/,Anne Abadie,https://evitp.org/westvirginia/listing/allstate-sales-group,evitp.org,2026-08-31
38.597626,-80.454903,west-virginia,Besco Electrical Corporation,"West Virginia, USA",17048924200,d.caylor@bescoelectrical.com,https://bescoelectrical.com/,Dan Caylor,https://evitp.org/westvirginia/listing/besco-electrical-corporation,evitp.org,2026-08-31
38.597626,-80.454903,west-virginia,Bruce & Merrilees Electric Co.,"West Virginia, USA",7246525566503,bsmith@bruceandmerrilees.com,https://www.bruceandmerrilees.com/,Brian Smith,https://evitp.org/westvirginia/listing/bruce-merrilees-electric-co,evitp.org,2026-08-31
38.597626,-80.454903,west-virginia,"Carr and Duff, Inc.","West Virginia, USA",12153282490,sduff@carduff.com,https://carrduff.com/,Shawn Duff,https://evitp.org/westvirginia/listing/carr-and-duff-inc,evitp.org,2026-08-31
38.397624,-82.387774,west-virginia,"Dixon Electrical Systems & Contracting, Inc.","3352 Norwood Road, Huntington, WV 25705, USA",3045232712,matt@dixonelectrical.com,https://www.dixonelectrical.com/,Matthew G. Simms,https://evitp.org/westvirginia/listing/dixon-electrical-systems-contracting-inc,evitp.org,2026-08-31
38.397624,-82.387774,west-virginia,"Dixon Electrical Systems and Contracting, Inc.","3352 Norwood Road, Huntington, WV, 25705, USA",3045232712,nathan@dixonelectrical.com,https://www.dixonelectrical.com/,Nathan Bowen,https://evitp.org/westvirginia/listing/dixon-electrical-systems-and-contracting-inc,evitp.org,2026-08-31
38.597626,-80.454903,west-virginia,Edwin L. Heim,"West Virginia, USA",7172338711,rberkheimer@elheim.com,https://www.edwinlheim.com/,Rick Berkheimer,https://evitp.org/westvirginia/listing/edwin-l-heim,evitp.org,2026-08-31
38.597626,-80.454903,west-virginia,"EV Charging Installers of America, LLC","West Virginia, USA",9738971697,chris.lehr@evcharginginstallers.com,https://www.evcharginginstallers.com/,,https://evitp.org/westvirginia/listing/ev-charging-installers-of-america-llc,evitp.org,2026-08-31
38.597626,-80.454903,west-virginia,Ferry Electric Company,"West Virginia, USA",4128922100,jjferry@ferryelectric.com,http://www.ferryelectric.com/,James Ferry,https://evitp.org/westvirginia/listing/ferry-electric-company,evitp.org,2026-08-31
38.597626,-80.454903,west-virginia,"I.B. Abel, Inc.","West Virginia, USA",17178942988,wboyer@ib-abel.com,https://www.ib-abel.com/,Waylon Boyer,https://evitp.org/westvirginia/listing/i-b-abel-inc,evitp.org,2026-08-31
39.196149,-81.50959,west-virginia,"J. Ranck Electric, Inc.","West Virginia, USA",19312074354,swalker@jranck.com,https://www.jranck.com/,Scott Walker,https://evitp.org/westvirginia/listing/j-ranck-electric-inc,evitp.org,2026-08-31
38.597626,-80.454903,west-virginia,Matrix NAC,"West Virginia, USA",7323883540,stevenlamastra@matrixservicecompany.com,https://www.matrixnac.com/,Steven LaMastra,https://evitp.org/westvirginia/listing/matrix-nac,evitp.org,2026-08-31
38.38367,-81.735909,west-virginia,Miller Electric Company,"West Virginia, USA",9048324423,mhall@mecojax.com,https://www.mecojax.com/,Mike Hall,https://evitp.org/westvirginia/listing/miller-electric-company,evitp.org,2026-08-31
38.446389,-81.969633,west-virginia,"Miller Electrical Contractors, Inc.","3760 Sleepy Hollow Drive, Suite 10, Hurricane WV. 25526, USA",13045504218,wmcclure@millerelectrial.net,https://millerelectrical.net/,Will McClure,https://evitp.org/westvirginia/listing/miller-electrical-contractors-inc,evitp.org,2026-08-31
39.445188,-80.174298,west-virginia,"Mon Valley Electric, Inc.","PO Box 338, Kingmont, WV. 26578, USA",3043662340,estimating@monvalleyelectric.com,https://monvalleyelectric.com/,James D. Bane,https://evitp.org/westvirginia/listing/mon-valley-electric-inc,evitp.org,2026-08-31
38.597626,-80.454903,west-virginia,Muska Electric Company,"West Virginia, USA",16516365820,tolson@muskaelectric.com,https://www.muskacompanies.com/,Ted Olson,https://evitp.org/westvirginia/listing/muska-electric-company,evitp.org,2026-08-31
38.408479,-81.674385,west-virginia,New River Electrical Corporation,"West Virginia, USA",15405267501,ahartsfield@nrec.net,https://www.newriverelectrical.com/,Jonathan Aaron Hartsfield,https://evitp.org/westvirginia/listing/new-river-electrical-corporation,evitp.org,2026-08-31
38.444362,-81.831221,west-virginia,Nitro Construction Services,"4300 1st Avenue, Nitro, WV, 25143, USA",3042041514,jpainter@nitrocs.com,https://nitroconstructionservices.com/,John Painter,https://evitp.org/westvirginia/listing/nitro-construction-services,evitp.org,2026-08-31
39.250183,-81.532013,west-virginia,Pro 1 Electric,"205 Hickory Street, Parkersburg, WV, 26101, USA",3044828487,admin@pro1electric.com,https://pro1electric.com/,Mark Deem,https://evitp.org/westvirginia/listing/pro-1-electric,evitp.org,2026-08-31
38.34982,-81.632623,west-virginia,Sargent Electric Company,"Charleston, West Virginia, USA",4123947600,info@sargentelectric.com,https://www.sargentelectric.com/,Tim Snyder,https://evitp.org/westvirginia/listing/sargent-electric-company,evitp.org,2026-08-31
38.434301,-82.003975,west-virginia,"Sterling Industrial, LLC.","West Virginia, USA",8124927118,jhayden@sterlingindustrialllc.com,https://www.sterlingindustrialllc.com/,Jeff Hayden,https://evitp.org/westvirginia/listing/sterling-industrial-llc,evitp.org,2026-08-31
38.597626,-80.454903,west-virginia,The Oscar W larson,"West Virginia, USA",8103974757,justin.spence@owlservices.com,https://www.larsonco.com/,Justin Spence,https://evitp.org/westvirginia/listing/the-oscar-w-larson,evitp.org,2026-08-31
38.597626,-80.454903,west-virginia,The State Group Industrial (USA) Limited,"West Virginia, USA",5869921572,Michigan.estimating@stategroup.com,https://stategroup.com/,Gino Robinet – Statewide Coordinator,https://evitp.org/westvirginia/listing/the-state-group-industrial-usa-limited,evitp.org,2026-08-31
38.597626,-80.454903,west-virginia,"Total Power & Electrical Solutions, Inc.","West Virginia, USA",6094966517,krodgers@totalpower-inc.com,https://totalpower-inc.com/,Keith Rodgers,https://evitp.org/westvirginia/listing/total-power-electrical-solutions-inc,evitp.org,2026-08-31
40.063962,-80.720915,west-virginia,"United Electric of Wheeling, Inc.","P.O. Box 6897, Wheeling, WV. 26003",3042321330,unitedel@swave.net,,Robert Kubovicz,https://evitp.org/westvirginia/listing/united-electric-of-wheeling-inc,evitp.org,2026-08-31
38.597626,-80.454903,west-virginia,White Electrical Construction Company,"West Virginia, USA",19126637148,sgraham@white-electrical.com,http://www.white-electrical.com/,Scott Graham,https://evitp.org/westvirginia/listing/white-electrical-construction-company,evitp.org,2026-08-31
40.063899,-80.716093,west-virginia,"Yahn Electric Company, Inc.","113 17th Street, Wheeling, WV, 26003, USA",3042325070,kpaulus@yahnelectric.com,http://yahnelectric.com/,"Kurt W. Paulus              
             
                             
         
     
 
     
     
         
             
                  Redo search when map moved 
             
              
         
     
 
 
 
 
     
         Showing 28 results 
     
  
 
 											 

									 
					 
			 
   
    

	 
		 

			 
	 
		
		 
			 

				
 
			 
			 			  
	   


 
 

 
	   


The Electric Vehicle Infrastructure Training Program (EVITP) provides training and certification for electricians installing electric vehicle supply equipment (EVSE).  
		 		 
			 
					 
			 
			 			  
		 		 
			 
			  Contact Info 			  
	 
		 
			  		 
	 
	  Canada: www.NETCO.org 
 

 
	 
		 
			  		 
	 
	  United States:  EVITP, 811 N. Main Street, Suite 202,                     Royal Oak, MI  48067
 
 

 
	 
		 
			  		 
	 
	   info@evitp.org 
  
		 		 
	 			 
		 
		 
 


 
			 
			 

			
			 

			 
	 
		 Copyright © 2026 EVITP - ALL RIGHTS RESERVED -  TERMS OF USE  	 
	 
			 
 
			 

				 
		 
	 
		 
	 

   
   
 
{""prefetch"":[{""source"":""document"",""where"":{""and"":[{""href_matches"":""/*""},{""not"":{""href_matches"":[""/wp-*.php"",""/wp-admin/*"",""/wp-content/uploads/*"",""/wp-content/*"",""/wp-content/plugins/*"",""/wp-content/themes/siennawp/*"",""/*\\?(.+)""]}},{""not"":{""selector_matches"":""a[rel~=\""nofollow\""]""}},{""not"":{""selector_matches"":"".no-prefetch, .no-prefetch a""}}]},""eagerness"":""conservative""}]}
 
		  
		 
jQuery(document).ready(function($) {
SABAI.init($(""#sabai-content""));
});
   
  
  
  
  
  
  
 
wp.i18n.setLocaleData( { 'text direction\u0004ltr': [ 'ltr' ] } );
//# sourceURL=wp-i18n-js-after
 
  
 
var wpcf7 = {
    ""api"": {
        ""root"": ""https:\/\/evitp.org\/wp-json\/"",
        ""namespace"": ""contact-form-7\/v1""
    }
};
//# sourceURL=contact-form-7-js-before
 
  
 
var cf7appsHoneypotRefill = {""forceRefillOnInit"":""""};
//# sourceURL=cf7apps-honeypot-refill-js-extra
 
  
  
  
 
var mejsL10n = {""language"":""en"",""strings"":{""mejs.download-file"":""Download File"",""mejs.install-flash"":""You are using a browser that does not have Flash player enabled or installed. Please turn on your Flash player plugin or download the latest version from https://get.adobe.com/flashplayer/"",""mejs.fullscreen"":""Fullscreen"",""mejs.play"":""Play"",""mejs.pause"":""Pause"",""mejs.time-slider"":""Time Slider"",""mejs.time-help-text"":""Use Left/Right Arrow keys to advance one second, Up/Down arrows to advance ten seconds."",""mejs.live-broadcast"":""Live Broadcast"",""mejs.volume-help-text"":""Use Up/Down Arrow keys to increase or decrease volume."",""mejs.unmute"":""Unmute"",""mejs.mute"":""Mute"",""mejs.volume-slider"":""Volume Slider"",""mejs.video-player"":""Video Player"",""mejs.audio-player"":""Audio Player"",""mejs.captions-subtitles"":""Captions/Subtitles"",""mejs.captions-chapters"":""Chapters"",""mejs.none"":""None"",""mejs.afrikaans"":""Afrikaans"",""mejs.albanian"":""Albanian"",""mejs.arabic"":""Arabic"",""mejs.belarusian"":""Belarusian"",""mejs.bulgarian"":""Bulgarian"",""mejs.catalan"":""Catalan"",""mejs.chinese"":""Chinese"",""mejs.chinese-simplified"":""Chinese (Simplified)"",""mejs.chinese-traditional"":""Chinese (Traditional)"",""mejs.croatian"":""Croatian"",""mejs.czech"":""Czech"",""mejs.danish"":""Danish"",""mejs.dutch"":""Dutch"",""mejs.english"":""English"",""mejs.estonian"":""Estonian"",""mejs.filipino"":""Filipino"",""mejs.finnish"":""Finnish"",""mejs.french"":""French"",""mejs.galician"":""Galician"",""mejs.german"":""German"",""mejs.greek"":""Greek"",""mejs.haitian-creole"":""Haitian Creole"",""mejs.hebrew"":""Hebrew"",""mejs.hindi"":""Hindi"",""mejs.hungarian"":""Hungarian"",""mejs.icelandic"":""Icelandic"",""mejs.indonesian"":""Indonesian"",""mejs.irish"":""Irish"",""mejs.italian"":""Italian"",""mejs.japanese"":""Japanese"",""mejs.korean"":""Korean"",""mejs.latvian"":""Latvian"",""mejs.lithuanian"":""Lithuanian"",""mejs.macedonian"":""Macedonian"",""mejs.malay"":""Malay"",""mejs.maltese"":""Maltese"",""mejs.norwegian"":""Norwegian"",""mejs.persian"":""Persian"",""mejs.polish"":""Polish"",""mejs.portuguese"":""Portuguese"",""mejs.romanian"":""Romanian"",""mejs.russian"":""Russian"",""mejs.serbian"":""Serbian"",""mejs.slovak"":""Slovak"",""mejs.slovenian"":""Slovenian"",""mejs.spanish"":""Spanish"",""mejs.swahili"":""Swahili"",""mejs.swedish"":""Swedish"",""mejs.tagalog"":""Tagalog"",""mejs.thai"":""Thai"",""mejs.turkish"":""Turkish"",""mejs.ukrainian"":""Ukrainian"",""mejs.vietnamese"":""Vietnamese"",""mejs.welsh"":""Welsh"",""mejs.yiddish"":""Yiddish""}};
//# sourceURL=mediaelement-core-js-before
 
  
  
 
var _wpmejsSettings = {""pluginPath"":""/wp-includes/js/mediaelement/"",""classPrefix"":""mejs-"",""stretching"":""responsive"",""audioShortcodeLibrary"":""mediaelement"",""videoShortcodeLibrary"":""mediaelement""};
//# sourceURL=mediaelement-js-extra
 
  
  
  
  
  
  
  
  
  
  
  
  
  
  
  
  
  
  
  
  
  
  
  
  
  
  
  
  
  
  
  
  
 
var mkdfGlobalVars = {""vars"":{""mkdfAddForAdminBar"":0,""mkdfElementAppearAmount"":-150,""mkdfFinishedMessage"":""No more posts"",""mkdfMessage"":""Loading new posts..."",""mkdfTopBarHeight"":42,""mkdfStickyHeaderHeight"":0,""mkdfStickyHeaderTransparencyHeight"":60,""mkdfLogoAreaHeight"":0,""mkdfMenuAreaHeight"":131,""mkdfMobileHeaderHeight"":100}};
var mkdfPerPageVars = {""vars"":{""mkdfStickyScrollAmount"":450,""mkdfStickyScrollAmountFullScreen"":false,""mkdfHeaderTransparencyHeight"":0}};
//# sourceURL=sienna-mikado-modules-js-extra
 
  
  
  
 
var mkdfLike = {""ajaxurl"":""https://evitp.org/wp-admin/admin-ajax.php""};
//# sourceURL=sienna-mikado-like-js-extra
 
  
 
var GEM = {""thankyou"":""Thank you for signing up!"",""thankyou_suppressed"":""Thank you for signing up! Please check your email to confirm your subscription."",""oops"":""Oops! There was a problem. Please try again."",""email"":""Please enter a valid email address."",""required"":""%s is a required field.""};
//# sourceURL=gem-main-js-extra
 
  
  
  
 
var wpcf7_recaptcha = {
    ""sitekey"": ""6LdAGgcgAAAAALmBeuQZgYH6HTEI3KlPBF86-YxA"",
    ""actions"": {
        ""homepage"": ""homepage"",
        ""contactform"": ""contactform""
    }
};
//# sourceURL=wpcf7-recaptcha-js-before
 
  
 
{""baseUrl"":""https://s.w.org/images/core/emoji/17.0.2/72x72/"",""ext"":"".png"",""svgUrl"":""https://s.w.org/images/core/emoji/17.0.2/svg/"",""svgExt"":"".svg"",""source"":{""concatemoji"":""https://evitp.org/wp-includes/js/wp-emoji-release.min.js?ver=7.0.4""}}
 
 
/*! This file is auto-generated */
var e=""script#wp-emoji-settings"",t=document.querySelector(e);if(!(t instanceof HTMLScriptElement))throw new Error(""Element missing: ""+e);const r=JSON.parse(t.text),s=(window._wpemojiSettings=r,""wpEmojiSettingsSupports""),o=[""flag"",""emoji""];function i(e){try{var t={supportTests:e,timestamp:(new Date).valueOf()};sessionStorage.setItem(s,JSON.stringify(t))}catch(e){}}function c(e,t,n){e.clearRect(0,0,e.canvas.width,e.canvas.height),e.fillText(t,0,0);t=new Uint32Array(e.getImageData(0,0,e.canvas.width,e.canvas.height).data);e.clearRect(0,0,e.canvas.width,e.canvas.height),e.fillText(n,0,0);const r=new Uint32Array(e.getImageData(0,0,e.canvas.width,e.canvas.height).data);return t.every((e,t)=>e===r[t])}function p(e,t){e.clearRect(0,0,e.canvas.width,e.canvas.height),e.fillText(t,0,0);var n=e.getImageData(16,16,1,1);for(let e=0;e {o[e]=t(s,e,n,r)}),o}function a(e){var t=document.createElement(""script"");t.src=e,t.defer=!0,document.head.appendChild(t)}r.supports={everything:!0,everythingExceptFlag:!0},new Promise(t=>{let n=function(){try{var e=JSON.parse(sessionStorage.getItem(s));if(""object""==typeof e&&""number""==typeof e.timestamp&&(new Date).valueOf() {i(n=e.data),a.terminate(),t(n)})}catch(e){}i(n=f(o,u,c,p))}t(n)}).then(e=>{for(const n in e)r.supports[n]=e[n],r.supports.everything=r.supports.everything&&r.supports[n],""flag""!==n&&(r.supports.everythingExceptFlag=r.supports.everythingExceptFlag&&r.supports[n]);var t;r.supports.everythingExceptFlag=r.supports.everythingExceptFlag&&!r.supports.flag,r.supports.everything||((t=r.source||{}).concatemoji?a(t.concatemoji):t.wpemoji&&t.twemoji&&(a(t.twemoji),a(t.wpemoji)))});
//# sourceURL=https://evitp.org/wp-includes/js/wp-emoji-loader.min.js
 
 			  
			 
				/* @v3-js:start */
					let c4wp_onloadCallback = function() {
						for ( var i = 0; i   {
						if ( typeof jQuery !== 'undefined' && jQuery( 'input[id*=""c4wp-wc-checkout""]' ).length ) {
							var element = document.createElement('div');
							var html = '     ';
							element.innerHTML = html;
							jQuery( '[class*=""c4wp-wc-checkout""]' ).append( element );
							jQuery( '[class*=""c4wp-wc-checkout""]' ).find('*').off();
							c4wp_onloadCallback();
						}
					});
				/* @v3-js:end */",https://evitp.org/westvirginia/listing/yahn-electric-company-inc,evitp.org,2026-08-31
43.186614,-89.370143,wisconsin,"A&M Electric, inc","Wisconsin, USA",6122806122,,https://www.aandmelectric.com/,Robert Annen,https://evitp.org/wisconsin/listing/am-electric-inc,evitp.org,2026-08-31
43.78444,-88.787868,wisconsin,"Aldridge Electric, Inc.","Wisconsin, USA",18472761127,ggiovannetti@aldridgegroup.com,https://www.aldridgegroup.com/,Gina Giovannetti,https://evitp.org/wisconsin/listing/aldridge-electric-inc,evitp.org,2026-08-31
44.830889,-91.476839,wisconsin,"B & B Electric, Inc.","1303 Western Avenue, Eau Claire, WI, 54703, USA",7158321676,mb@b-belectric.com,https://www.bandbelectric.com/,Michael Bergh,https://evitp.org/wisconsin/listing/b-b-electric-inc,evitp.org,2026-08-31
46.734914,-92.093623,wisconsin,Benson Electric Company,"1102 North 3rd Street, Superior, WI 54880, USA",7157183513,bill@becotm.com,https://bensonelectriccompany.com/,Bill Slattengren,https://evitp.org/wisconsin/listing/benson-electric-company,evitp.org,2026-08-31
43.78444,-88.787868,wisconsin,"Decker Electric, Inc.","Wisconsin, USA",13162658182,bwilson@decker-electric.com,https://www.decker-electric.com/,Ben Wilson,https://evitp.org/wisconsin/listing/decker-electric-inc,evitp.org,2026-08-31
43.159998,-88.017347,wisconsin,Dnesco Electric,"7811 N 86th St, Milwaukee, WI 53224, USA",4146591128,nschroeder@dnesco.com,https://dnesco.com/,Neal Schroeder,https://evitp.org/wisconsin/listing/dnesco-electric,evitp.org,2026-08-31
43.794558,-91.251126,wisconsin,E. Stanek Electric,"424 Jansky Place, La Crosse, WI, 54601, USA",6087921814,mark@stanekelectric.com,https://www.stanekelectric.com/,Mark Clough,https://evitp.org/wisconsin/listing/e-stanek-electric,evitp.org,2026-08-31
43.073052,-89.40123,wisconsin,Egan Company,"Madison, Wisconsin, USA",17635444131,mat@eganco.com,https://www.eganco.com/,Michael Tengwall,https://evitp.org/wisconsin/listing/egan-company,evitp.org,2026-08-31
44.688452,-88.062704,wisconsin,"Electrical Synergies, LLC.","5948 Timber Haven Drive, Little Suamico, WI, 54141, USA",9206602405,nicole@electricalsynergies.com,https://electricalsynergies.com/,Kelly Schuessler,https://evitp.org/wisconsin/listing/electrical-synergies-llc,evitp.org,2026-08-31
43.011369,-89.88846,wisconsin,"Industry Electric, LLC","112 Ruste Rd, Barneveld, WI, 53507, USA",6083833447,andy@industryelec.com,,Andrew Gander,https://evitp.org/wisconsin/listing/industry-electric-llc,evitp.org,2026-08-31
44.485371,-87.927199,wisconsin,"J. Ranck Electric, Inc.","825 Ontario Rd, Green Bay, WI, 54311 USA",19312074354,swalker@jranck.com,https://www.jranck.com/,Scott Walker,https://evitp.org/wisconsin/listing/wisconsin-usa,evitp.org,2026-08-31
43.864126,-91.226028,wisconsin,Kish & Sons Electric,"2135 Enterprise Avenue, La Crosse, WI, 54603, USA",6087850207,service@kishelectric.com,https://www.kishelectric.com/,Roger Lowrey,https://evitp.org/wisconsin/listing/kish-sons-electric,evitp.org,2026-08-31
42.999762,-89.555328,wisconsin,"Krantz Electric, Inc.","2650 North Nine Mound Road, Verona, WI, 53593, USA",6088459156,mweisenbsel@krantzelectricinc.com,https://www.krantzelectricinc.com/,Mike Weisensel,https://evitp.org/wisconsin/listing/krantz-electric-inc,evitp.org,2026-08-31
43.091515,-88.072288,wisconsin,"Lemberg Electric Company Company, Inc.","4085 North 128th Street, Brookfield, WI, 53005, USA",2627811500,dtopp@lembergelectric.com,https://www.lembergelectric.com/,David Topp,https://evitp.org/wisconsin/listing/lemberg-electric-company-company-inc,evitp.org,2026-08-31
43.182143,-87.965614,wisconsin,Miller Electric Company,"9082 North Deerbrook Trail, Brown Deer, WI, 53223 USA",9048324423,mhall@mecojax.com,https://www.mecojax.com/,Mike Hall,https://evitp.org/wisconsin/listing/miller-electric-company,evitp.org,2026-08-31
42.513223,-88.976164,wisconsin,Morse Electric,"1390 Gateway Boulevard, Beloit, WI, 53511, USA",6088567352,jack.fletcher@themorsegroup.com,https://www.themorsegroup.com/,Jack Fletcher,https://evitp.org/wisconsin/listing/morse-electric,evitp.org,2026-08-31
43.78444,-88.787868,wisconsin,Muska Electric Company,"Wisconsin, USA",16516365820,tolson@muskaelectric.com,https://www.muskacompanies.com/,Ted Olson,https://evitp.org/wisconsin/listing/muska-electric-company,evitp.org,2026-08-31
45.441396,-92.536426,wisconsin,NEI Electric,"605 Industrial Parkway, St Croix Falls, WI 54024, USA      3233 Louis Avenue, Suite E Eau Claire, WI 54703",6512873137,vmathson@neielectric.com,https://neielectric.com/,Van Mathson,https://evitp.org/wisconsin/listing/nei-electric,evitp.org,2026-08-31
43.170591,-87.908961,wisconsin,New River Electrical Corporation,"Wisconsin, USA",5405267501,ahartsfield@nrec.ne,https://www.newriverelectrical.com/,Jonathan Aaron Hartsfield,https://evitp.org/wisconsin/listing/new-river-electrical-corporation,evitp.org,2026-08-31
44.785857,-91.497829,wisconsin,"O'Neill Electric, Inc.","Wisconsin, USA",6513420906,daniel@oneillelectricmn.com,https://www.oneillelectricmn.com/,Dan O’Neill,https://evitp.org/wisconsin/listing/oneill-electric-inc,evitp.org,2026-08-31
43.895378,-91.116969,wisconsin,"P&T Electric, Inc.","Wisconsin, USA",5078958585,paulptelec@acegroup.cc,https://ptelectricinc.net/home.html,Paul Siegersma,https://evitp.org/wisconsin/listing/pt-electric-inc,evitp.org,2026-08-31
42.935237,-88.064236,wisconsin,"Pace Electric, Inc.","12015 West Janesville Road, Hales Corners, WI, 53130, USA",4144253305,sas@paceelectricinc.com,https://www.paceelectricinc.com/,Steve Shelton,https://evitp.org/wisconsin/listing/pace-electric-inc,evitp.org,2026-08-31
43.78444,-88.787868,wisconsin,Parsons Electric,"Wisconsin, USA",17635287670,brad.bacon@pecsolutions.com,https://www.pecsolutions.com/,Brad Bacon,https://evitp.org/wisconsin/listing/parsons-electric,evitp.org,2026-08-31
42.944978,-88.117903,wisconsin,"Pieper Electric, inc.","5477 S Westridge Ct, New Berlin, WI, 53151, USA",4147884880,dave.hedin@pieperpower.com,https://pieperpower.com/,David Hedin,https://evitp.org/wisconsin/listing/pieper-electric-inc,evitp.org,2026-08-31
42.817473,-88.078554,wisconsin,"Pro Electric, Inc.","21500 West 6 Mile Road, Franksville, WI, 53216, USA",2623079992,tburger@proelectricinc.us,https://www.proelectricinc.us/,Anthony R. Burger,https://evitp.org/wisconsin/listing/pro-electric-inc,evitp.org,2026-08-31
43.78444,-88.787868,wisconsin,Retrofit Electric,"Wisconsin, USA",5074145160,wfry@retrofitcompanies.com,https://retrofitcompanies.com/,Wendy Fry,https://evitp.org/wisconsin/listing/retrofit-electric,evitp.org,2026-08-31
44.380091,-88.166986,wisconsin,Sargent Electric Company - Great lakes,"3148 Mid Valley Drive, De Pere, WI, 54115, USA",4123947600,info@sargentelectric.com,https://www.sargentelectric.com/,Tim Snyder,https://evitp.org/wisconsin/listing/sargent-electric-company-great-lakes,evitp.org,2026-08-31
43.78444,-88.787868,wisconsin,"Sun Electric, Inc.","Wisconsin, USA",17012819140,twanzek@suninc.us,http://www.sunelectricnd.com/,Tyler Wanzek,https://evitp.org/wisconsin/listing/sun-electric-inc,evitp.org,2026-08-31
43.856502,-91.222984,wisconsin,T.D. Padesky Electric,"2244 Cunningham St. La Crosse, WI 54601, USA",6087809326,bschlegel@padeskyelectric.com,https://padeskyelectric.com/,Brandon Schlegel,https://evitp.org/wisconsin/listing/t-d-padesky-electric,evitp.org,2026-08-31
43.314647,-89.425075,wisconsin,The State Group Industrial (USA) Limited,"Wisconsin, USA",5869921572,Michigan.estimating@stategroup.com,https://stategroup.com/,Matt Schwarz – Statewide Coordinator,https://evitp.org/wisconsin/listing/the-state-group-industrial-usa-limited,evitp.org,2026-08-31
43.080559,-88.069856,wisconsin,Uihlein Electric,"12660 W Townsend St, Brookfield, WI, 53005, USA",2623999328,ryan.schmidt@uihleinelectric.com,https://www.uihleinelectric.com/,Ryan Schmidt,https://evitp.org/wisconsin/listing/uihlein-electric,evitp.org,2026-08-31
45.066979,-87.617755,wisconsin,Urban C Electric,"W471 Oakwood Beach Road, Marinette, WI, 54143, USA",9204800919,urbancelectricllc@gmail.com,https://urbancelectric.com/,Collins Sasu,https://evitp.org/wisconsin/listing/urban-c-electric,evitp.org,2026-08-31
44.954401,-89.72369,wisconsin,"Van Ert Electric co., inc.","7019 Stewart Avenue, Wausau, WI, 54401, USA",7158438044,mvanert@vanert.com,https://www.vanert.com/,Michael Van Ert,https://evitp.org/wisconsin/listing/van-ert-electric-co-inc,evitp.org,2026-08-31
43.78444,-88.787868,wisconsin,Vinco,"Wisconsin, USA",6514403616,dmcclellan@vinco-inc.com,https://www.vinco-inc.com/,Dan McClellan,https://evitp.org/wisconsin/listing/vinco,evitp.org,2026-08-31
43.054231,-89.286893,wisconsin,"Westphal & Co., Inc.","14 Marsh Court, PO Box 7428, Madison, WI. 53707, USA",6082169585,eprom@westphalec.com,https://www.westphalec.com/,"Eric Prom              
             
                             
         
     
 
     
     
         
             
                  Redo search when map moved 
             
              
         
     
 
 
 
 
     
         Showing 35 results 
     
  
 
 											 

									 
					 
			 
   
    

	 
		 

			 
	 
		
		 
			 

				
 
			 
			 			  
	   


 
 

 
	   


The Electric Vehicle Infrastructure Training Program (EVITP) provides training and certification for electricians installing electric vehicle supply equipment (EVSE).  
		 		 
			 
					 
			 
			 			  
		 		 
			 
			  Contact Info 			  
	 
		 
			  		 
	 
	  Canada: www.NETCO.org 
 

 
	 
		 
			  		 
	 
	  United States:  EVITP, 811 N. Main Street, Suite 202,                     Royal Oak, MI  48067
 
 

 
	 
		 
			  		 
	 
	   info@evitp.org 
  
		 		 
	 			 
		 
		 
 


 
			 
			 

			
			 

			 
	 
		 Copyright © 2026 EVITP - ALL RIGHTS RESERVED -  TERMS OF USE  	 
	 
			 
 
			 

				 
		 
	 
		 
	 

   
   
 
{""prefetch"":[{""source"":""document"",""where"":{""and"":[{""href_matches"":""/*""},{""not"":{""href_matches"":[""/wp-*.php"",""/wp-admin/*"",""/wp-content/uploads/*"",""/wp-content/*"",""/wp-content/plugins/*"",""/wp-content/themes/siennawp/*"",""/*\\?(.+)""]}},{""not"":{""selector_matches"":""a[rel~=\""nofollow\""]""}},{""not"":{""selector_matches"":"".no-prefetch, .no-prefetch a""}}]},""eagerness"":""conservative""}]}
 
		  
		 
jQuery(document).ready(function($) {
SABAI.init($(""#sabai-content""));
});
   
  
  
  
  
  
  
 
wp.i18n.setLocaleData( { 'text direction\u0004ltr': [ 'ltr' ] } );
//# sourceURL=wp-i18n-js-after
 
  
 
var wpcf7 = {
    ""api"": {
        ""root"": ""https:\/\/evitp.org\/wp-json\/"",
        ""namespace"": ""contact-form-7\/v1""
    }
};
//# sourceURL=contact-form-7-js-before
 
  
 
var cf7appsHoneypotRefill = {""forceRefillOnInit"":""""};
//# sourceURL=cf7apps-honeypot-refill-js-extra
 
  
  
  
 
var mejsL10n = {""language"":""en"",""strings"":{""mejs.download-file"":""Download File"",""mejs.install-flash"":""You are using a browser that does not have Flash player enabled or installed. Please turn on your Flash player plugin or download the latest version from https://get.adobe.com/flashplayer/"",""mejs.fullscreen"":""Fullscreen"",""mejs.play"":""Play"",""mejs.pause"":""Pause"",""mejs.time-slider"":""Time Slider"",""mejs.time-help-text"":""Use Left/Right Arrow keys to advance one second, Up/Down arrows to advance ten seconds."",""mejs.live-broadcast"":""Live Broadcast"",""mejs.volume-help-text"":""Use Up/Down Arrow keys to increase or decrease volume."",""mejs.unmute"":""Unmute"",""mejs.mute"":""Mute"",""mejs.volume-slider"":""Volume Slider"",""mejs.video-player"":""Video Player"",""mejs.audio-player"":""Audio Player"",""mejs.captions-subtitles"":""Captions/Subtitles"",""mejs.captions-chapters"":""Chapters"",""mejs.none"":""None"",""mejs.afrikaans"":""Afrikaans"",""mejs.albanian"":""Albanian"",""mejs.arabic"":""Arabic"",""mejs.belarusian"":""Belarusian"",""mejs.bulgarian"":""Bulgarian"",""mejs.catalan"":""Catalan"",""mejs.chinese"":""Chinese"",""mejs.chinese-simplified"":""Chinese (Simplified)"",""mejs.chinese-traditional"":""Chinese (Traditional)"",""mejs.croatian"":""Croatian"",""mejs.czech"":""Czech"",""mejs.danish"":""Danish"",""mejs.dutch"":""Dutch"",""mejs.english"":""English"",""mejs.estonian"":""Estonian"",""mejs.filipino"":""Filipino"",""mejs.finnish"":""Finnish"",""mejs.french"":""French"",""mejs.galician"":""Galician"",""mejs.german"":""German"",""mejs.greek"":""Greek"",""mejs.haitian-creole"":""Haitian Creole"",""mejs.hebrew"":""Hebrew"",""mejs.hindi"":""Hindi"",""mejs.hungarian"":""Hungarian"",""mejs.icelandic"":""Icelandic"",""mejs.indonesian"":""Indonesian"",""mejs.irish"":""Irish"",""mejs.italian"":""Italian"",""mejs.japanese"":""Japanese"",""mejs.korean"":""Korean"",""mejs.latvian"":""Latvian"",""mejs.lithuanian"":""Lithuanian"",""mejs.macedonian"":""Macedonian"",""mejs.malay"":""Malay"",""mejs.maltese"":""Maltese"",""mejs.norwegian"":""Norwegian"",""mejs.persian"":""Persian"",""mejs.polish"":""Polish"",""mejs.portuguese"":""Portuguese"",""mejs.romanian"":""Romanian"",""mejs.russian"":""Russian"",""mejs.serbian"":""Serbian"",""mejs.slovak"":""Slovak"",""mejs.slovenian"":""Slovenian"",""mejs.spanish"":""Spanish"",""mejs.swahili"":""Swahili"",""mejs.swedish"":""Swedish"",""mejs.tagalog"":""Tagalog"",""mejs.thai"":""Thai"",""mejs.turkish"":""Turkish"",""mejs.ukrainian"":""Ukrainian"",""mejs.vietnamese"":""Vietnamese"",""mejs.welsh"":""Welsh"",""mejs.yiddish"":""Yiddish""}};
//# sourceURL=mediaelement-core-js-before
 
  
  
 
var _wpmejsSettings = {""pluginPath"":""/wp-includes/js/mediaelement/"",""classPrefix"":""mejs-"",""stretching"":""responsive"",""audioShortcodeLibrary"":""mediaelement"",""videoShortcodeLibrary"":""mediaelement""};
//# sourceURL=mediaelement-js-extra
 
  
  
  
  
  
  
  
  
  
  
  
  
  
  
  
  
  
  
  
  
  
  
  
  
  
  
  
  
  
  
  
  
 
var mkdfGlobalVars = {""vars"":{""mkdfAddForAdminBar"":0,""mkdfElementAppearAmount"":-150,""mkdfFinishedMessage"":""No more posts"",""mkdfMessage"":""Loading new posts..."",""mkdfTopBarHeight"":42,""mkdfStickyHeaderHeight"":0,""mkdfStickyHeaderTransparencyHeight"":60,""mkdfLogoAreaHeight"":0,""mkdfMenuAreaHeight"":131,""mkdfMobileHeaderHeight"":100}};
var mkdfPerPageVars = {""vars"":{""mkdfStickyScrollAmount"":450,""mkdfStickyScrollAmountFullScreen"":false,""mkdfHeaderTransparencyHeight"":0}};
//# sourceURL=sienna-mikado-modules-js-extra
 
  
  
  
 
var mkdfLike = {""ajaxurl"":""https://evitp.org/wp-admin/admin-ajax.php""};
//# sourceURL=sienna-mikado-like-js-extra
 
  
 
var GEM = {""thankyou"":""Thank you for signing up!"",""thankyou_suppressed"":""Thank you for signing up! Please check your email to confirm your subscription."",""oops"":""Oops! There was a problem. Please try again."",""email"":""Please enter a valid email address."",""required"":""%s is a required field.""};
//# sourceURL=gem-main-js-extra
 
  
  
  
 
var wpcf7_recaptcha = {
    ""sitekey"": ""6LdAGgcgAAAAALmBeuQZgYH6HTEI3KlPBF86-YxA"",
    ""actions"": {
        ""homepage"": ""homepage"",
        ""contactform"": ""contactform""
    }
};
//# sourceURL=wpcf7-recaptcha-js-before
 
  
 
{""baseUrl"":""https://s.w.org/images/core/emoji/17.0.2/72x72/"",""ext"":"".png"",""svgUrl"":""https://s.w.org/images/core/emoji/17.0.2/svg/"",""svgExt"":"".svg"",""source"":{""concatemoji"":""https://evitp.org/wp-includes/js/wp-emoji-release.min.js?ver=7.0.4""}}
 
 
/*! This file is auto-generated */
var e=""script#wp-emoji-settings"",t=document.querySelector(e);if(!(t instanceof HTMLScriptElement))throw new Error(""Element missing: ""+e);const r=JSON.parse(t.text),s=(window._wpemojiSettings=r,""wpEmojiSettingsSupports""),o=[""flag"",""emoji""];function i(e){try{var t={supportTests:e,timestamp:(new Date).valueOf()};sessionStorage.setItem(s,JSON.stringify(t))}catch(e){}}function c(e,t,n){e.clearRect(0,0,e.canvas.width,e.canvas.height),e.fillText(t,0,0);t=new Uint32Array(e.getImageData(0,0,e.canvas.width,e.canvas.height).data);e.clearRect(0,0,e.canvas.width,e.canvas.height),e.fillText(n,0,0);const r=new Uint32Array(e.getImageData(0,0,e.canvas.width,e.canvas.height).data);return t.every((e,t)=>e===r[t])}function p(e,t){e.clearRect(0,0,e.canvas.width,e.canvas.height),e.fillText(t,0,0);var n=e.getImageData(16,16,1,1);for(let e=0;e {o[e]=t(s,e,n,r)}),o}function a(e){var t=document.createElement(""script"");t.src=e,t.defer=!0,document.head.appendChild(t)}r.supports={everything:!0,everythingExceptFlag:!0},new Promise(t=>{let n=function(){try{var e=JSON.parse(sessionStorage.getItem(s));if(""object""==typeof e&&""number""==typeof e.timestamp&&(new Date).valueOf() {i(n=e.data),a.terminate(),t(n)})}catch(e){}i(n=f(o,u,c,p))}t(n)}).then(e=>{for(const n in e)r.supports[n]=e[n],r.supports.everything=r.supports.everything&&r.supports[n],""flag""!==n&&(r.supports.everythingExceptFlag=r.supports.everythingExceptFlag&&r.supports[n]);var t;r.supports.everythingExceptFlag=r.supports.everythingExceptFlag&&!r.supports.flag,r.supports.everything||((t=r.source||{}).concatemoji?a(t.concatemoji):t.wpemoji&&t.twemoji&&(a(t.twemoji),a(t.wpemoji)))});
//# sourceURL=https://evitp.org/wp-includes/js/wp-emoji-loader.min.js
 
 			  
			 
				/* @v3-js:start */
					let c4wp_onloadCallback = function() {
						for ( var i = 0; i   {
						if ( typeof jQuery !== 'undefined' && jQuery( 'input[id*=""c4wp-wc-checkout""]' ).length ) {
							var element = document.createElement('div');
							var html = '     ';
							element.innerHTML = html;
							jQuery( '[class*=""c4wp-wc-checkout""]' ).append( element );
							jQuery( '[class*=""c4wp-wc-checkout""]' ).find('*').off();
							c4wp_onloadCallback();
						}
					});
				/* @v3-js:end */",https://evitp.org/wisconsin/listing/westphal-co-inc,evitp.org,2026-08-31
43.075968,-107.290284,wyoming,"A-C Electric, Inc.","Wyoming, USA",18013641747,service@a-celectricinc.com,http://a-celectricinc.com/,Justin May,https://evitp.org/wyoming/listing/a-c-electric-inc,evitp.org,2026-08-31
43.075968,-107.290284,wyoming,"Ace Electrical Contractors, Inc.","Wyoming, USA",17636948800,palml@aceelectrical.net,http://aceelectrical.net/,Larry Palm,https://evitp.org/wyoming/listing/ace-electrical-contractors-inc,evitp.org,2026-08-31
43.075968,-107.290284,wyoming,"Aldridge Electric, Inc.","Wyoming, USA",18472761127,ggiovannetti@aldridgegroup.com,https://www.aldridgegroup.com/,Gina Giovannetti,https://evitp.org/wyoming/listing/aldridge-electric-inc,evitp.org,2026-08-31
43.075968,-107.290284,wyoming,Anchor Electric Contracting Corp.,"Wyoming, USA",4062513166,alex@anchorlt.com,https://www.anchorelectricmt.com/,Alex lindstrom,https://evitp.org/wyoming/listing/anchor-electric-contracting-corp,evitp.org,2026-08-31
43.075968,-107.290284,wyoming,Cache Valley Electric,"Wyoming, USA",8019086666,mike.neilson@cve.com,https://www.cve.com/,Mike Neilson,https://evitp.org/wyoming/listing/cache-valley-electric,evitp.org,2026-08-31
43.075968,-107.290284,wyoming,CEI Electrical Contractors,"Wyoming, USA",4067404400,bburton@ceionline.com,https://www.ceionline.com/,Brent Burton,https://evitp.org/wyoming/listing/cei-electrical-contractors,evitp.org,2026-08-31
43.075968,-107.290284,wyoming,"Decker Electric, Inc.","Wyoming, USA",13162658182,bwilson@decker-electric.com,https://www.decker-electric.com/,Ben Wilson,https://evitp.org/wyoming/listing/decker-electric-inc,evitp.org,2026-08-31
42.979593,-106.323487,wyoming,"EnergiSystems, LLC","Wyoming, USA",4068761548,jamison@energisystems.com,https://energisystems.com/,Jamison Lee,https://evitp.org/wyoming/listing/energisystems-llc,evitp.org,2026-08-31
43.075968,-107.290284,wyoming,"Faith Enterprises, Inc.","Wyoming, USA",17195788281,jconway@faithenterprises.com,http://www.faithenterprisesinc.com/+,Justin Conway,https://evitp.org/wyoming/listing/faith-enterprises-inc,evitp.org,2026-08-31
43.124099,-106.257569,wyoming,Miller Electric Company,"Wyoming, USA",9048324423,mhall@mecojax.com,https://www.mecojax.com/,Mike Hall,https://evitp.org/wyoming/listing/miller-electric-company,evitp.org,2026-08-31
42.850321,-106.327846,wyoming,Modern Electric,"246 West 1st, Casper, WY. 82601, USA",3072661711,bids@modern-electric.com,http://modern-electric.com/,Dave Walker,https://evitp.org/wyoming/listing/modsern-electric,evitp.org,2026-08-31
43.473561,-110.784394,wyoming,Mountain Electrical,"PO Box 1991, Jackson, Wyoming, 83001, USA",3077338367,info@mountainelectrical.net,http://mountainelectrical.net/,Benjamin T. Mayring,https://evitp.org/wyoming/listing/mountain-electrical,evitp.org,2026-08-31
43.075968,-107.290284,wyoming,Parsons Electric,"Wyoming, USA",17635287670,brad.bacon@pecsolutions.com,https://www.pecsolutions.com/,Brad Bacon,https://evitp.org/wyoming/listing/parsons-electric,evitp.org,2026-08-31
43.075968,-107.290284,wyoming,The State Group Industrial (USA) Limited,"Wyoming, USA",5869921572,Michigan.estimating@stategroup.com,https://stategroup.com/,Gino Robinet – Statewide Coordinator,https://evitp.org/wyoming/listing/the-state-group-industrial-usa-limited,evitp.org,2026-08-31
41.311367,-105.591101,wyoming,"Trident Electric, LLC.","234 Fort Garver Court, Laramie, Wyoming, 82072, USA",3077429282,tridentelectricllc@yahoo.com,,Caleb L. Goodspeed,https://evitp.org/wyoming/listing/trident-electric-llc,evitp.org,2026-08-31
41.133591,-104.790611,wyoming,W.G. Dale Electric Co.,"814 Converse Avenue, Cheyenne, WY, 82001, USA",3076329238,johnb@daleelectric.com,https://www.daleelectric.com/,"John Braunschweig              
             
                             
         
     
 
         
     
     
         
             
                  Redo search when map moved 
             
              
         
     
 
 
 
 
     
         Showing 16 results 
     
  
 
 											 

									 
					 
			 
   
    

	 
		 

			 
	 
		
		 
			 

				
 
			 
			 			  
	   


 
 

 
	   


The Electric Vehicle Infrastructure Training Program (EVITP) provides training and certification for electricians installing electric vehicle supply equipment (EVSE).  
		 		 
			 
					 
			 
			 			  
		 		 
			 
			  Contact Info 			  
	 
		 
			  		 
	 
	  Canada: www.NETCO.org 
 

 
	 
		 
			  		 
	 
	  United States:  EVITP, 811 N. Main Street, Suite 202,                     Royal Oak, MI  48067
 
 

 
	 
		 
			  		 
	 
	   info@evitp.org 
  
		 		 
	 			 
		 
		 
 


 
			 
			 

			
			 

			 
	 
		 Copyright © 2026 EVITP - ALL RIGHTS RESERVED -  TERMS OF USE  	 
	 
			 
 
			 

				 
		 
	 
		 
	 

   
   
 
{""prefetch"":[{""source"":""document"",""where"":{""and"":[{""href_matches"":""/*""},{""not"":{""href_matches"":[""/wp-*.php"",""/wp-admin/*"",""/wp-content/uploads/*"",""/wp-content/*"",""/wp-content/plugins/*"",""/wp-content/themes/siennawp/*"",""/*\\?(.+)""]}},{""not"":{""selector_matches"":""a[rel~=\""nofollow\""]""}},{""not"":{""selector_matches"":"".no-prefetch, .no-prefetch a""}}]},""eagerness"":""conservative""}]}
 
		  
		 
jQuery(document).ready(function($) {
SABAI.init($(""#sabai-content""));
});
   
  
  
  
  
  
  
 
wp.i18n.setLocaleData( { 'text direction\u0004ltr': [ 'ltr' ] } );
//# sourceURL=wp-i18n-js-after
 
  
 
var wpcf7 = {
    ""api"": {
        ""root"": ""https:\/\/evitp.org\/wp-json\/"",
        ""namespace"": ""contact-form-7\/v1""
    }
};
//# sourceURL=contact-form-7-js-before
 
  
 
var cf7appsHoneypotRefill = {""forceRefillOnInit"":""""};
//# sourceURL=cf7apps-honeypot-refill-js-extra
 
  
  
  
 
var mejsL10n = {""language"":""en"",""strings"":{""mejs.download-file"":""Download File"",""mejs.install-flash"":""You are using a browser that does not have Flash player enabled or installed. Please turn on your Flash player plugin or download the latest version from https://get.adobe.com/flashplayer/"",""mejs.fullscreen"":""Fullscreen"",""mejs.play"":""Play"",""mejs.pause"":""Pause"",""mejs.time-slider"":""Time Slider"",""mejs.time-help-text"":""Use Left/Right Arrow keys to advance one second, Up/Down arrows to advance ten seconds."",""mejs.live-broadcast"":""Live Broadcast"",""mejs.volume-help-text"":""Use Up/Down Arrow keys to increase or decrease volume."",""mejs.unmute"":""Unmute"",""mejs.mute"":""Mute"",""mejs.volume-slider"":""Volume Slider"",""mejs.video-player"":""Video Player"",""mejs.audio-player"":""Audio Player"",""mejs.captions-subtitles"":""Captions/Subtitles"",""mejs.captions-chapters"":""Chapters"",""mejs.none"":""None"",""mejs.afrikaans"":""Afrikaans"",""mejs.albanian"":""Albanian"",""mejs.arabic"":""Arabic"",""mejs.belarusian"":""Belarusian"",""mejs.bulgarian"":""Bulgarian"",""mejs.catalan"":""Catalan"",""mejs.chinese"":""Chinese"",""mejs.chinese-simplified"":""Chinese (Simplified)"",""mejs.chinese-traditional"":""Chinese (Traditional)"",""mejs.croatian"":""Croatian"",""mejs.czech"":""Czech"",""mejs.danish"":""Danish"",""mejs.dutch"":""Dutch"",""mejs.english"":""English"",""mejs.estonian"":""Estonian"",""mejs.filipino"":""Filipino"",""mejs.finnish"":""Finnish"",""mejs.french"":""French"",""mejs.galician"":""Galician"",""mejs.german"":""German"",""mejs.greek"":""Greek"",""mejs.haitian-creole"":""Haitian Creole"",""mejs.hebrew"":""Hebrew"",""mejs.hindi"":""Hindi"",""mejs.hungarian"":""Hungarian"",""mejs.icelandic"":""Icelandic"",""mejs.indonesian"":""Indonesian"",""mejs.irish"":""Irish"",""mejs.italian"":""Italian"",""mejs.japanese"":""Japanese"",""mejs.korean"":""Korean"",""mejs.latvian"":""Latvian"",""mejs.lithuanian"":""Lithuanian"",""mejs.macedonian"":""Macedonian"",""mejs.malay"":""Malay"",""mejs.maltese"":""Maltese"",""mejs.norwegian"":""Norwegian"",""mejs.persian"":""Persian"",""mejs.polish"":""Polish"",""mejs.portuguese"":""Portuguese"",""mejs.romanian"":""Romanian"",""mejs.russian"":""Russian"",""mejs.serbian"":""Serbian"",""mejs.slovak"":""Slovak"",""mejs.slovenian"":""Slovenian"",""mejs.spanish"":""Spanish"",""mejs.swahili"":""Swahili"",""mejs.swedish"":""Swedish"",""mejs.tagalog"":""Tagalog"",""mejs.thai"":""Thai"",""mejs.turkish"":""Turkish"",""mejs.ukrainian"":""Ukrainian"",""mejs.vietnamese"":""Vietnamese"",""mejs.welsh"":""Welsh"",""mejs.yiddish"":""Yiddish""}};
//# sourceURL=mediaelement-core-js-before
 
  
  
 
var _wpmejsSettings = {""pluginPath"":""/wp-includes/js/mediaelement/"",""classPrefix"":""mejs-"",""stretching"":""responsive"",""audioShortcodeLibrary"":""mediaelement"",""videoShortcodeLibrary"":""mediaelement""};
//# sourceURL=mediaelement-js-extra
 
  
  
  
  
  
  
  
  
  
  
  
  
  
  
  
  
  
  
  
  
  
  
  
  
  
  
  
  
  
  
  
  
 
var mkdfGlobalVars = {""vars"":{""mkdfAddForAdminBar"":0,""mkdfElementAppearAmount"":-150,""mkdfFinishedMessage"":""No more posts"",""mkdfMessage"":""Loading new posts..."",""mkdfTopBarHeight"":42,""mkdfStickyHeaderHeight"":0,""mkdfStickyHeaderTransparencyHeight"":60,""mkdfLogoAreaHeight"":0,""mkdfMenuAreaHeight"":131,""mkdfMobileHeaderHeight"":100}};
var mkdfPerPageVars = {""vars"":{""mkdfStickyScrollAmount"":450,""mkdfStickyScrollAmountFullScreen"":false,""mkdfHeaderTransparencyHeight"":0}};
//# sourceURL=sienna-mikado-modules-js-extra
 
  
  
  
 
var mkdfLike = {""ajaxurl"":""https://evitp.org/wp-admin/admin-ajax.php""};
//# sourceURL=sienna-mikado-like-js-extra
 
  
 
var GEM = {""thankyou"":""Thank you for signing up!"",""thankyou_suppressed"":""Thank you for signing up! Please check your email to confirm your subscription."",""oops"":""Oops! There was a problem. Please try again."",""email"":""Please enter a valid email address."",""required"":""%s is a required field.""};
//# sourceURL=gem-main-js-extra
 
  
  
  
 
var wpcf7_recaptcha = {
    ""sitekey"": ""6LdAGgcgAAAAALmBeuQZgYH6HTEI3KlPBF86-YxA"",
    ""actions"": {
        ""homepage"": ""homepage"",
        ""contactform"": ""contactform""
    }
};
//# sourceURL=wpcf7-recaptcha-js-before
 
  
 
{""baseUrl"":""https://s.w.org/images/core/emoji/17.0.2/72x72/"",""ext"":"".png"",""svgUrl"":""https://s.w.org/images/core/emoji/17.0.2/svg/"",""svgExt"":"".svg"",""source"":{""concatemoji"":""https://evitp.org/wp-includes/js/wp-emoji-release.min.js?ver=7.0.4""}}
 
 
/*! This file is auto-generated */
var e=""script#wp-emoji-settings"",t=document.querySelector(e);if(!(t instanceof HTMLScriptElement))throw new Error(""Element missing: ""+e);const r=JSON.parse(t.text),s=(window._wpemojiSettings=r,""wpEmojiSettingsSupports""),o=[""flag"",""emoji""];function i(e){try{var t={supportTests:e,timestamp:(new Date).valueOf()};sessionStorage.setItem(s,JSON.stringify(t))}catch(e){}}function c(e,t,n){e.clearRect(0,0,e.canvas.width,e.canvas.height),e.fillText(t,0,0);t=new Uint32Array(e.getImageData(0,0,e.canvas.width,e.canvas.height).data);e.clearRect(0,0,e.canvas.width,e.canvas.height),e.fillText(n,0,0);const r=new Uint32Array(e.getImageData(0,0,e.canvas.width,e.canvas.height).data);return t.every((e,t)=>e===r[t])}function p(e,t){e.clearRect(0,0,e.canvas.width,e.canvas.height),e.fillText(t,0,0);var n=e.getImageData(16,16,1,1);for(let e=0;e {o[e]=t(s,e,n,r)}),o}function a(e){var t=document.createElement(""script"");t.src=e,t.defer=!0,document.head.appendChild(t)}r.supports={everything:!0,everythingExceptFlag:!0},new Promise(t=>{let n=function(){try{var e=JSON.parse(sessionStorage.getItem(s));if(""object""==typeof e&&""number""==typeof e.timestamp&&(new Date).valueOf() {i(n=e.data),a.terminate(),t(n)})}catch(e){}i(n=f(o,u,c,p))}t(n)}).then(e=>{for(const n in e)r.supports[n]=e[n],r.supports.everything=r.supports.everything&&r.supports[n],""flag""!==n&&(r.supports.everythingExceptFlag=r.supports.everythingExceptFlag&&r.supports[n]);var t;r.supports.everythingExceptFlag=r.supports.everythingExceptFlag&&!r.supports.flag,r.supports.everything||((t=r.source||{}).concatemoji?a(t.concatemoji):t.wpemoji&&t.twemoji&&(a(t.twemoji),a(t.wpemoji)))});
//# sourceURL=https://evitp.org/wp-includes/js/wp-emoji-loader.min.js
 
 			  
			 
				/* @v3-js:start */
					let c4wp_onloadCallback = function() {
						for ( var i = 0; i   {
						if ( typeof jQuery !== 'undefined' && jQuery( 'input[id*=""c4wp-wc-checkout""]' ).length ) {
							var element = document.createElement('div');
							var html = '     ';
							element.innerHTML = html;
							jQuery( '[class*=""c4wp-wc-checkout""]' ).append( element );
							jQuery( '[class*=""c4wp-wc-checkout""]' ).find('*').off();
							c4wp_onloadCallback();
						}
					});
				/* @v3-js:end */",https://evitp.org/wyoming/listing/w-g-dale-electric-co,evitp.org,2026-08-31
38.907192,-77.036871,washington-dc,"Aldridge Electric, Inc.","Washington, D.C., DC, USA",18472761127,ggiovannetti@aldridgegroup.com,https://www.aldridgegroup.com/,Gina Giovannetti,https://evitp.org/washingtondc/listing/aldridge-electric-inc,evitp.org,2026-08-31
38.905985,-77.033418,washington-dc,Allstate Sales Group,"Washington D.C., DC, USA",7323355588,aabadie@asginc.us,https://www.asginc.us/,Anne Abadie,https://evitp.org/washingtondc/listing/allstate-sales-group,evitp.org,2026-08-31
38.907192,-77.036871,washington-dc,"I.B. Abel, Inc.","Washington, D.C., USA",17178942988,wboyer@ib-abel.com,https://www.ib-abel.com/,Waylon Boyer,https://evitp.org/washingtondc/listing/i-b-abel-inc,evitp.org,2026-08-31
38.907192,-77.036871,washington-dc,"Little's Quality Contracting, LLC","Washington D.C., USA",7033988496,david@lqcontracting.com,https://lqcontracting.com/,David Little,https://evitp.org/washingtondc/listing/littles-quality-contracting-llc,evitp.org,2026-08-31
38.907192,-77.036871,washington-dc,Matrix NAC,"District of Columbia, USA",6108769292,stevenlamastra@matrixservicecompany.com,https://www.matrixnac.com/,Steven LaMastra,https://evitp.org/washingtondc/listing/matrix-nac,evitp.org,2026-08-31
38.907192,-77.036871,washington-dc,Miller Electric Company,"Washington, D.C., USA",9048324423,mhall@mecojax.com,https://www.mecojax.com/,Mike Hall,https://evitp.org/washingtondc/listing/miller-electric-company,evitp.org,2026-08-31
38.911467,-77.030691,washington-dc,New River Electrical Corporation,"Washington, D.C., USA",5405267501,ahartsfield@nrec.net,https://www.newriverelectrical.com/,Jonathan Aaron Hartsfield,https://evitp.org/washingtondc/listing/new-river-electrical-corporation,evitp.org,2026-08-31
38.905985,-77.033418,washington-dc,Precise Building Services,"Washington D.C., DC, USA",2028272214,service@precisebuildingservices.com,https://precisebuildingservices.com/,Ariel Aklilu,https://evitp.org/washingtondc/listing/precise-building-services,evitp.org,2026-08-31
38.907192,-77.036871,washington-dc,Richardson-Wayland Electrical Company,"Washington D.C., DC, USA",5044393565,adarensbourg@rwec.com,https://rwec.com/,Anthony D’Arensbourg,https://evitp.org/washingtondc/listing/richardson-wayland-electrical-company,evitp.org,2026-08-31
38.907192,-77.036871,washington-dc,"Riggs Distler & Co., inc.","Washington, D.C., USA",16093525070,jsimpson@riggsdistler.com,https://rwec.com/,Jeffrey Simpson,https://evitp.org/washingtondc/listing/riggs-distler-co-inc,evitp.org,2026-08-31
38.907192,-77.036871,washington-dc,"Salone Solutions, LLC","Washington D.C., USA",5406992731,info@salonesolutions.com,,Leslie Salone,https://evitp.org/washingtondc/listing/salone-solutions-llc,evitp.org,2026-08-31
38.907192,-77.036871,washington-dc,Sargent Electric Company,"Washington, District of Columbia, USA",4123947600,info@sargentelectric.com,https://www.sargentelectric.com/,,https://evitp.org/washingtondc/listing/sargent-electric-company,evitp.org,2026-08-31
38.905985,-77.033418,washington-dc,"Total Power & Electrical Solutions, Inc.","Washington D.C., USA",6094966517,krodgers@totalpower-inc.com,https://totalpower-inc.com/,"Keith Rodgers              
             
                             
         
     
 
     
     
         
             
                  Redo search when map moved 
             
              
         
     
 
 
 
 
     
         Showing 13 results 
     
  
 
 											 

									 
					 
			 
   
    

	 
		 

			 
	 
		
		 
			 

				
 
			 
			 			  
	   


 
 

 
	   


The Electric Vehicle Infrastructure Training Program (EVITP) provides training and certification for electricians installing electric vehicle supply equipment (EVSE).  
		 		 
			 
					 
			 
			 			  
		 		 
			 
			  Contact Info 			  
	 
		 
			  		 
	 
	  Canada: www.NETCO.org 
 

 
	 
		 
			  		 
	 
	  United States:  EVITP, 811 N. Main Street, Suite 202,                     Royal Oak, MI  48067
 
 

 
	 
		 
			  		 
	 
	   info@evitp.org 
  
		 		 
	 			 
		 
		 
 


 
			 
			 

			
			 

			 
	 
		 Copyright © 2026 EVITP - ALL RIGHTS RESERVED -  TERMS OF USE  	 
	 
			 
 
			 

				 
		 
	 
		 
	 

   
   
 
{""prefetch"":[{""source"":""document"",""where"":{""and"":[{""href_matches"":""/*""},{""not"":{""href_matches"":[""/wp-*.php"",""/wp-admin/*"",""/wp-content/uploads/*"",""/wp-content/*"",""/wp-content/plugins/*"",""/wp-content/themes/siennawp/*"",""/*\\?(.+)""]}},{""not"":{""selector_matches"":""a[rel~=\""nofollow\""]""}},{""not"":{""selector_matches"":"".no-prefetch, .no-prefetch a""}}]},""eagerness"":""conservative""}]}
 
		  
		 
jQuery(document).ready(function($) {
SABAI.init($(""#sabai-content""));
});
   
  
  
  
  
  
  
 
wp.i18n.setLocaleData( { 'text direction\u0004ltr': [ 'ltr' ] } );
//# sourceURL=wp-i18n-js-after
 
  
 
var wpcf7 = {
    ""api"": {
        ""root"": ""https:\/\/evitp.org\/wp-json\/"",
        ""namespace"": ""contact-form-7\/v1""
    }
};
//# sourceURL=contact-form-7-js-before
 
  
 
var cf7appsHoneypotRefill = {""forceRefillOnInit"":""""};
//# sourceURL=cf7apps-honeypot-refill-js-extra
 
  
  
  
 
var mejsL10n = {""language"":""en"",""strings"":{""mejs.download-file"":""Download File"",""mejs.install-flash"":""You are using a browser that does not have Flash player enabled or installed. Please turn on your Flash player plugin or download the latest version from https://get.adobe.com/flashplayer/"",""mejs.fullscreen"":""Fullscreen"",""mejs.play"":""Play"",""mejs.pause"":""Pause"",""mejs.time-slider"":""Time Slider"",""mejs.time-help-text"":""Use Left/Right Arrow keys to advance one second, Up/Down arrows to advance ten seconds."",""mejs.live-broadcast"":""Live Broadcast"",""mejs.volume-help-text"":""Use Up/Down Arrow keys to increase or decrease volume."",""mejs.unmute"":""Unmute"",""mejs.mute"":""Mute"",""mejs.volume-slider"":""Volume Slider"",""mejs.video-player"":""Video Player"",""mejs.audio-player"":""Audio Player"",""mejs.captions-subtitles"":""Captions/Subtitles"",""mejs.captions-chapters"":""Chapters"",""mejs.none"":""None"",""mejs.afrikaans"":""Afrikaans"",""mejs.albanian"":""Albanian"",""mejs.arabic"":""Arabic"",""mejs.belarusian"":""Belarusian"",""mejs.bulgarian"":""Bulgarian"",""mejs.catalan"":""Catalan"",""mejs.chinese"":""Chinese"",""mejs.chinese-simplified"":""Chinese (Simplified)"",""mejs.chinese-traditional"":""Chinese (Traditional)"",""mejs.croatian"":""Croatian"",""mejs.czech"":""Czech"",""mejs.danish"":""Danish"",""mejs.dutch"":""Dutch"",""mejs.english"":""English"",""mejs.estonian"":""Estonian"",""mejs.filipino"":""Filipino"",""mejs.finnish"":""Finnish"",""mejs.french"":""French"",""mejs.galician"":""Galician"",""mejs.german"":""German"",""mejs.greek"":""Greek"",""mejs.haitian-creole"":""Haitian Creole"",""mejs.hebrew"":""Hebrew"",""mejs.hindi"":""Hindi"",""mejs.hungarian"":""Hungarian"",""mejs.icelandic"":""Icelandic"",""mejs.indonesian"":""Indonesian"",""mejs.irish"":""Irish"",""mejs.italian"":""Italian"",""mejs.japanese"":""Japanese"",""mejs.korean"":""Korean"",""mejs.latvian"":""Latvian"",""mejs.lithuanian"":""Lithuanian"",""mejs.macedonian"":""Macedonian"",""mejs.malay"":""Malay"",""mejs.maltese"":""Maltese"",""mejs.norwegian"":""Norwegian"",""mejs.persian"":""Persian"",""mejs.polish"":""Polish"",""mejs.portuguese"":""Portuguese"",""mejs.romanian"":""Romanian"",""mejs.russian"":""Russian"",""mejs.serbian"":""Serbian"",""mejs.slovak"":""Slovak"",""mejs.slovenian"":""Slovenian"",""mejs.spanish"":""Spanish"",""mejs.swahili"":""Swahili"",""mejs.swedish"":""Swedish"",""mejs.tagalog"":""Tagalog"",""mejs.thai"":""Thai"",""mejs.turkish"":""Turkish"",""mejs.ukrainian"":""Ukrainian"",""mejs.vietnamese"":""Vietnamese"",""mejs.welsh"":""Welsh"",""mejs.yiddish"":""Yiddish""}};
//# sourceURL=mediaelement-core-js-before
 
  
  
 
var _wpmejsSettings = {""pluginPath"":""/wp-includes/js/mediaelement/"",""classPrefix"":""mejs-"",""stretching"":""responsive"",""audioShortcodeLibrary"":""mediaelement"",""videoShortcodeLibrary"":""mediaelement""};
//# sourceURL=mediaelement-js-extra
 
  
  
  
  
  
  
  
  
  
  
  
  
  
  
  
  
  
  
  
  
  
  
  
  
  
  
  
  
  
  
  
  
 
var mkdfGlobalVars = {""vars"":{""mkdfAddForAdminBar"":0,""mkdfElementAppearAmount"":-150,""mkdfFinishedMessage"":""No more posts"",""mkdfMessage"":""Loading new posts..."",""mkdfTopBarHeight"":42,""mkdfStickyHeaderHeight"":0,""mkdfStickyHeaderTransparencyHeight"":60,""mkdfLogoAreaHeight"":0,""mkdfMenuAreaHeight"":131,""mkdfMobileHeaderHeight"":100}};
var mkdfPerPageVars = {""vars"":{""mkdfStickyScrollAmount"":450,""mkdfStickyScrollAmountFullScreen"":false,""mkdfHeaderTransparencyHeight"":0}};
//# sourceURL=sienna-mikado-modules-js-extra
 
  
  
  
 
var mkdfLike = {""ajaxurl"":""https://evitp.org/wp-admin/admin-ajax.php""};
//# sourceURL=sienna-mikado-like-js-extra
 
  
 
var GEM = {""thankyou"":""Thank you for signing up!"",""thankyou_suppressed"":""Thank you for signing up! Please check your email to confirm your subscription."",""oops"":""Oops! There was a problem. Please try again."",""email"":""Please enter a valid email address."",""required"":""%s is a required field.""};
//# sourceURL=gem-main-js-extra
 
  
  
  
 
var wpcf7_recaptcha = {
    ""sitekey"": ""6LdAGgcgAAAAALmBeuQZgYH6HTEI3KlPBF86-YxA"",
    ""actions"": {
        ""homepage"": ""homepage"",
        ""contactform"": ""contactform""
    }
};
//# sourceURL=wpcf7-recaptcha-js-before
 
  
 
{""baseUrl"":""https://s.w.org/images/core/emoji/17.0.2/72x72/"",""ext"":"".png"",""svgUrl"":""https://s.w.org/images/core/emoji/17.0.2/svg/"",""svgExt"":"".svg"",""source"":{""concatemoji"":""https://evitp.org/wp-includes/js/wp-emoji-release.min.js?ver=7.0.4""}}
 
 
/*! This file is auto-generated */
var e=""script#wp-emoji-settings"",t=document.querySelector(e);if(!(t instanceof HTMLScriptElement))throw new Error(""Element missing: ""+e);const r=JSON.parse(t.text),s=(window._wpemojiSettings=r,""wpEmojiSettingsSupports""),o=[""flag"",""emoji""];function i(e){try{var t={supportTests:e,timestamp:(new Date).valueOf()};sessionStorage.setItem(s,JSON.stringify(t))}catch(e){}}function c(e,t,n){e.clearRect(0,0,e.canvas.width,e.canvas.height),e.fillText(t,0,0);t=new Uint32Array(e.getImageData(0,0,e.canvas.width,e.canvas.height).data);e.clearRect(0,0,e.canvas.width,e.canvas.height),e.fillText(n,0,0);const r=new Uint32Array(e.getImageData(0,0,e.canvas.width,e.canvas.height).data);return t.every((e,t)=>e===r[t])}function p(e,t){e.clearRect(0,0,e.canvas.width,e.canvas.height),e.fillText(t,0,0);var n=e.getImageData(16,16,1,1);for(let e=0;e {o[e]=t(s,e,n,r)}),o}function a(e){var t=document.createElement(""script"");t.src=e,t.defer=!0,document.head.appendChild(t)}r.supports={everything:!0,everythingExceptFlag:!0},new Promise(t=>{let n=function(){try{var e=JSON.parse(sessionStorage.getItem(s));if(""object""==typeof e&&""number""==typeof e.timestamp&&(new Date).valueOf() {i(n=e.data),a.terminate(),t(n)})}catch(e){}i(n=f(o,u,c,p))}t(n)}).then(e=>{for(const n in e)r.supports[n]=e[n],r.supports.everything=r.supports.everything&&r.supports[n],""flag""!==n&&(r.supports.everythingExceptFlag=r.supports.everythingExceptFlag&&r.supports[n]);var t;r.supports.everythingExceptFlag=r.supports.everythingExceptFlag&&!r.supports.flag,r.supports.everything||((t=r.source||{}).concatemoji?a(t.concatemoji):t.wpemoji&&t.twemoji&&(a(t.twemoji),a(t.wpemoji)))});
//# sourceURL=https://evitp.org/wp-includes/js/wp-emoji-loader.min.js
 
 			  
			 
				/* @v3-js:start */
					let c4wp_onloadCallback = function() {
						for ( var i = 0; i   {
						if ( typeof jQuery !== 'undefined' && jQuery( 'input[id*=""c4wp-wc-checkout""]' ).length ) {
							var element = document.createElement('div');
							var html = '     ';
							element.innerHTML = html;
							jQuery( '[class*=""c4wp-wc-checkout""]' ).append( element );
							jQuery( '[class*=""c4wp-wc-checkout""]' ).find('*').off();
							c4wp_onloadCallback();
						}
					});
				/* @v3-js:end */",https://evitp.org/washingtondc/listing/total-power-electrical-solutions-inc,evitp.org,2026-08-31
